repo_id,repo_name,organization,category,subcategory,popularity_tier,stars,forks,watchers,open_issues,closed_issues,open_pull_requests,merged_pull_requests,contributors_count,total_commits,primary_language,secondary_languages,framework_dependency,license_type,first_commit_date,last_commit_date,repo_age_days,is_actively_maintained,monthly_downloads,monthly_active_users,release_count,avg_issue_response_hours,code_size_kb,has_documentation,has_ci_cd,has_docker_support,has_unit_tests,has_changelog,has_arxiv_paper,has_live_demo,has_api,has_cli,has_gui,readme_quality,community_sentiment_score,package_manager,minimum_python_version,hardware_requirement,cloud_integration,repo_health_score
R00001,open-chat,ibm-research,MLOps & Infrastructure,Data Versioning,moderate,1121,108,15,22,246,1,9,7,124,C++,None,PyTorch,Apache-2.0,2023-04-05,2023-08-17,134,False,5785,206,0,189.6,63,True,True,False,True,True,False,False,True,False,False,Excellent,0.636,npm,N/A,CPU+GPU,Replicate,42.1
R00002,micro-infer-py,wandb,Audio & Speech,Speech Recognition,niche,231,36,9,3,26,0,0,1,10,Python,Zig|Rust,None/Custom,Apache-2.0,2019-04-06,2020-06-05,426,False,774,26,3,124.4,242,False,True,False,False,False,False,False,False,True,False,Good,0.998,conda,3.9+,CPU,Replicate,21.8
R00003,easy-token-lib,weaviate,Audio & Speech,Music Generation,popular,7270,2346,204,156,1366,7,204,36,252,C++,None,PyTorch,GPL-3.0,2022-07-08,2024-02-04,576,False,26555,3147,7,243.0,435,True,True,True,True,False,False,True,True,False,True,Poor,0.675,source-only,N/A,CPU+GPU,Replicate,62.4
R00004,deep-graph-craft,research-lab-27,Audio & Speech,Text-to-Speech,niche,374,58,11,4,49,0,0,1,10,Java,None,PyTorch,MIT,2020-08-06,2022-11-24,840,False,2068,256,16,281.3,182,False,True,False,False,False,False,False,True,False,False,Poor,0.674,npm,N/A,CUDA GPU,Replicate,32.1
R00005,MMT,indie-dev-4,AI Safety & Interpretability,Guardrails,new,13,0,0,3,30,5,135,2,60,Java,None,None/Custom,Apache-2.0,2021-03-16,2021-05-08,53,False,15,18,0,100.0,1607,True,True,False,False,False,False,False,False,False,False,Average,0.659,cargo,N/A,AMD ROCm,Azure,29.3
R00006,poly-serve-box,research-lab-13,Generative AI,Diffusion Models,niche,271,56,10,2,12,1,11,4,63,Python,None,Flax,LGPL-3.0,2018-08-20,2024-03-12,2031,False,828,55,35,113.2,387,True,True,False,False,True,False,True,False,False,True,Good,0.656,docker-only,3.9+,AMD ROCm,Together AI,44.5
R00007,GRYX,indie-dev-42,MLOps & Infrastructure,Pipeline Orchestration,moderate,2523,734,58,49,612,4,31,16,254,Python,Go,PyTorch,Apache-2.0,2022-07-14,2024-09-15,794,False,14837,621,7,317.6,20,False,True,True,True,False,False,False,False,True,False,Average,0.772,npm,3.12+,CUDA GPU,Modal,41.2
R00008,merge-flow,mlflow,MLOps & Infrastructure,Model Serving,moderate,1525,507,49,17,114,3,37,4,186,Python,Rust|R|Zig,CUDA,MIT,2022-05-23,2024-11-20,912,False,858,42,7,176.8,226,True,True,False,True,True,False,False,True,True,False,Good,0.721,conda,3.12+,CPU+GPU,AWS,47.4
R00009,CYH,indie-dev-64,Large Language Models,Evaluation & Benchmarks,moderate,1620,151,71,27,137,2,41,10,297,Java,None,PyTorch,MIT,2020-05-25,2021-09-04,467,False,19395,1914,5,108.2,276,True,False,False,True,False,False,False,False,False,False,Good,0.858,pip,N/A,CPU,Hugging Face,36.3
R00010,fast-grad,startup-38,AI Safety & Interpretability,Guardrails,moderate,1821,461,20,19,197,4,58,6,35,Python,C++,JAX,BSD-3-Clause,2020-12-15,2021-12-02,352,False,2188,308,2,138.4,325,True,True,False,True,False,False,False,False,False,False,Good,0.803,cargo,3.10+,Multi-GPU,None,44.9
R00011,trainspark,indie-dev-20,Reinforcement Learning,Environments & Simulators,niche,301,62,8,5,32,1,27,4,70,Python,None,JAX,MIT,2023-06-07,2023-09-19,104,False,379,50,2,228.8,655,False,True,True,True,True,True,False,True,False,False,Missing,0.847,pip,3.12+,CPU+GPU,Together AI,31.2
R00012,next-data-kit,startup-47,Reinforcement Learning,Game AI,viral,75895,3909,1613,1057,11072,219,2393,214,9832,Rust,Go|Lua|Java,PyTorch,GPL-3.0,2016-03-14,2024-08-09,3070,False,87660,4870,73,246.9,832,True,True,False,True,True,False,True,True,False,False,Good,0.861,brew,N/A,Multi-GPU,Together AI,84.1
R00013,genai,startup-46,Computer Vision,Image Segmentation,niche,249,32,6,3,40,1,17,1,14,Python,None,JAX,MIT,2022-10-01,2023-09-01,335,False,1279,116,3,83.2,157,True,True,False,False,False,False,False,True,True,False,Poor,0.867,npm,3.12+,TPU,Multi-cloud,32.2
R00014,flow-flow,startup-8,Natural Language Processing,Machine Translation,viral,43981,14607,3376,724,1593,82,2391,323,4237,Go,None,Keras,MIT,2018-09-22,2023-06-04,1716,False,276638,40086,30,134.0,1753,True,True,False,False,True,False,True,True,False,False,Excellent,0.669,pip+conda,N/A,CUDA GPU,Hugging Face,71.9
R00015,dyna-audio-cpp,indie-dev-70,Audio & Speech,Speaker Diarization,moderate,1906,630,111,21,209,6,141,3,26,Python,TypeScript|Scala,Triton,MIT,2019-06-26,2025-07-30,2226,True,6019,647,56,11.1,1481,True,True,False,True,False,False,False,False,True,False,Excellent,0.629,cargo,3.12+,CPU+GPU,Hugging Face,73.2
R00016,audiospark,indie-dev-20,Audio & Speech,Voice Cloning,new,30,8,1,9,122,4,53,21,558,Python,Lua|Julia,JAX,MIT,2022-06-10,2023-03-22,285,False,172,10,1,182.4,476,False,True,False,True,False,False,False,True,True,False,Average,0.393,brew,3.11+,Apple Silicon,Modal,32.2
R00017,prune-base,indie-dev-12,Large Language Models,Fine-tuning Tools,niche,361,21,4,7,25,2,20,1,11,C++,R,PyTorch,Unlicense,2020-10-12,2024-08-01,1389,False,1231,119,46,554.7,2567,True,True,False,False,False,False,False,False,False,False,Good,0.844,pip,N/A,CUDA GPU,GCP,43.6
R00018,netlib,langchain-ai,Generative AI,3D Generation,new,11,3,0,3,6,3,87,1,10,Python,C|Scala|Java,Triton,CC-BY-4.0,2021-04-02,2022-09-24,540,False,29,39,10,216.3,118,False,False,False,False,False,False,False,False,False,False,Good,0.433,brew,3.12+,CPU+GPU,Multi-cloud,14.3
R00019,easy-audio-js,indie-dev-25,MLOps & Infrastructure,Pipeline Orchestration,moderate,1987,525,111,63,626,1,13,2,37,Python,Lua|TypeScript,None/Custom,MIT,2018-08-02,2024-09-21,2242,False,3672,426,39,209.7,164,True,True,False,True,False,False,False,False,False,False,Good,0.711,docker-only,3.10+,CPU,Replicate,58.3
R00020,rlbox,indie-dev-64,Graph & Geometric ML,Knowledge Graphs,niche,163,29,6,4,10,3,43,1,37,Python,R|Zig|Kotlin,None/Custom,LGPL-3.0,2017-06-17,2020-08-07,1147,False,518,67,7,543.5,870,False,False,False,False,False,False,True,True,False,False,Good,0.75,brew,3.9+,Apple Silicon,Hugging Face,12.8
R00021,poly-prompt-cpp,startup-33,Data Engineering,Synthetic Data,viral,53092,11984,4025,345,3137,305,8703,58,1875,Python,Go|R,PyTorch,Proprietary,2015-12-02,2021-04-10,1956,False,247142,33796,25,159.1,236,True,True,True,True,False,False,True,True,False,False,Good,0.689,conda,3.9+,Apple Silicon,Azure,79.8
R00022,auto-grad-ai,research-lab-33,Reinforcement Learning,Policy Optimization,new,20,1,1,6,66,0,0,1,12,Rust,None,PyTorch,BSD-3-Clause,2019-03-18,2023-09-27,1654,False,86,19,12,224.7,1431,False,False,True,False,False,True,False,True,False,False,Poor,0.61,brew,N/A,CPU+GPU,GCP,18.3
R00023,tokenpulse,THUDM,AI Safety & Interpretability,Watermarking,new,18,6,0,8,51,4,113,2,21,Go,Swift|Kotlin,Keras,GPL-3.0,2019-11-19,2021-12-09,751,False,43,20,13,291.0,1327,False,False,True,False,False,False,False,True,True,False,Good,0.761,source-only,N/A,CUDA GPU,None,18.6
R00024,micro-opt-cpp,indie-dev-72,Generative AI,Diffusion Models,moderate,1764,562,65,67,524,6,73,7,72,Python,Zig|Go|Lua,TensorFlow,BSD-3-Clause,2017-02-21,2018-03-08,380,False,17656,2036,6,92.4,1062,True,True,True,False,False,False,False,False,True,False,Average,0.718,docker-only,3.11+,Apple Silicon,None,37.6
R00025,mini-model-py,startup-10,Audio & Speech,Speech Recognition,popular,6285,1350,257,96,318,24,170,24,583,C++,Swift|Julia|Lua,JAX,AGPL-3.0,2021-01-03,2025-05-12,1590,False,12224,1528,13,186.0,660,True,False,False,True,True,False,False,True,True,True,Good,0.503,brew,N/A,CUDA GPU,GCP,52.4
R00026,swift-code,indie-dev-52,AI Safety & Interpretability,Red Teaming,new,14,4,1,1,3,2,48,1,33,C,Java,TensorFlow,GPL-3.0,2018-10-27,2020-12-20,785,False,5,43,7,368.3,497,True,True,False,True,False,True,False,False,False,False,Average,0.364,brew,N/A,TPU,None,42.9
R00027,JSTB,startup-15,Graph & Geometric ML,Graph Neural Networks,popular,8828,752,489,81,462,21,561,66,2483,Python,None,PyTorch,MIT,2017-05-01,2024-06-05,2592,False,33136,673,38,169.1,533,True,True,True,True,True,False,False,False,False,False,Poor,1.0,cargo,3.12+,CPU+GPU,Replicate,77.8
R00028,rapid-net,startup-31,Large Language Models,Prompt Engineering,niche,323,60,17,14,78,0,0,3,50,Python,None,JAX,Unlicense,2016-08-05,2017-06-23,322,False,115,10,1,129.2,772,False,True,False,True,False,True,False,True,False,False,Average,0.806,pip,3.10+,AMD ROCm,GCP,30.2
R00029,diff-craft,research-lab-7,Natural Language Processing,Question Answering,moderate,2580,834,174,58,860,4,35,4,180,TypeScript,Swift|Julia|C++,CUDA,Apache-2.0,2015-06-14,2024-02-02,3155,False,1395,203,41,330.6,698,False,False,False,False,False,True,False,True,False,False,Good,0.352,pip,N/A,CPU+GPU,Modal,29.9
R00030,lite-agent,startup-17,Audio & Speech,Speech Recognition,moderate,1220,81,86,8,62,3,24,6,92,Go,Swift|Kotlin|Python,PyTorch,Apache-2.0,2019-07-14,2025-05-20,2137,False,4127,173,44,217.3,3178,False,False,False,True,False,False,False,False,True,False,Average,0.596,npm,N/A,CUDA GPU,None,36.9
R00031,RNC,indie-dev-58,MLOps & Infrastructure,Model Serving,niche,243,50,15,10,133,2,30,3,46,Go,Julia|C|Lua,PyTorch,LGPL-3.0,2016-04-26,2023-08-31,2683,False,1389,150,22,333.0,331,False,True,False,True,False,False,False,False,True,False,Good,0.46,docker-only,N/A,CPU+GPU,AWS,45.1
R00032,uni-doc-craft,startup-41,Graph & Geometric ML,Molecular ML,niche,490,157,16,15,198,0,0,8,125,Python,Zig|C|Kotlin,TensorFlow,Apache-2.0,2016-08-31,2021-10-03,1859,False,267,19,20,163.4,811,True,False,False,True,False,True,False,False,False,False,Average,0.888,brew,3.9+,CPU+GPU,AWS,46.1
R00033,prune-craft,startup-43,Audio & Speech,Speech Recognition,moderate,983,71,18,6,81,1,16,6,51,Python,None,PyTorch,MIT,2024-06-23,2025-03-05,255,False,1100,40,1,216.2,255,False,False,True,False,False,False,False,True,True,False,Average,0.505,pip,3.11+,Apple Silicon,GCP,12.6
R00034,code-rs,prefecthq,Computer Vision,3D Vision,moderate,1620,325,94,14,174,2,47,4,68,C++,Lua,PyTorch,MIT,2023-07-12,2025-05-20,678,False,2859,176,31,126.0,344,True,True,False,False,False,False,False,True,True,False,Good,0.626,cargo,N/A,Multi-GPU,Modal,47.9
R00035,HOU,indie-dev-5,Reinforcement Learning,Environments & Simulators,niche,114,6,3,9,30,3,48,1,18,Swift,None,PyTorch,Apache-2.0,2022-06-24,2022-08-12,49,False,1047,88,0,112.0,399,True,False,False,False,False,False,False,True,False,False,Average,0.713,docker-only,N/A,AMD ROCm,None,18.0
R00036,flex-tune,research-lab-4,Reinforcement Learning,Game AI,moderate,1351,116,97,25,306,1,18,2,82,TypeScript,None,MLX,BSD-3-Clause,2024-09-13,2025-09-29,381,True,4039,372,10,16.9,313,False,False,False,True,False,True,False,True,False,False,Average,0.62,conda,N/A,CUDA GPU,AWS,44.6
R00037,omni-guard-ml,startup-7,Graph & Geometric ML,Point Cloud Processing,moderate,2534,397,200,37,122,4,36,58,375,Swift,C++|TypeScript,PyTorch,Apache-2.0,2016-06-22,2017-07-26,399,False,4065,146,3,111.0,24,False,True,False,False,False,False,False,False,False,False,Excellent,0.823,npm,N/A,CPU,Multi-cloud,30.8
R00038,genstudio,meta-llama,Computer Vision,3D Vision,new,22,7,1,3,12,3,65,1,10,Python,None,PyTorch,Apache-2.0,2017-12-19,2024-01-24,2227,False,140,19,65,466.7,1531,False,True,False,False,False,False,False,False,False,False,Good,0.348,pip+conda,3.10+,Multi-GPU,GCP,33.1
R00039,gpt-ml,aws,Reinforcement Learning,Environments & Simulators,moderate,1289,260,34,6,34,1,17,1,17,Java,Julia|R,Triton,BSD-3-Clause,2016-02-03,2018-10-21,991,False,5054,427,8,156.0,242,False,False,False,False,False,False,False,False,True,False,Good,0.834,cargo,N/A,TPU,Hugging Face,17.2
R00040,multi-token,indie-dev-31,Generative AI,Creative AI,niche,339,64,13,2,25,1,9,5,106,Python,None,Triton,Unlicense,2015-09-06,2020-03-23,1660,False,1112,21,47,214.4,433,True,True,False,False,True,False,False,False,True,False,Average,0.737,cargo,3.9+,AMD ROCm,Hugging Face,45.4
R00041,opt-ai,bytedance,Reinforcement Learning,Robotics Control,new,20,1,1,5,33,0,0,1,17,C++,Java,None/Custom,MIT,2021-01-21,2022-07-18,543,False,478,31,13,148.3,222,True,True,True,False,False,False,False,False,False,True,Average,0.054,pip,N/A,AMD ROCm,Together AI,38.6
R00042,easy-bert-ml,indie-dev-49,AI Safety & Interpretability,Red Teaming,moderate,1762,210,128,3,41,2,56,33,814,Python,None,PyTorch,MIT,2022-09-11,2023-05-20,251,False,7042,689,2,108.5,921,False,True,True,False,False,False,False,False,False,False,Excellent,0.907,cargo,3.8+,Multi-GPU,Replicate,27.6
R00043,netflow,indie-dev-42,Audio & Speech,Audio Classification,niche,295,28,9,1,2,2,53,1,24,Python,Java|TypeScript,None/Custom,Apache-2.0,2019-08-31,2020-10-23,419,False,1322,76,3,319.7,299,True,True,False,False,False,True,True,False,False,False,Good,0.637,pip,3.11+,CPU+GPU,None,29.6
R00044,LDSQ,research-lab-28,MLOps & Infrastructure,Feature Stores,niche,389,100,18,1,4,1,15,5,47,Julia,Java|Rust|Go,JAX,Unlicense,2020-05-29,2021-09-30,489,False,2691,200,26,183.9,391,False,False,False,False,False,True,False,False,True,False,Average,0.727,source-only,N/A,Apple Silicon,Hugging Face,24.3
R00045,hyper-infer,tensorflow,Graph & Geometric ML,Molecular ML,new,26,6,1,0,0,0,0,1,10,TypeScript,Swift|Java,PyTorch,Apache-2.0,2016-08-04,2024-12-25,3065,False,124,8,36,184.2,448,True,False,False,False,True,False,True,True,False,False,Average,0.656,docker-only,N/A,TPU,Multi-cloud,25.2
R00046,LND,research-lab-33,Reinforcement Learning,Reward Modeling,popular,9202,2092,349,68,845,28,783,110,1500,Python,Kotlin,CUDA,MIT,2021-08-26,2024-06-17,1026,False,2710,158,6,317.0,82,True,True,False,True,True,True,True,True,True,False,Good,0.681,conda,3.10+,AMD ROCm,Replicate,72.2
R00047,smart-bert,startup-40,AI Safety & Interpretability,Explainability,niche,249,49,9,4,38,0,0,1,13,Python,Kotlin|Julia|C++,TensorFlow,Proprietary,2018-07-06,2025-01-18,2388,False,1252,38,24,112.7,500,True,False,False,False,False,False,True,True,False,True,Poor,0.744,cargo,3.10+,Multi-GPU,Hugging Face,34.6
R00048,audio-stack,indie-dev-70,Computer Vision,Super Resolution,niche,276,31,20,1,2,3,19,1,10,Python,None,ONNX,MIT,2017-03-05,2021-03-05,1461,False,273,32,3,336.4,41,True,True,True,True,False,True,False,False,False,False,Average,0.534,source-only,3.12+,Multi-GPU,Hugging Face,39.6
R00049,guard-x,research-lab-21,AI Safety & Interpretability,Red Teaming,niche,239,73,18,1,10,0,0,1,10,Rust,Julia,TensorFlow,MIT,2018-05-25,2021-07-23,1155,False,668,73,13,160.7,214,True,True,False,False,True,False,False,False,False,False,Excellent,0.611,cargo,N/A,CPU+GPU,Hugging Face,39.4
R00050,QEBO,startup-2,Computer Vision,Face Recognition,niche,222,54,5,1,11,1,14,1,12,C++,Swift|Mojo|C,JAX,MIT,2015-12-12,2021-09-07,2096,False,857,88,13,120.9,67,True,True,False,True,False,False,False,True,True,False,Good,0.985,npm,N/A,Multi-GPU,Hugging Face,49.5
R00051,swift-infer,research-lab-27,Audio & Speech,Music Generation,new,20,2,0,4,40,4,60,2,11,C++,Kotlin|R|Java,Keras,BSD-3-Clause,2022-10-31,2025-02-09,832,False,109,9,6,69.9,1604,False,False,False,False,False,False,False,True,True,False,Poor,0.494,cargo,N/A,TPU,Multi-cloud,13.8
R00052,infer-x,indie-dev-69,Reinforcement Learning,Game AI,new,21,2,1,1,3,5,129,1,10,Python,None,PyTorch,Apache-2.0,2023-08-24,2025-03-28,582,False,132,19,6,88.2,70,True,False,False,False,True,False,False,False,True,False,Good,0.61,cargo,3.11+,Multi-GPU,Together AI,22.1
R00053,doc-base,research-lab-33,MLOps & Infrastructure,Model Monitoring,niche,415,46,4,8,78,0,0,3,52,Python,C|Mojo,TensorFlow,MIT,2021-05-25,2023-12-13,932,False,2073,142,2,203.5,329,True,False,False,True,False,False,False,False,False,True,Excellent,0.75,brew,3.10+,CUDA GPU,Together AI,31.7
R00054,bench-x,startup-46,MLOps & Infrastructure,Hyperparameter Tuning,niche,215,29,7,4,37,2,56,1,10,Python,Go|Kotlin,CUDA,Apache-2.0,2018-12-02,2019-04-20,139,False,475,53,0,227.6,496,True,False,False,False,False,True,False,False,False,True,Average,0.621,pip,3.12+,TPU,GCP,19.6
R00055,micro-graph,startup-6,Large Language Models,Agents & Tool Use,niche,435,35,6,15,164,0,0,1,14,Python,None,PyTorch,MIT,2021-10-29,2024-11-12,1110,False,874,106,21,97.5,60,True,False,False,True,False,False,False,False,False,False,Good,0.892,source-only,3.12+,CPU,Multi-cloud,45.1
R00056,FVVC,tensorflow,Generative AI,VAEs,popular,8735,921,418,133,1660,33,865,71,1337,Python,None,JAX,Apache-2.0,2020-11-24,2024-01-12,1144,False,75804,3407,12,78.3,1335,True,True,False,True,True,False,True,False,False,False,Average,0.74,pip,3.9+,Apple Silicon,Hugging Face,72.8
R00057,UFYV,indie-dev-62,AI Safety & Interpretability,Watermarking,popular,5840,1911,455,94,1241,9,231,67,981,Go,Python|Julia,PyTorch,AGPL-3.0,2022-01-31,2023-03-10,403,False,42515,645,6,83.2,143,True,True,True,True,False,False,True,False,True,False,Excellent,0.912,source-only,N/A,Multi-GPU,None,62.2
R00058,omni-token,startup-10,Data Engineering,Data Cleaning,niche,255,54,16,0,0,0,0,1,27,Python,Swift|Java|C,PyTorch,MIT,2019-12-07,2024-05-07,1613,False,1373,180,18,240.0,2169,True,True,False,True,False,True,False,True,False,False,Good,0.617,brew,3.10+,TPU,AWS,44.1
R00059,pro-bench-cpp,research-lab-31,Natural Language Processing,Sentiment Analysis,niche,500,156,39,13,97,0,0,1,11,Python,None,ONNX,Proprietary,2022-02-24,2024-07-04,861,False,3317,197,5,101.6,49,True,False,False,True,True,False,False,True,False,False,Average,0.539,brew,3.10+,Apple Silicon,GCP,33.7
R00060,QLM,indie-dev-11,Audio & Speech,Speaker Diarization,niche,407,135,17,5,74,1,17,1,10,Python,Kotlin|C|C++,PyTorch,MIT,2017-10-19,2019-02-25,494,False,6176,261,3,129.7,973,True,False,True,False,False,True,False,False,False,False,Excellent,0.627,source-only,3.10+,Multi-GPU,GCP,22.5
R00061,JJFWW,indie-dev-70,Large Language Models,Model Merging,moderate,3000,776,62,46,225,19,370,9,96,Lua,None,PyTorch,Apache-2.0,2017-07-07,2018-12-16,527,False,22990,524,8,140.1,959,True,False,False,False,True,False,True,True,False,False,Good,0.883,conda,N/A,TPU,Azure,31.2
R00062,meta-audio-core,indie-dev-72,AI Safety & Interpretability,Watermarking,niche,256,41,7,8,24,1,6,1,14,Java,None,ONNX,MIT,2018-11-12,2020-05-20,555,False,265,34,3,29.5,2124,False,True,False,True,True,False,False,True,False,False,Poor,0.771,conda,N/A,Apple Silicon,None,30.4
R00063,gen-cpp,research-lab-17,Large Language Models,Prompt Engineering,moderate,2298,298,164,49,639,5,129,50,1068,Python,TypeScript|Mojo|R,ONNX,CC-BY-4.0,2020-12-25,2021-08-03,221,False,14092,1516,6,278.2,229,True,False,True,False,True,False,False,True,True,False,Average,0.792,docker-only,3.11+,CPU,None,33.4
R00064,tensorspark,indie-dev-56,Data Engineering,Synthetic Data,new,23,3,1,1,12,1,17,1,18,Python,Java,ONNX,Apache-2.0,2015-10-26,2023-08-15,2850,False,46,45,32,184.8,97,True,False,False,True,False,False,True,True,True,False,Excellent,0.649,pip+conda,3.10+,CPU,Replicate,44.4
R00065,serve-forge,replicate,Graph & Geometric ML,Point Cloud Processing,niche,500,41,31,5,32,1,7,2,41,Python,Julia|Swift,PyTorch,Proprietary,2023-07-23,2024-02-01,193,False,1807,255,2,134.4,1813,False,False,True,True,True,False,False,False,False,False,Poor,0.566,docker-only,3.9+,TPU,Hugging Face,21.3
R00066,tokenml,research-lab-5,Data Engineering,Data Labeling,popular,4363,1030,57,30,69,19,419,47,878,Python,C|Swift,None/Custom,MIT,2021-04-20,2022-06-22,428,False,12256,887,1,81.4,847,False,True,True,False,True,False,True,False,False,False,Average,0.645,pip,3.8+,AMD ROCm,AWS,31.1
R00067,embed-base,lm-sys,Generative AI,3D Generation,niche,430,56,32,1,14,2,29,6,78,Python,None,PyTorch,Apache-2.0,2021-10-19,2024-10-08,1085,False,442,21,13,164.2,374,False,False,False,False,False,False,False,False,True,False,Excellent,0.773,docker-only,3.12+,TPU,AWS,20.5
R00068,IUZY,crewai-inc,Graph & Geometric ML,Geometric Deep Learning,moderate,1802,289,127,17,75,4,97,7,142,Rust,Lua|Scala|Kotlin,PyTorch,BSD-3-Clause,2023-02-02,2023-04-25,82,False,8535,1094,2,231.7,632,True,False,True,True,False,False,False,True,False,False,Poor,0.826,pip,N/A,Multi-GPU,Azure,34.0
R00069,RKV,indie-dev-36,AI Safety & Interpretability,Guardrails,new,16,1,0,14,117,4,26,1,10,Python,R|Mojo|Lua,PyTorch,Apache-2.0,2018-07-09,2020-07-17,739,False,34,15,11,75.8,233,True,True,False,False,False,False,False,False,False,False,Poor,0.699,docker-only,3.10+,Multi-GPU,GCP,37.3
R00070,RMMLY,databricks,Large Language Models,Prompt Engineering,niche,229,52,6,3,36,0,0,1,24,Python,Lua|Swift,PyTorch,Unlicense,2018-03-24,2019-03-12,353,False,388,17,3,558.3,938,True,False,True,True,False,True,True,False,True,False,Excellent,0.987,conda,3.11+,Apple Silicon,Azure,32.0
R00071,rapid-serve,startup-45,Data Engineering,Dataset Management,viral,73367,5602,2534,602,5645,240,2400,71,583,Python,Java|Julia,ONNX,CC-BY-4.0,2024-11-06,2025-08-06,273,True,410508,13730,1,29.9,4398,True,True,True,True,False,False,True,False,True,False,Missing,0.774,npm,3.11+,TPU,None,81.9
R00072,open-doc,dmlc,Graph & Geometric ML,Geometric Deep Learning,new,35,5,2,14,110,5,105,1,33,Python,Mojo,JAX,MIT,2018-10-04,2022-01-11,1195,False,127,10,15,139.7,144,False,True,False,False,False,True,False,True,False,False,Average,0.394,pip+conda,3.11+,Multi-GPU,Together AI,30.3
R00073,deep-tune-spark,ibm-research,Computer Vision,Image Generation,new,24,5,1,7,32,0,0,5,76,Python,Java|Julia,JAX,GPL-3.0,2020-05-09,2022-04-01,692,False,81,16,2,147.7,807,False,False,True,True,False,False,False,False,False,False,Excellent,0.629,cargo,3.10+,Apple Silicon,Multi-cloud,20.3
R00074,merge-kit,research-lab-15,AI Safety & Interpretability,Watermarking,niche,130,20,10,5,57,5,85,1,10,Python,Zig|R|Go,None/Custom,BSD-3-Clause,2019-03-11,2023-12-08,1733,False,76,38,31,126.2,620,False,True,False,False,True,False,True,False,False,False,Excellent,0.8,brew,3.12+,Apple Silicon,GCP,34.6
R00075,grad-base,indie-dev-54,Computer Vision,Super Resolution,niche,166,44,3,1,14,3,28,1,17,Python,Rust|C|Swift,ONNX,Apache-2.0,2024-01-26,2024-04-21,86,False,254,32,0,73.6,414,True,True,True,True,True,False,False,False,True,False,Missing,0.879,docker-only,3.8+,TPU,Replicate,39.8
R00076,train-pulse,startup-48,Data Engineering,Synthetic Data,niche,435,43,16,9,108,0,0,1,10,Java,None,TensorFlow,BSD-3-Clause,2019-04-16,2024-05-26,1867,False,993,33,24,58.9,366,False,True,False,True,True,False,False,False,True,True,Excellent,0.905,brew,N/A,Apple Silicon,Together AI,45.2
R00077,rlops,indie-dev-57,MLOps & Infrastructure,Data Versioning,moderate,3000,300,65,128,1660,7,186,29,358,Python,None,None/Custom,MIT,2018-11-18,2020-09-13,665,False,32982,1280,5,142.7,529,False,True,False,False,True,False,True,True,False,False,Excellent,0.617,pip+conda,3.8+,Multi-GPU,Modal,31.9
R00078,rl-py,indie-dev-68,Natural Language Processing,Machine Translation,new,33,4,1,10,79,4,71,1,25,Rust,None,PyTorch,Apache-2.0,2018-03-30,2020-12-13,989,False,139,10,13,108.7,162,True,False,True,True,True,False,False,False,False,False,Good,0.629,pip+conda,N/A,Apple Silicon,Together AI,38.8
R00079,cross-eval-flow,indie-dev-36,Large Language Models,Prompt Engineering,niche,214,66,4,3,42,0,0,4,101,Python,Julia,Flax,MIT,2017-01-23,2025-08-09,3120,True,4759,626,36,16.8,633,True,True,False,False,False,True,False,True,True,False,Good,0.787,pip,3.9+,AMD ROCm,None,60.2
R00080,optwave,replicate,Natural Language Processing,Sentiment Analysis,niche,355,59,19,2,29,1,24,1,17,C++,Go|Java,PyTorch,CC-BY-4.0,2024-01-09,2025-10-01,631,True,827,73,8,37.7,66,True,True,False,False,False,False,False,False,False,False,Good,0.58,pip+conda,N/A,Apple Silicon,Modal,51.2
R00081,LJILQ,prefecthq,AI Safety & Interpretability,Red Teaming,niche,349,100,14,3,27,0,0,3,41,TypeScript,Java,PyTorch,MIT,2024-01-02,2025-05-26,510,False,202,13,4,77.3,105,False,False,True,False,False,False,False,True,True,False,Good,0.63,source-only,N/A,AMD ROCm,None,13.0
R00082,quantcore,CohereForAI,Large Language Models,Model Merging,popular,15000,3537,636,119,1041,23,311,168,4541,Python,R|Rust|C,PyTorch,LGPL-3.0,2016-07-27,2024-09-23,2980,False,44111,2789,11,346.1,8175,False,True,False,True,False,True,False,True,False,False,Average,0.829,brew,3.12+,Multi-GPU,Modal,67.2
R00083,open-rl,meta-llama,Generative AI,3D Generation,niche,348,117,3,4,20,0,0,3,70,C++,Python|C,Keras,BSD-3-Clause,2015-03-10,2021-03-16,2198,False,1815,141,13,108.7,1603,False,False,True,True,True,False,False,False,True,False,Good,0.627,brew,N/A,TPU,Multi-cloud,29.1
R00084,doc-spark,wandb,Computer Vision,Object Detection,niche,397,105,11,3,13,0,0,1,10,Python,Rust|Lua|TypeScript,PyTorch,LGPL-3.0,2019-07-19,2023-11-18,1583,False,2066,225,10,182.0,2674,False,True,False,False,False,False,False,False,False,False,Good,0.709,pip,3.10+,CPU,Azure,26.5
R00085,open-graph-craft,keras-team,Large Language Models,Evaluation & Benchmarks,niche,289,96,15,2,9,1,15,1,15,Rust,R|C,PyTorch,AGPL-3.0,2018-05-10,2020-04-04,695,False,237,30,12,146.4,1225,True,False,False,False,False,True,False,False,True,False,Missing,0.615,source-only,N/A,TPU,AWS,27.9
R00086,omni-guard-base,research-lab-1,MLOps & Infrastructure,Model Monitoring,moderate,1555,389,25,69,664,4,106,21,190,Python,C++|Zig,ONNX,AGPL-3.0,2019-03-18,2024-02-18,1798,False,2237,90,52,309.9,79,False,True,True,False,False,False,False,True,True,False,Good,0.76,npm,3.8+,Apple Silicon,GCP,39.3
R00087,bench-core,indie-dev-71,Generative AI,Code Generation,niche,265,91,5,8,60,1,29,10,92,Python,Scala,JAX,Apache-2.0,2019-07-30,2020-10-25,453,False,2398,67,3,195.5,71,True,True,False,True,False,False,False,False,True,False,Excellent,0.805,brew,3.10+,Apple Silicon,Azure,42.6
R00088,hyper-bench,indie-dev-16,Reinforcement Learning,Environments & Simulators,popular,7131,841,248,41,118,10,185,15,229,Python,Lua,ONNX,GPL-3.0,2020-06-06,2024-11-24,1632,False,43139,5746,64,211.7,122,True,True,True,False,True,False,False,True,True,False,Poor,0.535,docker-only,3.9+,AMD ROCm,Hugging Face,58.2
R00089,GPKFM,startup-8,Audio & Speech,Music Generation,niche,500,94,7,5,21,0,0,3,62,R,None,PyTorch,MIT,2022-10-17,2025-08-17,1035,True,2814,66,9,85.2,2419,False,True,False,True,False,False,False,True,False,False,Good,0.538,docker-only,N/A,CPU+GPU,GCP,51.1
R00090,quantkit,indie-dev-4,Reinforcement Learning,Robotics Control,new,16,5,1,13,114,3,61,1,31,Python,None,TensorFlow,Apache-2.0,2022-05-21,2023-05-01,345,False,55,32,3,184.9,586,False,False,False,True,False,False,False,False,False,True,Good,0.47,npm,3.10+,Multi-GPU,AWS,21.4
R00091,VUMYK,google-deepmind,Data Engineering,Data Labeling,new,16,2,0,7,41,4,59,1,15,TypeScript,Scala|Go|Swift,TensorFlow,Apache-2.0,2016-02-08,2019-02-01,1089,False,97,43,6,493.7,1364,False,True,False,True,True,False,False,True,False,True,Good,0.506,cargo,N/A,TPU,Together AI,33.2
R00092,vectorbase,startup-4,Computer Vision,Image Classification,niche,284,46,20,3,36,0,0,1,17,Python,C++|Rust|Java,ONNX,BSD-3-Clause,2022-10-24,2025-06-06,956,False,672,23,23,100.1,531,True,False,True,True,True,False,False,True,False,False,Average,0.746,pip,3.11+,TPU,Multi-cloud,44.9
R00093,gradflow,startup-0,Data Engineering,Data Labeling,new,24,5,1,8,57,5,43,1,15,Go,Zig,Flax,MIT,2017-05-29,2019-10-18,872,False,19,20,8,123.9,535,True,True,False,False,False,False,False,True,True,False,Good,0.606,docker-only,N/A,CUDA GPU,GCP,34.9
R00094,search-hub,aws,MLOps & Infrastructure,Pipeline Orchestration,new,12,2,0,4,19,4,81,1,17,Python,Kotlin|Mojo|TypeScript,TensorFlow,Apache-2.0,2017-01-19,2021-04-27,1559,False,16,41,22,103.6,218,False,True,True,True,True,False,False,False,False,False,Good,0.487,brew,3.12+,TPU,Replicate,43.4
R00095,evalcore,fastai,AI Safety & Interpretability,Fairness & Bias,new,26,8,0,7,76,2,13,1,10,Python,TypeScript|Zig,TensorFlow,BSD-3-Clause,2021-05-04,2021-08-05,93,False,57,49,1,182.0,844,True,True,False,True,False,False,False,False,False,False,Good,0.738,cargo,3.8+,TPU,None,40.1
R00096,easy-agent,indie-dev-52,Audio & Speech,Speech Recognition,moderate,2137,380,40,42,190,2,51,66,916,TypeScript,Scala|Lua|Java,Flax,GPL-3.0,2024-09-14,2024-12-13,90,False,1057,119,0,125.9,259,True,False,False,False,False,False,False,False,True,False,Good,0.779,docker-only,N/A,AMD ROCm,Together AI,29.1
R00097,super-eval,startup-41,Natural Language Processing,Question Answering,niche,184,39,7,1,6,5,117,1,10,Java,Julia|TypeScript|R,TensorFlow,MIT,2022-05-10,2023-02-23,289,False,55,40,1,134.5,32,True,True,False,False,False,True,False,True,False,False,Missing,0.763,pip,N/A,Apple Silicon,GCP,29.8
R00098,vectorx,unsloth-ai,Generative AI,3D Generation,new,27,7,0,15,79,2,52,1,44,Python,Scala|TypeScript|Mojo,Flax,AGPL-3.0,2019-10-26,2022-04-10,897,False,700,71,11,124.1,1305,False,False,True,False,False,True,False,True,False,False,Good,0.372,docker-only,3.9+,Multi-GPU,Azure,16.8
R00099,deep-token-cpp,research-lab-30,Computer Vision,Face Recognition,niche,294,27,18,2,5,1,5,7,113,Python,None,None/Custom,AGPL-3.0,2022-04-11,2023-04-14,368,False,229,13,6,103.4,2006,True,True,True,True,True,False,False,True,True,False,Excellent,0.652,npm,3.11+,CPU+GPU,Modal,42.9
R00100,mini-prompt,apache,Computer Vision,Image Segmentation,popular,7559,1875,480,27,126,32,257,83,790,Java,R,CUDA,MIT,2018-07-07,2022-09-19,1535,False,85588,8571,12,221.9,523,True,True,True,True,False,False,True,True,False,False,Excellent,0.938,npm,N/A,CPU,GCP,70.7
R00101,MLNKZ,indie-dev-10,Large Language Models,Quantization,niche,500,146,27,2,15,0,0,1,10,Python,None,None/Custom,MIT,2022-03-25,2022-10-13,202,False,1202,161,1,146.3,1495,False,True,False,False,False,False,False,True,False,False,Average,0.766,pip+conda,3.11+,CUDA GPU,GCP,20.7
R00102,quant-pulse,indie-dev-75,Graph & Geometric ML,Graph Neural Networks,new,27,8,0,11,142,2,46,1,39,Python,None,JAX,Apache-2.0,2024-12-19,2025-01-24,36,False,157,5,1,302.1,518,False,False,False,False,True,True,False,True,True,False,Average,0.481,pip+conda,3.12+,Multi-GPU,Replicate,10.2
R00103,textpulse,research-lab-17,Generative AI,Code Generation,niche,265,78,6,3,29,2,35,3,45,Python,Zig,PyTorch,Apache-2.0,2016-09-17,2019-11-27,1166,False,1399,148,15,69.7,1472,False,False,False,False,False,False,False,True,True,False,Excellent,0.627,pip,3.12+,AMD ROCm,None,21.1
R00104,model-ai,deepseek-ai,Large Language Models,Foundation Models,niche,332,17,9,2,18,1,23,1,10,Python,None,None/Custom,MIT,2020-07-26,2022-08-05,740,False,301,17,9,209.8,2865,True,False,True,False,False,True,False,True,True,False,Average,0.503,brew,3.11+,CPU,Together AI,26.5
R00105,fast-quant-craft,01-ai,Large Language Models,Model Merging,moderate,1124,159,80,13,92,3,45,22,259,Kotlin,None,PyTorch,BSD-3-Clause,2017-11-10,2019-02-04,451,False,733,88,5,315.8,183,True,False,True,True,False,False,False,False,True,False,Average,1.0,pip+conda,N/A,Multi-GPU,Multi-cloud,37.0
R00106,mini-eval-forge,research-lab-6,Reinforcement Learning,Game AI,popular,7995,1790,394,163,897,21,538,207,6411,Python,None,PyTorch,Unlicense,2019-03-08,2020-08-08,519,False,10582,192,11,167.7,229,False,False,True,True,True,False,True,False,True,False,Average,0.862,cargo,3.12+,Apple Silicon,Modal,52.7
R00107,swift-quant-py,lm-sys,Generative AI,GANs,niche,361,65,7,3,29,0,0,1,10,Python,Mojo|Lua|Rust,Triton,MIT,2015-01-27,2019-10-02,1709,False,388,38,15,424.5,684,False,False,False,True,False,False,False,True,False,False,Excellent,0.892,pip+conda,3.12+,CUDA GPU,Hugging Face,31.1
R00108,textcraft,salesforce-research,Computer Vision,Super Resolution,niche,243,53,12,2,11,0,0,1,10,Python,R|TypeScript,PyTorch,MIT,2022-02-23,2024-06-09,837,False,457,60,7,75.7,809,True,False,False,False,False,True,True,True,False,False,Good,0.691,brew,3.11+,CUDA GPU,Hugging Face,24.3
R00109,modelbox,indie-dev-55,Audio & Speech,Text-to-Speech,niche,479,43,7,15,179,0,0,2,86,Python,Zig,None/Custom,Unlicense,2018-06-16,2023-09-25,1927,False,529,60,26,195.4,578,False,True,False,True,True,False,False,False,False,False,Missing,0.574,brew,3.11+,CPU,Together AI,45.4
R00110,DOD,meta-llama,Large Language Models,Fine-tuning Tools,moderate,1224,393,33,34,96,2,34,12,111,TypeScript,Mojo,TensorFlow,BSD-3-Clause,2015-09-10,2025-01-31,3431,False,325,19,44,261.4,555,False,True,False,False,True,False,False,False,False,True,Poor,0.825,source-only,N/A,CPU+GPU,GCP,36.0
R00111,easy-vision,indie-dev-50,Large Language Models,Multimodal Models,popular,9355,1643,263,114,915,9,263,88,621,Python,TypeScript|Java,PyTorch,MIT,2024-03-19,2025-05-27,434,False,5581,144,3,300.8,260,True,True,True,True,True,True,True,False,True,False,Excellent,0.815,cargo,3.12+,CUDA GPU,Together AI,68.7
R00112,flash-vector,startup-20,AI Safety & Interpretability,Guardrails,niche,229,47,4,2,18,0,0,1,22,C,Go|C++,PyTorch,GPL-3.0,2020-06-08,2022-06-12,734,False,235,7,6,39.0,5578,True,False,True,False,False,False,False,True,True,False,Good,0.985,pip,N/A,AMD ROCm,Multi-cloud,24.1
R00113,LFFH,startup-26,Graph & Geometric ML,Point Cloud Processing,niche,181,12,8,1,4,2,26,1,34,C,Julia|Scala|Zig,PyTorch,Proprietary,2023-04-12,2025-04-25,744,False,244,28,8,81.5,324,False,False,False,False,True,True,True,False,True,False,Good,0.797,cargo,N/A,AMD ROCm,Azure,14.5
R00114,cross-flow-forge,bigscience-workshop,Natural Language Processing,Text Generation,niche,391,82,17,2,25,1,29,1,17,C,None,Keras,LGPL-3.0,2021-07-30,2025-08-11,1473,True,664,25,18,5.5,772,False,True,False,True,True,True,True,True,False,False,Missing,0.925,source-only,N/A,Multi-GPU,Azure,58.6
R00115,TZLHV,indie-dev-36,Graph & Geometric ML,Knowledge Graphs,niche,229,74,10,1,12,1,27,3,60,Python,None,Triton,Proprietary,2018-06-10,2021-10-28,1236,False,447,21,10,127.8,714,True,False,False,True,False,False,False,True,False,False,Excellent,0.834,cargo,3.8+,Multi-GPU,Hugging Face,37.5
R00116,hyper-text-spark,google-deepmind,Audio & Speech,Audio Classification,moderate,3000,225,215,80,1165,6,130,6,91,Python,Zig|C++,None/Custom,MIT,2017-12-22,2020-05-28,888,False,8603,850,8,92.7,520,True,True,True,False,False,False,False,False,False,False,Average,0.68,brew,3.9+,CUDA GPU,GCP,42.0
R00117,nano-bert,apache,Audio & Speech,Music Generation,niche,346,25,21,2,25,2,25,2,36,Python,C++|C|Mojo,PyTorch,Custom,2015-10-31,2019-09-30,1430,False,1474,111,34,154.7,448,False,False,False,False,False,False,True,True,False,False,Average,0.384,docker-only,3.12+,Multi-GPU,None,25.2
R00118,mini-data-ml,research-lab-0,Data Engineering,ETL for ML,new,16,4,1,4,15,0,0,1,12,Python,Mojo|R,ONNX,Apache-2.0,2024-06-02,2025-10-15,500,True,33,6,4,87.4,2154,True,True,True,True,False,False,False,False,False,True,Average,0.804,pip+conda,3.10+,CUDA GPU,Hugging Face,56.0
R00119,guard-ml,indie-dev-59,Reinforcement Learning,Environments & Simulators,moderate,1679,577,91,9,56,2,18,22,412,Go,Zig,None/Custom,MIT,2017-12-14,2020-07-27,956,False,6159,799,7,225.3,1422,False,False,False,False,False,True,False,False,False,False,Poor,0.518,cargo,N/A,AMD ROCm,Modal,19.4
R00120,deep-tune-ml,indie-dev-72,Generative AI,Code Generation,niche,126,14,1,0,0,5,133,1,27,Lua,C++|Mojo,CUDA,Unlicense,2023-12-23,2025-08-29,615,True,779,80,8,40.9,374,True,True,False,False,False,False,False,True,False,False,Excellent,0.821,pip+conda,N/A,TPU,Together AI,41.4
R00121,dyna-chat-stack,startup-21,AI Safety & Interpretability,Explainability,popular,15000,2761,633,179,615,29,451,83,2409,TypeScript,C++,JAX,GPL-3.0,2022-11-08,2025-10-15,1072,True,36046,4692,16,33.6,366,False,True,True,True,False,False,False,False,True,False,Average,0.831,pip,N/A,TPU,Azure,83.0
R00122,flash-infer-wave,cohere-ai,Graph & Geometric ML,Molecular ML,viral,86338,29255,5255,1369,4741,142,3208,878,9601,C++,Julia|Java,PyTorch,Unlicense,2019-06-10,2023-03-28,1387,False,104186,4570,15,175.9,347,True,True,True,True,True,False,True,False,False,False,Good,0.84,conda,N/A,TPU,Multi-cloud,79.0
R00123,graphflow,startup-42,AI Safety & Interpretability,Guardrails,moderate,916,128,56,17,74,2,13,6,154,Python,Lua|C,TensorFlow,AGPL-3.0,2019-03-12,2019-11-27,260,False,5726,85,3,121.4,2015,False,False,True,False,False,True,True,True,False,False,Good,0.581,pip+conda,3.12+,TPU,GCP,12.8
R00124,mini-token,indie-dev-54,AI Safety & Interpretability,Guardrails,popular,9900,3196,562,27,206,14,340,83,6244,Rust,Mojo,MLX,BSD-3-Clause,2016-12-28,2022-05-24,1973,False,72020,5190,57,188.5,2422,True,True,True,True,True,False,False,False,False,False,Good,0.966,pip,N/A,CPU,Modal,81.9
R00125,flow-wave,indie-dev-4,Natural Language Processing,Named Entity Recognition,moderate,2354,479,40,31,304,5,117,9,31,C++,None,PyTorch,CC-BY-4.0,2021-10-27,2023-08-13,655,False,69798,1391,4,177.2,102,False,True,True,True,False,False,False,True,False,False,Poor,0.628,docker-only,N/A,AMD ROCm,None,37.7
R00126,simple-audio,research-lab-23,Audio & Speech,Music Generation,moderate,1724,229,134,23,129,1,10,7,30,Python,None,MLX,MIT,2018-08-24,2021-10-31,1164,False,4213,46,10,168.6,202,True,False,False,False,False,False,False,False,False,False,Missing,0.768,pip+conda,3.11+,Apple Silicon,Replicate,30.1
R00127,swift-diff,startup-5,MLOps & Infrastructure,Model Monitoring,niche,470,64,35,2,12,1,17,1,13,C++,None,TensorFlow,Proprietary,2022-12-31,2024-04-29,485,False,1384,149,3,287.7,81,True,True,True,False,False,False,False,False,False,False,Poor,0.45,source-only,N/A,Multi-GPU,GCP,31.9
R00128,vector-rs,startup-21,Reinforcement Learning,Environments & Simulators,new,13,3,0,11,158,2,51,2,21,Rust,Swift,PyTorch,GPL-3.0,2024-12-11,2025-06-28,199,False,45,37,1,123.5,754,False,True,False,False,False,True,False,True,False,True,Good,0.334,brew,N/A,TPU,Azure,20.3
R00129,dyna-flow-x,research-lab-21,AI Safety & Interpretability,Adversarial Robustness,moderate,723,62,28,6,85,1,21,3,47,C++,Go|Zig,None/Custom,GPL-3.0,2016-12-25,2020-07-30,1313,False,728,67,16,340.2,1243,True,False,False,True,False,False,False,False,True,False,Average,0.777,source-only,N/A,CPU,Together AI,43.1
R00130,bert-spark,phidata-ai,Natural Language Processing,Named Entity Recognition,popular,11609,3723,170,113,659,20,343,23,368,Python,Scala|Julia|TypeScript,PyTorch,MIT,2022-10-11,2024-10-15,735,False,20119,547,2,176.0,1204,False,True,True,True,True,False,True,False,False,False,Good,0.848,pip,3.11+,CPU+GPU,Multi-cloud,52.3
R00131,train-py,indie-dev-69,Natural Language Processing,Chatbot Frameworks,new,41,10,1,11,65,5,123,1,26,C++,Julia|Zig|C,ONNX,GPL-3.0,2016-11-23,2018-05-11,534,False,495,61,1,148.3,217,True,True,False,True,True,False,True,True,False,False,Average,0.133,docker-only,N/A,CPU,Replicate,39.5
R00132,multi-distill,research-lab-15,Reinforcement Learning,Policy Optimization,niche,439,114,25,2,27,0,0,1,11,Python,None,JAX,GPL-3.0,2022-11-10,2023-09-16,310,False,4882,281,3,337.6,212,True,False,False,False,False,False,False,True,False,False,Average,0.887,source-only,3.11+,CUDA GPU,Multi-cloud,22.5
R00133,open-text,research-lab-31,Computer Vision,Medical Imaging,niche,171,27,4,0,0,0,0,1,17,TypeScript,Rust|Julia|R,PyTorch,Custom,2020-07-16,2021-06-16,335,False,783,63,4,159.6,133,True,True,True,True,True,True,False,True,False,True,Average,0.666,pip,N/A,CPU,Azure,33.4
R00134,embed-studio,indie-dev-8,AI Safety & Interpretability,Guardrails,viral,60862,8324,4443,481,4732,56,756,1093,24907,Python,Kotlin,TensorFlow,Apache-2.0,2024-11-07,2025-01-23,77,False,41303,3543,0,184.1,3301,True,True,True,True,False,False,True,False,False,False,Excellent,0.758,brew,3.11+,AMD ROCm,Azure,69.1
R00135,YLTA,indie-dev-64,Large Language Models,Alignment & RLHF,new,12,1,0,14,77,0,0,1,13,Python,None,PyTorch,LGPL-3.0,2016-04-07,2020-12-16,1714,False,22,33,29,62.4,138,False,False,False,False,False,True,False,False,True,False,Good,0.548,npm,3.11+,Apple Silicon,Together AI,23.6
R00136,AUF,startup-38,Generative AI,3D Generation,niche,253,43,20,4,37,0,0,8,142,Python,None,PyTorch,Apache-2.0,2020-07-23,2025-07-07,1810,False,1247,19,8,630.3,677,True,True,False,True,False,True,False,False,True,False,Good,0.79,conda,3.8+,TPU,Replicate,46.3
R00137,gptbox,startup-31,Generative AI,Diffusion Models,niche,237,68,6,1,14,1,19,1,13,Rust,None,PyTorch,Apache-2.0,2016-01-08,2024-12-24,3273,False,675,42,24,106.8,244,True,False,False,True,True,False,False,False,False,False,Average,0.926,brew,N/A,Multi-GPU,GCP,44.9
R00138,poly-net,indie-dev-30,Natural Language Processing,Text Summarization,niche,500,154,39,3,35,1,10,2,61,Python,Rust,MLX,Apache-2.0,2024-04-22,2025-03-16,328,False,1640,41,7,152.4,1019,False,False,False,True,True,True,False,True,False,False,Good,0.279,pip,3.11+,CPU+GPU,GCP,25.7
R00139,safespark,salesforce-research,Graph & Geometric ML,Geometric Deep Learning,niche,500,133,29,2,13,0,0,2,23,Python,Mojo|Scala,TensorFlow,Apache-2.0,2020-08-05,2020-09-12,38,False,3553,511,1,270.6,1193,False,True,False,False,True,False,False,False,False,False,Missing,0.797,docker-only,3.9+,Multi-GPU,Replicate,20.6
R00140,nano-guard-kit,research-lab-14,Large Language Models,Evaluation & Benchmarks,niche,325,91,18,4,39,0,0,1,21,Python,None,Flax,BSD-3-Clause,2022-11-07,2025-10-15,1073,True,403,27,10,14.0,193,False,False,True,False,False,True,False,False,False,False,Average,0.674,conda,3.10+,Multi-GPU,Hugging Face,32.3
R00141,SSVW,startup-11,Data Engineering,Dataset Management,new,25,3,0,13,145,0,0,1,35,Python,Rust,ONNX,MIT,2024-06-08,2025-04-26,322,False,75,48,2,155.0,150,False,False,False,True,True,False,False,False,False,False,Average,0.347,cargo,3.12+,Multi-GPU,Together AI,20.8
R00142,tensorstack,research-lab-30,Reinforcement Learning,Reward Modeling,moderate,2438,357,105,10,147,2,42,10,219,Python,None,CUDA,Apache-2.0,2015-07-12,2019-11-20,1592,False,24359,662,32,168.7,6902,False,True,True,False,False,False,False,False,False,False,Average,0.526,cargo,3.12+,AMD ROCm,Multi-cloud,40.2
R00143,easy-flow-spark,mosaicml,Computer Vision,Image Generation,niche,299,36,17,4,36,0,0,1,19,Python,C|Julia,PyTorch,GPL-3.0,2023-03-30,2024-10-06,556,False,957,45,6,67.2,747,True,True,False,True,True,True,True,False,False,False,Good,0.578,source-only,3.12+,AMD ROCm,GCP,44.2
R00144,quick-net-lib,startup-21,Generative AI,Diffusion Models,popular,6476,324,296,72,929,8,60,79,973,Python,Java,PyTorch,MIT,2020-08-31,2021-08-22,356,False,59877,3618,2,241.8,1715,True,True,True,True,True,False,False,False,True,False,Good,0.62,cargo,3.12+,Multi-GPU,AWS,61.6
R00145,flash-model-ops,startup-5,Reinforcement Learning,Policy Optimization,new,35,5,2,11,92,4,58,1,17,Go,Julia,MLX,MIT,2018-03-04,2018-07-13,131,False,58,32,2,342.2,1592,True,True,False,False,False,False,False,False,True,False,Poor,0.747,pip+conda,N/A,CUDA GPU,GCP,30.6
R00146,bert-core,lightning-ai,Audio & Speech,Speech Recognition,new,16,1,1,5,33,2,57,2,23,Rust,Julia,TensorFlow,Apache-2.0,2015-10-28,2016-07-06,252,False,55,25,2,40.8,88,True,True,False,False,False,False,False,False,False,True,Poor,0.458,docker-only,N/A,CPU,None,30.4
R00147,JYO,startup-30,Data Engineering,Data Cleaning,moderate,1428,400,55,17,80,2,54,6,109,Python,Lua,TensorFlow,AGPL-3.0,2022-05-30,2022-08-31,93,False,35117,1411,2,273.0,205,False,False,True,False,False,False,False,True,False,False,Average,0.657,pip,3.8+,CPU,Replicate,13.2
R00148,CJGXX,indie-dev-45,Audio & Speech,Text-to-Speech,niche,194,47,7,3,40,1,12,2,17,Python,Go|C++,PyTorch,AGPL-3.0,2022-03-30,2025-03-13,1079,False,337,8,4,154.9,576,False,False,False,False,False,False,False,True,True,False,Good,0.491,npm,3.10+,Apple Silicon,Multi-cloud,12.9
R00149,nano-lab,indie-dev-21,Computer Vision,Video Analysis,viral,42888,3744,1670,2321,4941,126,2091,27,361,Python,None,None/Custom,MIT,2020-06-13,2023-01-21,952,False,131587,13797,19,220.9,209,True,True,False,True,True,False,False,False,True,False,Average,0.738,brew,3.11+,Apple Silicon,Modal,73.8
R00150,poly-doc-base,mosaicml,Generative AI,Diffusion Models,new,46,4,0,2,7,2,23,1,21,Julia,TypeScript|Go|Lua,MLX,MIT,2022-03-29,2025-09-21,1272,True,152,8,25,82.9,98,True,True,False,True,False,False,False,False,False,False,Missing,0.634,npm,N/A,TPU,Hugging Face,68.0
R00151,netcraft,indie-dev-58,Reinforcement Learning,Robotics Control,niche,360,60,11,3,8,2,57,1,10,Python,R,PyTorch,Proprietary,2020-08-14,2023-07-25,1075,False,1102,159,10,188.5,229,False,False,False,True,True,False,False,False,True,False,Poor,0.621,brew,3.9+,CPU,Multi-cloud,25.6
R00152,micro-token,research-lab-31,MLOps & Infrastructure,Experiment Tracking,moderate,1377,325,89,19,133,4,87,2,34,Swift,Kotlin|Python,PyTorch,GPL-3.0,2017-04-26,2023-03-17,2151,False,1836,254,20,89.6,55,True,False,False,True,False,False,False,True,False,False,Poor,0.77,docker-only,N/A,CPU,Replicate,46.7
R00153,distill-ops,indie-dev-64,Audio & Speech,Music Generation,popular,11532,1086,121,37,314,25,549,29,1523,Java,Swift,PyTorch,MIT,2023-11-21,2025-04-27,523,False,28608,3518,21,140.5,51,True,True,True,True,False,True,True,False,False,False,Good,0.635,npm,N/A,CUDA GPU,Replicate,76.8
R00154,mini-gpt,research-lab-11,Large Language Models,Multimodal Models,moderate,1692,310,41,5,38,4,79,6,128,Rust,TypeScript|Python|Mojo,PyTorch,MIT,2016-10-21,2018-05-25,581,False,6136,904,8,120.7,248,False,False,False,True,False,False,False,True,False,False,Poor,0.724,cargo,N/A,CUDA GPU,Replicate,28.8
R00155,ZSY,research-lab-28,Large Language Models,Multimodal Models,new,31,8,0,5,26,5,105,4,53,C++,None,JAX,MIT,2020-09-23,2022-04-17,571,False,35,24,15,212.8,766,True,True,True,False,False,False,True,True,False,False,Excellent,0.437,conda,N/A,CPU+GPU,GCP,40.1
R00156,trainwave,startup-49,Generative AI,Diffusion Models,viral,67480,10601,5049,414,5392,78,1811,557,3900,C++,Mojo|Python,None/Custom,Apache-2.0,2023-09-09,2025-09-02,724,True,173576,2444,28,11.9,371,False,True,False,True,False,False,False,False,False,False,Average,0.666,conda,N/A,CPU+GPU,None,89.3
R00157,NIGAW,indie-dev-73,Natural Language Processing,Chatbot Frameworks,niche,212,69,16,2,28,1,19,1,10,Python,None,None/Custom,Apache-2.0,2016-04-27,2022-03-25,2158,False,2094,94,7,124.9,1459,True,True,False,True,False,False,False,True,False,False,Good,0.538,brew,3.12+,CPU+GPU,Azure,45.1
R00158,rapid-gen-base,research-lab-7,Reinforcement Learning,Multi-Agent Systems,moderate,2344,762,40,27,153,4,115,3,45,TypeScript,None,ONNX,BSD-3-Clause,2018-11-11,2023-05-29,1660,False,1507,137,48,452.9,566,True,False,True,True,False,True,False,False,False,False,Missing,0.585,conda,N/A,CPU,Azure,48.5
R00159,optflow,indie-dev-7,Computer Vision,Image Segmentation,new,14,4,1,2,16,4,69,3,35,Python,Scala|R,JAX,BSD-3-Clause,2017-06-27,2021-09-22,1548,False,63,38,12,86.6,145,True,False,True,False,True,False,False,False,True,False,Average,0.427,npm,3.9+,Multi-GPU,AWS,28.2
R00160,mini-llm-lib,startup-19,Computer Vision,OCR,popular,10748,759,815,145,916,26,580,6,101,C++,C,PyTorch,BSD-3-Clause,2019-06-25,2023-07-10,1476,False,63659,1987,17,305.0,1768,False,True,False,True,True,True,False,True,False,False,Good,0.634,docker-only,N/A,CPU,Azure,62.0
R00161,prunehub,indie-dev-68,Generative AI,Diffusion Models,popular,4620,408,293,21,104,5,25,13,199,C,None,Triton,LGPL-3.0,2018-04-20,2022-03-12,1422,False,27340,3113,13,94.6,1948,True,True,True,False,True,False,False,False,False,False,Average,0.561,brew,N/A,CPU,GCP,48.6
R00162,deep-prompt-pulse,startup-24,MLOps & Infrastructure,Data Versioning,niche,170,50,3,1,9,2,43,1,12,Python,Go|Julia,PyTorch,BSD-3-Clause,2018-07-17,2023-04-01,1719,False,2114,44,24,413.7,889,False,True,False,False,False,False,False,False,False,False,Good,0.635,cargo,3.9+,CUDA GPU,None,34.4
R00163,net-py,indie-dev-31,MLOps & Infrastructure,GPU Management,niche,356,49,21,4,34,0,0,1,11,Python,None,ONNX,BSD-3-Clause,2016-09-30,2025-07-25,3220,True,1249,157,65,57.0,1331,False,False,False,True,False,False,False,False,False,False,Good,0.709,docker-only,3.12+,CPU+GPU,Replicate,49.8
R00164,diff-kit,startup-24,Natural Language Processing,RAG Frameworks,niche,358,47,23,1,6,1,19,2,21,C,Java|R,None/Custom,Apache-2.0,2019-09-30,2025-03-11,1989,False,2742,390,21,50.8,862,True,True,False,True,False,True,True,True,False,False,Good,0.64,brew,N/A,Apple Silicon,Hugging Face,54.5
R00165,hyper-quant-flow,research-lab-39,MLOps & Infrastructure,AutoML,niche,244,73,2,1,11,1,29,1,10,Python,TypeScript|Scala,PyTorch,GPL-3.0,2023-06-08,2024-07-23,411,False,2739,47,4,417.2,375,True,True,True,True,False,False,True,False,True,False,Good,0.76,source-only,3.9+,TPU,Modal,42.8
R00166,micro-gen-craft,prefecthq,Natural Language Processing,Tokenization,new,10,0,0,1,5,1,26,2,22,Go,Rust|Swift|Lua,PyTorch,Apache-2.0,2022-09-29,2023-09-28,364,False,12,35,5,285.4,1135,False,False,False,False,False,False,False,False,False,False,Missing,0.227,source-only,N/A,Apple Silicon,Hugging Face,12.3
R00167,YXOC,indie-dev-13,Data Engineering,ETL for ML,niche,282,38,8,0,0,0,0,1,31,Java,None,TinyGrad,Apache-2.0,2020-03-14,2021-11-27,623,False,3921,469,2,128.5,130,False,True,False,True,False,False,False,False,False,False,Poor,0.905,source-only,N/A,CPU+GPU,Together AI,22.2
R00168,evallib,tencent-ailab,Large Language Models,Foundation Models,popular,11174,2709,636,160,1190,18,215,49,360,C++,None,None/Custom,MIT,2023-02-28,2023-11-25,270,False,43487,2117,2,199.5,520,True,True,True,False,True,True,True,False,True,False,Good,0.606,pip+conda,N/A,Multi-GPU,None,55.2
R00169,tensor-js,tencent-ailab,AI Safety & Interpretability,Watermarking,moderate,3000,784,118,9,48,5,58,9,69,Go,Java|Mojo|Swift,TensorFlow,LGPL-3.0,2016-06-21,2022-06-17,2187,False,2111,106,25,186.3,210,False,True,True,False,False,False,False,False,False,False,Average,0.747,docker-only,N/A,AMD ROCm,Hugging Face,40.3
R00170,rlrs,indie-dev-18,Computer Vision,Image Classification,popular,8704,675,452,208,1139,26,589,50,1843,Python,C,Keras,LGPL-3.0,2019-02-07,2023-10-22,1718,False,8282,790,11,95.8,1695,True,True,True,False,False,False,True,True,True,False,Excellent,0.761,pip+conda,3.9+,Apple Silicon,Together AI,59.1
R00171,tuners,startup-32,Large Language Models,Evaluation & Benchmarks,new,22,4,1,8,17,0,0,1,10,Python,Zig|Lua|R,PyTorch,GPL-3.0,2019-03-30,2021-10-18,933,False,359,16,9,223.6,1927,False,True,True,True,True,True,False,False,False,False,Good,0.433,pip,3.8+,CUDA GPU,Azure,33.7
R00172,nano-chat,startup-6,Large Language Models,Alignment & RLHF,moderate,1238,339,91,9,68,5,104,5,28,Python,Java,TensorFlow,AGPL-3.0,2015-02-03,2017-10-13,983,False,14784,648,12,130.6,711,True,True,False,True,True,False,True,True,False,False,Good,0.685,pip+conda,3.10+,CPU+GPU,AWS,50.8
R00173,poly-tensor,indie-dev-3,Data Engineering,Data Cleaning,niche,207,25,2,1,9,0,0,1,41,Python,None,PyTorch,BSD-3-Clause,2023-04-10,2023-06-13,64,False,788,100,1,215.7,547,True,True,False,False,True,False,False,False,True,False,Good,0.831,cargo,3.8+,Apple Silicon,GCP,30.3
R00174,bench-forge,startup-23,Natural Language Processing,Machine Translation,moderate,3000,814,139,19,265,10,117,25,335,Python,None,PyTorch,MIT,2018-02-04,2024-09-24,2424,False,95688,5892,41,195.6,379,False,True,False,True,True,True,True,False,False,False,Average,0.938,npm,3.10+,CPU,Together AI,52.8
R00175,super-quant,research-lab-2,MLOps & Infrastructure,Model Monitoring,niche,383,68,15,4,11,0,0,1,20,TypeScript,None,TensorFlow,MIT,2023-11-04,2025-09-24,690,True,2714,35,2,24.5,491,False,True,True,False,False,False,False,False,True,False,Good,0.617,brew,N/A,Multi-GPU,None,34.7
R00176,FCQEO,indie-dev-78,Reinforcement Learning,Multi-Agent Systems,new,27,4,1,0,0,5,33,1,10,Python,None,MLX,GPL-3.0,2019-02-12,2024-04-15,1889,False,49,23,11,220.4,588,False,True,False,False,False,True,False,False,False,False,Good,0.533,conda,3.10+,Multi-GPU,GCP,18.4
R00177,CBEFB,indie-dev-64,MLOps & Infrastructure,Model Serving,niche,240,34,6,5,33,1,24,1,88,Python,None,TensorFlow,Apache-2.0,2017-02-23,2018-05-03,434,False,451,23,2,94.7,1168,False,False,True,True,False,True,False,False,False,False,Good,0.721,source-only,3.8+,Multi-GPU,Together AI,20.8
R00178,QBXC39,indie-dev-72,Computer Vision,Video Analysis,new,22,4,0,7,75,4,103,1,18,Python,Go|Scala|R,Triton,GPL-3.0,2016-02-02,2017-04-21,444,False,48,35,7,207.3,5898,True,True,False,True,False,False,False,True,True,False,Good,0.274,brew,3.12+,CUDA GPU,Hugging Face,44.5
R00179,rapid-search-studio,indie-dev-50,Data Engineering,Dataset Management,moderate,1178,304,30,39,159,1,7,9,144,Rust,Kotlin,None/Custom,Proprietary,2024-04-06,2025-04-02,361,False,1003,41,5,565.3,95,True,False,False,True,False,False,False,False,False,False,Good,0.635,cargo,N/A,CUDA GPU,Hugging Face,35.0
R00180,poly-chat,research-lab-2,Generative AI,Code Generation,moderate,1830,397,71,3,33,2,35,13,436,Python,TypeScript|Mojo,PyTorch,CC-BY-4.0,2021-05-26,2024-09-07,1200,False,9370,634,23,197.9,148,True,True,False,False,False,False,True,True,False,False,Poor,0.733,conda,3.12+,Multi-GPU,None,49.1
R00181,uni-diff,startup-19,Data Engineering,Data Labeling,niche,240,22,14,0,0,1,15,1,11,Python,None,TensorFlow,Proprietary,2015-08-18,2024-05-09,3187,False,169,2,18,622.9,2897,True,False,False,False,False,False,False,True,False,False,Average,0.87,cargo,3.12+,Apple Silicon,Azure,24.1
R00182,multi-tune,research-lab-7,AI Safety & Interpretability,Guardrails,moderate,2878,853,198,25,307,2,52,15,64,Python,TypeScript|Mojo,PyTorch,Apache-2.0,2020-08-29,2021-03-31,214,False,7047,941,2,112.6,2207,False,True,True,True,False,False,False,False,True,False,Average,0.651,cargo,3.12+,AMD ROCm,Multi-cloud,38.0
R00183,micro-bench,research-lab-7,Audio & Speech,Speaker Diarization,new,22,4,1,13,38,3,43,2,33,Python,Scala|R,PyTorch,Apache-2.0,2016-01-02,2017-05-06,490,False,37,22,12,145.0,137,False,False,False,True,True,False,False,True,False,False,Excellent,0.362,npm,3.9+,CPU,None,26.7
R00184,lite-model,indie-dev-60,Reinforcement Learning,Environments & Simulators,moderate,1363,219,57,33,370,2,10,5,128,Python,C,JAX,MIT,2015-04-04,2019-01-22,1389,False,33731,4136,38,192.1,2671,True,False,True,False,True,False,False,True,True,False,Average,0.782,pip,3.10+,AMD ROCm,Modal,37.4
R00185,deep-prompt,startup-38,Reinforcement Learning,Reward Modeling,niche,284,26,16,4,16,1,23,4,139,Java,Kotlin|TypeScript|Mojo,JAX,BSD-3-Clause,2022-05-27,2024-07-02,767,False,757,103,20,220.2,1281,False,True,False,True,True,False,False,False,True,False,Good,0.767,pip+conda,N/A,TPU,Azure,44.0
R00186,turbo-vector,indie-dev-17,Audio & Speech,Speaker Diarization,niche,181,34,10,1,6,2,22,1,10,Go,None,Flax,CC-BY-4.0,2017-08-25,2023-05-09,2083,False,374,51,10,83.2,518,False,True,False,True,True,False,False,True,False,False,Average,0.753,cargo,N/A,Multi-GPU,Replicate,36.5
R00187,docwave43,bytedance,AI Safety & Interpretability,Guardrails,niche,227,67,12,1,14,1,20,1,25,Python,Mojo,PyTorch,BSD-3-Clause,2017-04-26,2024-09-18,2702,False,210,7,16,107.4,1159,False,False,False,False,False,False,False,True,True,False,Average,0.491,npm,3.10+,CUDA GPU,AWS,21.9
R00188,neo-eval-flow,startup-10,Reinforcement Learning,Environments & Simulators,niche,352,103,22,4,27,0,0,1,21,Python,TypeScript,PyTorch,Custom,2024-03-19,2025-01-23,310,False,1498,23,1,76.8,2022,False,False,False,False,False,True,True,False,True,False,Good,0.821,npm,3.10+,Multi-GPU,Replicate,10.3
R00189,mergekit,phidata-ai,Large Language Models,Quantization,new,22,6,1,0,0,2,14,1,10,Scala,TypeScript|Zig|Mojo,PyTorch,Proprietary,2015-05-13,2020-01-10,1703,False,140,18,17,228.2,273,False,False,False,True,False,True,False,True,False,False,Good,0.743,pip,N/A,AMD ROCm,Together AI,22.9
R00190,easy-safe,indie-dev-72,Natural Language Processing,Named Entity Recognition,niche,216,31,12,2,18,1,20,1,33,Lua,Swift|Zig,ONNX,MIT,2021-01-12,2023-05-02,840,False,831,75,26,283.3,277,True,True,False,False,False,False,False,True,False,True,Poor,0.517,conda,N/A,TPU,Together AI,44.5
R00191,hyper-grad,indie-dev-40,Generative AI,GANs,niche,220,72,16,3,29,1,6,1,10,Python,Lua|Go|Swift,PyTorch,Apache-2.0,2019-08-21,2023-05-06,1354,False,4658,488,21,130.5,412,False,False,True,False,True,False,False,True,False,False,Missing,0.72,pip+conda,3.9+,AMD ROCm,Together AI,24.6
R00192,gptlib,startup-43,Audio & Speech,Voice Cloning,niche,165,42,9,3,12,1,22,1,11,Java,Python|Kotlin|Go,PyTorch,AGPL-3.0,2022-05-25,2023-04-27,337,False,2669,196,4,270.5,936,True,False,True,True,False,False,False,False,False,False,Excellent,0.92,cargo,N/A,TPU,Multi-cloud,31.4
R00193,PONOC,openai,Graph & Geometric ML,Geometric Deep Learning,niche,324,109,15,2,7,0,0,2,10,Python,None,Keras,MIT,2017-09-29,2023-12-18,2271,False,1665,152,49,70.4,189,True,True,False,True,True,False,False,True,True,True,Missing,0.698,npm,3.10+,CUDA GPU,Modal,53.6
R00194,BCYJ,startup-49,Audio & Speech,Music Generation,niche,174,53,12,0,0,3,75,1,21,Julia,C++|Rust,None/Custom,MIT,2019-04-02,2020-02-03,307,False,672,98,6,253.2,432,False,True,False,False,True,False,False,False,False,False,Poor,0.693,docker-only,N/A,Multi-GPU,Replicate,14.9
R00195,IQST,research-lab-17,Audio & Speech,Text-to-Speech,popular,7414,2540,498,65,356,6,45,31,297,Python,None,TensorFlow,MIT,2021-04-23,2024-03-04,1046,False,17215,2517,4,148.9,286,True,True,False,True,True,False,True,False,False,False,Good,0.628,cargo,3.10+,Apple Silicon,AWS,59.4
R00196,code-cpp,indie-dev-16,Computer Vision,OCR,moderate,2665,319,50,19,89,5,126,7,48,Python,Java|Mojo|Kotlin,None/Custom,GPL-3.0,2020-09-06,2023-11-06,1156,False,5290,693,4,105.7,417,True,True,False,True,False,False,False,False,False,False,Poor,0.923,brew,3.10+,AMD ROCm,Replicate,47.3
R00197,flex-distill,startup-5,Reinforcement Learning,Policy Optimization,moderate,1959,439,88,18,55,1,16,12,98,Rust,R|Java|Zig,PyTorch,MIT,2022-08-09,2024-06-15,676,False,14679,263,3,127.6,30,False,True,False,False,True,False,False,True,False,False,Poor,0.801,pip,N/A,Multi-GPU,None,24.9
R00198,textbase,indie-dev-55,MLOps & Infrastructure,Model Monitoring,niche,500,141,35,4,18,1,17,3,14,Python,Java,None/Custom,AGPL-3.0,2024-04-20,2025-03-25,339,False,1423,110,2,393.9,1732,False,True,True,False,False,False,False,False,False,False,Excellent,0.679,npm,3.8+,CPU+GPU,Multi-cloud,21.0
R00199,easy-prompt,openai,Generative AI,Diffusion Models,moderate,2668,496,169,101,844,12,253,10,125,C++,Java,TensorFlow,MIT,2018-06-27,2019-01-23,210,False,10757,668,1,78.7,810,False,False,False,False,False,False,False,True,True,False,Good,0.526,docker-only,N/A,CPU,Azure,16.0
R00200,chat-hub,research-lab-3,Natural Language Processing,Chatbot Frameworks,moderate,1965,227,44,9,61,4,99,6,148,Python,Julia|TypeScript,Triton,Unlicense,2020-10-06,2021-06-02,239,False,2875,252,3,149.7,877,False,True,False,False,False,True,True,False,True,False,Excellent,0.798,brew,3.9+,TPU,Hugging Face,25.5
R00201,lite-pipe-spark,startup-13,Generative AI,Diffusion Models,moderate,1183,136,84,17,199,4,35,3,26,Rust,Swift|C++|Mojo,PyTorch,GPL-3.0,2023-07-29,2024-12-16,506,False,440,10,9,125.4,483,False,True,False,True,False,False,False,True,False,False,Poor,0.622,brew,N/A,Apple Silicon,Modal,38.6
R00202,deep-merge,indie-dev-62,Computer Vision,Face Recognition,new,18,3,0,9,75,2,31,1,19,Rust,Kotlin,Keras,AGPL-3.0,2020-03-04,2022-03-03,729,False,31,20,6,336.3,791,False,True,False,False,False,True,False,True,False,True,Good,0.528,pip+conda,N/A,Multi-GPU,Replicate,23.6
R00203,RWHF,startup-34,Computer Vision,Medical Imaging,niche,117,37,5,1,7,4,103,1,15,Rust,Mojo,TensorFlow,Apache-2.0,2020-06-16,2021-03-07,264,False,210,6,2,164.2,252,True,False,False,False,False,True,False,True,True,True,Average,0.769,pip,N/A,CPU+GPU,Azure,20.6
R00204,guard-box,research-lab-17,Reinforcement Learning,Environments & Simulators,niche,198,32,13,1,3,1,24,1,35,Python,None,PyTorch,AGPL-3.0,2021-06-25,2024-01-26,945,False,1262,112,9,96.0,1115,False,False,False,False,False,False,False,False,False,False,Poor,0.735,pip,3.10+,CPU,AWS,14.7
R00205,DJAH,research-lab-11,Data Engineering,Dataset Management,niche,461,55,15,7,75,0,0,3,50,C++,C|Go,ONNX,Apache-2.0,2019-06-03,2023-01-26,1333,False,1926,94,25,219.3,2927,True,True,False,False,True,False,False,True,True,True,Average,0.629,pip+conda,N/A,TPU,Azure,45.4
R00206,optflow80,indie-dev-70,Large Language Models,Alignment & RLHF,niche,250,32,8,1,14,1,16,1,10,Python,Scala|Rust,JAX,LGPL-3.0,2019-10-04,2024-11-19,1873,False,144,10,42,168.8,1270,True,True,False,False,False,False,False,False,True,False,Average,0.79,docker-only,3.12+,CUDA GPU,Modal,44.9
R00207,QTC,research-lab-21,MLOps & Infrastructure,Hyperparameter Tuning,new,45,13,2,2,14,5,75,1,10,C++,None,PyTorch,MIT,2023-04-26,2025-04-04,709,False,103,10,4,226.1,240,True,False,False,False,False,False,False,False,False,False,Excellent,0.394,docker-only,N/A,AMD ROCm,None,21.9
R00208,meta-merge,research-lab-6,Graph & Geometric ML,Knowledge Graphs,niche,180,53,3,1,5,2,39,1,41,Go,None,PyTorch,MIT,2015-07-31,2023-01-08,2718,False,84,32,26,91.8,579,True,False,True,False,False,False,False,False,False,False,Average,0.569,npm,N/A,Apple Silicon,None,33.8
R00209,quant-lib,indie-dev-27,Generative AI,Diffusion Models,new,41,10,3,4,42,3,82,1,17,TypeScript,Go|R,TensorFlow,GPL-3.0,2015-12-12,2017-08-27,624,False,439,28,9,212.2,618,True,False,False,False,False,True,False,True,True,False,Average,0.318,cargo,N/A,AMD ROCm,Replicate,26.1
R00210,mergecpp,startup-42,Large Language Models,Agents & Tool Use,niche,500,29,28,5,21,0,0,4,33,Python,None,TensorFlow,Apache-2.0,2019-11-16,2020-02-02,78,False,2685,334,1,162.5,298,False,False,True,False,False,False,False,False,True,False,Poor,0.698,pip+conda,3.12+,Apple Silicon,Modal,10.2
R00211,grad-py,research-lab-33,Generative AI,VAEs,popular,7627,899,404,25,166,18,304,172,3453,Python,Mojo,PyTorch,Apache-2.0,2022-09-28,2023-10-31,398,False,35293,2086,3,299.1,137,True,True,True,True,True,True,False,True,False,False,Good,0.624,conda,3.8+,AMD ROCm,GCP,66.2
R00212,MVY,startup-49,Graph & Geometric ML,Knowledge Graphs,popular,4901,1481,124,35,444,6,75,2,61,Python,C++|R|Swift,TinyGrad,MIT,2016-03-30,2024-02-16,2879,False,1571,220,103,198.7,484,True,True,False,True,True,True,False,True,True,True,Missing,0.643,brew,3.9+,Apple Silicon,GCP,64.3
R00213,pipewave,research-lab-25,Data Engineering,Data Augmentation,niche,329,112,16,3,22,1,28,1,12,Python,None,PyTorch,GPL-3.0,2020-07-08,2021-03-17,252,False,398,40,1,150.8,36,False,False,True,True,False,False,False,False,True,False,Poor,0.892,docker-only,3.11+,Multi-GPU,Azure,20.3
R00214,neo-tune-craft,startup-1,Natural Language Processing,RAG Frameworks,new,29,4,0,15,110,3,65,2,25,Python,None,Keras,MIT,2023-08-24,2025-02-06,532,False,39,14,6,127.3,118,True,False,False,False,False,False,False,False,False,False,Missing,0.421,source-only,3.10+,CPU,GCP,23.6
R00215,codepulse,research-lab-1,MLOps & Infrastructure,Feature Stores,moderate,1082,339,53,3,34,2,41,4,60,C++,Rust|R,None/Custom,Apache-2.0,2015-06-11,2019-10-31,1603,False,6489,431,47,185.9,207,False,True,True,True,True,False,False,True,False,False,Good,0.993,brew,N/A,CPU+GPU,AWS,46.8
R00216,lite-vision,databricks,Audio & Speech,Speaker Diarization,niche,244,73,11,5,34,0,0,1,13,Python,None,JAX,Proprietary,2019-07-19,2020-12-14,514,False,998,77,6,63.3,56,False,True,False,True,True,False,False,True,False,False,Good,0.834,pip,3.9+,Multi-GPU,Azure,33.8
R00217,neo-doc,research-lab-16,Computer Vision,Image Classification,popular,15000,2306,854,107,583,68,1509,43,1447,Python,None,PyTorch,GPL-3.0,2016-11-30,2023-08-16,2450,False,131272,3525,38,88.0,858,True,True,True,True,False,False,True,True,False,False,Good,0.44,pip,3.9+,CPU+GPU,Azure,77.7
R00218,deep-model-cpp,CohereForAI,Large Language Models,Evaluation & Benchmarks,niche,241,42,15,2,4,1,9,1,10,Rust,Python|TypeScript|C++,None/Custom,GPL-3.0,2022-10-23,2024-12-18,787,False,3785,161,7,214.8,422,True,True,False,True,True,False,False,False,True,False,Average,0.831,npm,N/A,TPU,Multi-cloud,42.5
R00219,chat-stack,indie-dev-1,AI Safety & Interpretability,Red Teaming,popular,9305,1562,111,95,1162,17,335,30,403,C++,Swift|Scala|Rust,ONNX,AGPL-3.0,2016-12-15,2023-11-19,2530,False,26885,1765,36,171.5,1566,True,True,True,True,True,True,True,False,False,False,Average,0.567,cargo,N/A,Multi-GPU,None,75.9
R00220,ultra-model,indie-dev-67,Large Language Models,Alignment & RLHF,moderate,1588,341,21,13,162,2,50,14,434,C++,Java|Julia|Go,TensorFlow,Apache-2.0,2016-12-23,2018-11-07,684,False,2337,327,4,159.0,1373,False,False,True,False,False,True,False,False,True,False,Average,0.665,source-only,N/A,AMD ROCm,Replicate,16.8
R00221,search-rs,crewai-inc,Computer Vision,Face Recognition,popular,11800,771,524,73,520,12,231,31,145,TypeScript,None,TensorFlow,MIT,2016-02-06,2018-11-03,1001,False,39492,4848,14,124.1,288,True,True,False,True,False,False,True,True,False,False,Missing,0.616,source-only,N/A,CUDA GPU,Azure,72.4
R00222,cross-diff,salesforce-research,Natural Language Processing,Question Answering,moderate,3000,201,37,16,72,3,81,7,268,Python,Go|Julia,ONNX,AGPL-3.0,2016-03-31,2025-10-15,3485,True,19555,2647,24,10.8,86,False,False,True,False,False,True,False,False,False,False,Poor,0.645,pip+conda,3.8+,Apple Silicon,Multi-cloud,44.9
R00223,search-flow,startup-48,Graph & Geometric ML,Knowledge Graphs,niche,338,100,12,2,13,0,0,3,60,C,None,TensorFlow,MIT,2021-08-20,2022-07-21,335,False,2478,369,11,262.5,305,False,False,False,False,False,False,False,True,False,True,Average,0.827,pip+conda,N/A,Multi-GPU,Multi-cloud,17.9
R00224,vector-js,microsoft,MLOps & Infrastructure,Model Serving,niche,162,28,5,1,4,2,56,4,119,Python,Lua|Scala|Rust,CUDA,Apache-2.0,2020-05-19,2024-03-19,1400,False,1229,107,8,220.4,221,True,False,True,False,False,False,True,False,False,False,Average,0.604,docker-only,3.11+,Apple Silicon,Together AI,24.7
R00225,ZVC,startup-8,Graph & Geometric ML,Point Cloud Processing,new,34,2,0,11,118,0,0,1,25,Python,Rust|Java|Zig,PyTorch,GPL-3.0,2015-08-13,2021-06-20,2138,False,517,46,8,265.8,266,True,False,True,False,False,True,False,False,False,False,Good,0.353,source-only,3.9+,Multi-GPU,Hugging Face,25.3
R00226,quick-bench-cpp,indie-dev-35,Natural Language Processing,Sentiment Analysis,niche,367,44,19,7,18,1,23,1,22,Python,Swift,None/Custom,BSD-3-Clause,2018-11-15,2024-01-11,1883,False,827,115,16,58.4,43,False,True,False,False,False,False,False,True,False,False,Excellent,0.559,conda,3.10+,CUDA GPU,GCP,30.0
R00227,quant-kit27,nvidia,Generative AI,Creative AI,niche,500,51,15,15,127,2,13,2,31,R,Kotlin,PyTorch,Apache-2.0,2018-04-15,2023-01-15,1736,False,1825,105,17,112.7,1262,False,True,True,False,False,False,False,True,True,False,Good,0.786,brew,N/A,AMD ROCm,Modal,32.9
R00228,swift-train-js,crewai-inc,Large Language Models,Prompt Engineering,moderate,1305,270,76,29,414,4,49,7,115,R,None,PyTorch,Apache-2.0,2020-06-06,2022-08-06,791,False,7519,742,7,95.1,528,True,True,False,False,False,False,False,False,False,False,Good,0.584,source-only,N/A,CPU,Azure,37.9
R00229,agentstudio,research-lab-3,Large Language Models,Quantization,niche,439,95,14,12,145,0,0,1,17,C++,None,PyTorch,Apache-2.0,2022-12-06,2023-03-17,101,False,359,4,2,115.0,587,False,True,True,True,False,False,False,False,True,False,Average,0.732,source-only,N/A,AMD ROCm,None,31.7
R00230,codecraft,startup-6,Large Language Models,Multimodal Models,niche,343,25,16,1,3,0,0,5,28,C++,None,MLX,MIT,2019-12-16,2023-11-02,1417,False,997,84,33,192.7,750,False,True,False,False,False,True,True,False,False,False,Poor,0.539,cargo,N/A,Apple Silicon,AWS,33.7
R00231,rapid-guard,indie-dev-40,Computer Vision,Super Resolution,niche,178,44,10,0,0,2,44,1,11,Rust,R,TensorFlow,MIT,2017-03-07,2022-10-05,2038,False,740,79,28,219.2,4138,False,True,False,True,False,False,False,True,False,False,Missing,0.72,brew,N/A,CPU+GPU,None,35.5
R00232,bench-flow,research-lab-13,Large Language Models,Multimodal Models,niche,228,53,15,1,14,0,0,1,12,Python,Java|C++|Scala,None/Custom,MIT,2015-12-19,2017-08-28,618,False,256,21,3,185.3,77,True,False,False,False,False,False,True,True,False,False,Excellent,0.759,docker-only,3.10+,CPU+GPU,Modal,22.1
R00233,OHAZA,indie-dev-16,Large Language Models,Prompt Engineering,niche,500,62,15,5,62,2,28,2,49,Python,None,MLX,Apache-2.0,2022-03-08,2025-10-15,1317,True,2663,265,13,8.0,914,True,False,True,True,False,False,True,False,False,False,Poor,0.989,conda,3.11+,Multi-GPU,Hugging Face,55.2
R00234,SAIFS,indie-dev-21,Natural Language Processing,Machine Translation,moderate,1506,421,89,6,42,2,30,6,187,Python,Kotlin|R,MLX,Apache-2.0,2020-03-03,2021-10-08,584,False,22168,3122,5,129.6,835,True,True,False,False,False,True,True,False,False,False,Poor,0.732,docker-only,3.10+,Multi-GPU,Hugging Face,36.1
R00235,rapid-grad,meta-llama,Audio & Speech,Text-to-Speech,moderate,1627,328,34,10,72,1,21,5,21,Python,None,TensorFlow,Proprietary,2016-07-14,2022-06-05,2152,False,1258,90,26,129.2,808,True,True,False,False,False,False,False,False,False,False,Average,0.74,pip+conda,3.8+,CPU+GPU,Modal,47.5
R00236,auto-train,indie-dev-29,Natural Language Processing,Embeddings,moderate,3000,673,114,23,163,7,71,9,81,Python,C|Zig|Java,PyTorch,Apache-2.0,2018-06-30,2022-08-23,1515,False,4344,79,34,496.0,645,False,True,True,False,False,True,False,False,False,False,Excellent,0.874,pip+conda,3.11+,CPU,AWS,40.7
R00237,data-ml,ggerganov,Generative AI,Code Generation,moderate,1884,139,93,33,193,3,47,28,371,Swift,R|Python,None/Custom,AGPL-3.0,2020-04-05,2021-01-03,273,False,5240,489,7,216.3,7633,False,True,False,True,False,True,False,False,False,False,Good,0.659,cargo,N/A,AMD ROCm,Together AI,40.4
R00238,DSY,unsloth-ai,Natural Language Processing,RAG Frameworks,new,18,5,0,9,22,1,15,2,41,Swift,Rust|TypeScript|C,Flax,Apache-2.0,2023-01-10,2024-03-07,422,False,23,44,6,626.9,625,False,True,False,True,False,True,False,True,True,False,Excellent,0.595,npm,N/A,CPU,Modal,31.8
R00239,cross-code-box,indie-dev-23,Natural Language Processing,Sentiment Analysis,niche,209,38,11,1,9,0,0,1,10,Python,Julia|R|Swift,PyTorch,Apache-2.0,2020-07-15,2021-04-07,266,False,1405,101,6,197.7,1967,False,True,False,False,False,False,False,True,False,False,Good,0.636,conda,3.8+,AMD ROCm,Azure,24.0
R00240,tunecraft,pytorch,Computer Vision,Image Generation,niche,328,93,17,3,27,0,0,3,61,Python,C++|Go,Keras,BSD-3-Clause,2019-01-29,2021-05-23,845,False,1631,146,13,338.4,78,True,False,False,True,False,False,False,False,False,False,Good,0.74,brew,3.9+,Apple Silicon,GCP,39.7
R00241,micro-quant,research-lab-20,AI Safety & Interpretability,Fairness & Bias,niche,263,26,6,1,2,1,17,1,11,Python,Swift,ONNX,Custom,2016-07-05,2016-12-03,151,False,64,24,1,289.6,511,False,True,False,False,False,False,False,False,False,False,Good,0.544,source-only,3.10+,AMD ROCm,Together AI,18.0
R00242,YBN,indie-dev-55,Computer Vision,3D Vision,popular,9467,2080,676,99,260,20,422,26,541,Python,C,ONNX,AGPL-3.0,2018-07-12,2022-10-30,1571,False,7461,122,15,133.8,448,True,True,True,True,True,False,False,False,False,False,Good,0.708,pip,3.9+,AMD ROCm,Replicate,70.0
R00243,simple-grad-ops,startup-16,Graph & Geometric ML,Point Cloud Processing,popular,4674,735,370,51,196,15,103,25,454,Python,Mojo,TensorFlow,Unlicense,2018-03-11,2021-11-12,1342,False,1707,18,34,299.1,347,True,True,True,True,True,False,True,True,True,False,Good,0.33,docker-only,3.8+,CPU,GCP,64.8
R00244,hyper-bert-box,indie-dev-57,Audio & Speech,Speech Recognition,niche,287,77,9,1,3,1,21,2,12,Rust,None,PyTorch,BSD-3-Clause,2022-05-18,2024-10-29,895,False,504,43,9,252.6,401,False,False,False,True,False,False,True,False,True,False,Average,0.666,npm,N/A,Apple Silicon,None,25.0
R00245,smart-pipe-base,pinecone-io,Computer Vision,Super Resolution,moderate,2139,639,55,6,88,5,66,8,47,Python,None,TensorFlow,MIT,2018-03-23,2021-04-12,1116,False,3763,422,4,395.4,842,False,True,False,True,False,True,False,False,True,False,Average,0.791,docker-only,3.12+,Apple Silicon,Replicate,37.4
R00246,GNMI,indie-dev-56,Graph & Geometric ML,Geometric Deep Learning,new,26,2,1,5,43,0,0,1,10,Rust,Scala,TensorFlow,BSD-3-Clause,2022-07-13,2025-09-06,1151,True,235,6,33,11.1,248,False,False,True,False,False,False,False,False,False,True,Good,0.265,npm,N/A,TPU,Multi-cloud,39.1
R00247,doc-flow,startup-40,Data Engineering,Synthetic Data,niche,96,15,4,6,48,3,56,1,10,Python,Julia,None/Custom,MIT,2024-04-23,2024-07-27,95,False,374,33,0,235.9,471,True,True,True,False,False,False,False,True,False,False,Good,0.468,docker-only,3.10+,CPU,Together AI,29.2
R00248,gpt-base,startup-40,Natural Language Processing,Text Generation,new,13,3,0,9,89,0,0,1,22,Swift,R|Mojo,MLX,Apache-2.0,2015-12-10,2019-07-17,1315,False,89,46,10,137.7,4385,False,True,False,False,True,False,False,False,False,False,Excellent,0.205,conda,N/A,AMD ROCm,Hugging Face,26.7
R00249,flex-grad-ops,unsloth-ai,MLOps & Infrastructure,AutoML,niche,131,35,1,1,4,1,16,1,22,Python,Julia|Scala,PyTorch,Apache-2.0,2016-08-13,2017-11-23,467,False,496,43,7,115.1,24,False,True,False,False,False,False,False,True,False,False,Good,0.714,pip,3.12+,Multi-GPU,AWS,23.6
R00250,agent-box,research-lab-23,Data Engineering,Synthetic Data,viral,68858,21242,3470,559,6567,265,7373,411,10604,Swift,None,JAX,MIT,2022-11-09,2024-12-21,773,False,58008,2763,5,193.9,203,True,True,False,False,False,False,False,False,True,False,Good,0.798,source-only,N/A,TPU,Replicate,63.0
R00251,micro-text,startup-8,AI Safety & Interpretability,Red Teaming,niche,132,23,7,0,0,5,126,1,10,Python,None,PyTorch,MIT,2019-08-19,2023-06-11,1392,False,158,1,31,327.8,439,True,True,False,False,False,False,False,False,False,False,Good,0.87,pip,3.9+,Multi-GPU,Replicate,35.4
R00252,doc-forge,intel-analytics,Graph & Geometric ML,Graph Neural Networks,niche,455,149,36,9,120,0,0,5,41,Python,None,Keras,AGPL-3.0,2016-10-08,2019-08-26,1052,False,2142,62,23,168.0,128,False,False,False,True,False,False,False,False,False,False,Good,0.834,npm,3.10+,TPU,Replicate,35.7
R00253,diffrs,research-lab-2,Natural Language Processing,Text Generation,niche,201,34,4,2,28,1,24,2,30,Rust,None,CUDA,MIT,2022-04-04,2025-10-08,1283,True,299,31,18,22.2,790,False,True,False,False,False,True,False,False,True,False,Good,0.597,brew,N/A,TPU,GCP,48.4
R00254,graph-py,startup-11,Reinforcement Learning,Multi-Agent Systems,niche,158,31,5,0,0,1,10,1,46,Python,Mojo,PyTorch,BSD-3-Clause,2020-07-17,2022-10-07,812,False,101,3,9,122.4,547,True,True,True,True,False,False,False,True,False,False,Excellent,0.921,pip+conda,3.10+,CUDA GPU,Multi-cloud,37.2
R00255,benchwave,mlflow,Reinforcement Learning,Game AI,new,18,5,0,1,6,2,13,1,19,C,Scala|R,Triton,GPL-3.0,2021-03-31,2021-08-28,150,False,20,47,1,165.1,131,False,True,False,True,False,False,True,False,True,False,Good,0.552,source-only,N/A,TPU,Modal,29.5
R00256,text-forge,eleutherai,Generative AI,3D Generation,moderate,1905,585,133,24,260,4,53,6,116,Python,None,TensorFlow,Custom,2017-12-02,2019-04-24,508,False,52655,4290,4,168.7,208,True,True,False,False,False,False,False,False,False,False,Average,0.776,brew,3.9+,TPU,AWS,36.6
R00257,infer-ml,cohere-ai,MLOps & Infrastructure,Feature Stores,moderate,1982,665,65,35,129,3,67,25,597,Python,Swift,PyTorch,Apache-2.0,2020-04-10,2021-10-24,562,False,13849,627,6,298.7,545,False,True,False,False,False,True,True,False,True,False,Average,0.731,cargo,3.12+,Apple Silicon,AWS,28.8
R00258,FNCHY,mlflow,AI Safety & Interpretability,Watermarking,niche,258,78,9,1,11,1,17,1,12,Python,None,None/Custom,Apache-2.0,2024-12-13,2025-06-29,198,False,327,41,3,529.2,1369,False,False,False,True,True,False,False,False,False,False,Excellent,0.903,brew,3.12+,CPU,Hugging Face,22.0
R00259,GBZ,startup-24,Reinforcement Learning,Multi-Agent Systems,moderate,2671,838,162,28,285,5,58,11,94,Python,None,TensorFlow,Apache-2.0,2015-08-16,2024-01-17,3076,False,21706,1411,44,116.6,524,True,False,False,True,False,True,False,True,False,False,Excellent,0.505,docker-only,3.11+,TPU,Azure,50.5
R00260,multi-data-studio,indie-dev-65,Generative AI,GANs,moderate,1033,212,42,4,59,2,22,5,140,Python,C++|Zig,TensorFlow,Apache-2.0,2019-12-30,2024-06-05,1619,False,3841,358,6,126.9,58,True,False,True,False,False,False,False,False,False,False,Average,0.627,brew,3.10+,CPU,Replicate,26.4
R00261,next-merge,tencent-ailab,Reinforcement Learning,Robotics Control,new,31,7,1,7,82,4,71,1,12,Python,C++|Rust|C,PyTorch,Apache-2.0,2022-09-03,2024-06-09,645,False,227,33,11,72.8,431,True,False,False,True,False,True,False,True,False,False,Good,0.408,conda,3.8+,TPU,Replicate,37.6
R00262,lite-grad-core,startup-26,AI Safety & Interpretability,Guardrails,moderate,1641,288,41,18,253,2,31,12,270,R,None,PyTorch,MIT,2017-12-21,2021-11-18,1428,False,5092,299,37,99.8,85,False,False,False,True,False,True,True,True,False,False,Poor,0.632,brew,N/A,Multi-GPU,None,38.8
R00263,LWVWV,lightning-ai,Data Engineering,Synthetic Data,popular,10266,3575,269,68,528,35,766,47,536,Python,Lua,CUDA,LGPL-3.0,2016-05-27,2017-12-31,583,False,96145,12618,7,170.4,486,True,True,True,True,False,False,True,True,False,False,Excellent,0.768,brew,3.9+,CUDA GPU,Modal,68.8
R00264,bertcore,chromadb,Graph & Geometric ML,Knowledge Graphs,niche,273,34,13,1,12,0,0,1,10,Go,Python|Rust,ONNX,BSD-3-Clause,2018-04-22,2024-10-09,2362,False,282,12,9,113.2,880,False,False,False,False,False,False,False,False,False,False,Average,0.445,brew,N/A,CPU+GPU,Multi-cloud,16.6
R00265,quick-bert,indie-dev-20,Data Engineering,ETL for ML,new,15,4,0,8,115,5,32,1,12,Python,Scala|R,PyTorch,BSD-3-Clause,2021-03-16,2021-08-23,160,False,15,1,1,99.0,276,True,False,False,False,False,False,False,False,False,False,Good,0.423,pip+conda,3.11+,Apple Silicon,Hugging Face,20.2
R00266,servewave,research-lab-36,MLOps & Infrastructure,Pipeline Orchestration,niche,308,26,4,4,16,0,0,1,32,C++,TypeScript,ONNX,MIT,2023-05-27,2023-09-22,118,False,931,109,0,142.8,171,True,False,False,True,True,True,False,True,True,False,Poor,0.592,conda,N/A,CPU,Hugging Face,28.7
R00267,modelwave,research-lab-3,MLOps & Infrastructure,Model Serving,niche,153,32,3,1,12,2,46,1,20,Zig,None,None/Custom,AGPL-3.0,2017-07-06,2023-01-18,2022,False,64,35,28,102.2,178,True,True,False,False,False,False,False,True,False,False,Excellent,0.735,conda,N/A,CPU,Together AI,44.6
R00268,quick-data,startup-42,Large Language Models,Fine-tuning Tools,moderate,1430,189,109,19,48,2,57,6,83,Python,Zig|C,TensorFlow,LGPL-3.0,2017-04-21,2021-06-10,1511,False,1312,39,19,137.6,473,True,True,False,True,False,False,False,True,False,False,Good,0.747,docker-only,3.8+,CUDA GPU,Hugging Face,54.9
R00269,infer-stack54,startup-25,MLOps & Infrastructure,Feature Stores,niche,443,47,8,8,100,0,0,1,17,C,None,Triton,Apache-2.0,2019-10-23,2024-07-11,1723,False,783,77,15,103.4,2207,False,False,False,False,False,False,True,True,False,False,Good,0.777,pip,N/A,TPU,Azure,21.5
R00270,UWZ,indie-dev-47,Generative AI,VAEs,niche,246,29,7,7,77,1,10,1,30,Java,None,PyTorch,Apache-2.0,2019-07-05,2025-10-15,2294,True,464,35,34,15.8,2368,False,False,False,True,False,False,False,False,False,False,Good,0.554,pip+conda,N/A,CPU+GPU,Multi-cloud,49.8
R00271,deep-gpt-box,startup-5,Audio & Speech,Audio Classification,viral,43299,2889,2281,164,499,69,499,541,5647,Java,Go|TypeScript|Rust,JAX,Apache-2.0,2023-01-23,2025-03-20,787,False,58992,8112,7,167.4,320,True,True,True,False,True,False,False,True,False,False,Average,0.611,source-only,N/A,CPU+GPU,None,62.8
R00272,DBYU,indie-dev-16,Computer Vision,Image Classification,new,32,6,2,0,0,3,27,1,37,Python,Scala|Mojo|Lua,MLX,GPL-3.0,2021-06-02,2025-08-19,1539,True,1073,148,7,10.0,205,False,False,False,True,False,False,False,False,False,False,Good,0.738,source-only,3.9+,AMD ROCm,Modal,30.4
R00273,super-bench,wandb,Data Engineering,Data Labeling,new,32,10,0,4,19,3,70,3,38,Python,C|Kotlin|Scala,JAX,AGPL-3.0,2015-09-12,2020-07-17,1770,False,18,16,31,156.4,714,False,False,False,False,False,False,False,True,False,False,Good,0.48,conda,3.12+,Multi-GPU,Multi-cloud,23.6
R00274,mergeml,indie-dev-34,Large Language Models,Agents & Tool Use,niche,114,36,5,1,6,3,47,1,22,Python,Rust|C,PyTorch,Apache-2.0,2016-05-01,2023-02-28,2494,False,230,27,30,277.2,992,False,True,False,False,True,False,True,False,False,False,Poor,0.838,conda,3.8+,TPU,Together AI,33.9
R00275,deep-gpt-flow,indie-dev-19,AI Safety & Interpretability,Guardrails,new,32,5,0,10,78,3,71,3,25,Python,None,ONNX,AGPL-3.0,2021-05-06,2023-12-18,956,False,361,13,12,83.1,3498,False,True,False,False,False,False,False,False,False,False,Good,0.369,brew,3.8+,AMD ROCm,None,28.2
R00276,dyna-serve,research-lab-21,Natural Language Processing,Chatbot Frameworks,niche,189,36,4,3,26,4,90,1,20,C++,None,PyTorch,Proprietary,2023-12-06,2024-11-16,346,False,534,24,3,100.1,1233,False,False,False,False,False,False,True,False,False,False,Good,0.542,cargo,N/A,CUDA GPU,Modal,11.7
R00277,omni-rl,indie-dev-42,Graph & Geometric ML,Point Cloud Processing,new,15,4,0,15,220,0,0,1,25,Python,Mojo,JAX,Apache-2.0,2021-08-09,2021-12-09,122,False,96,5,0,313.8,328,True,True,True,True,False,True,False,True,True,False,Good,0.345,docker-only,3.8+,CPU,Replicate,39.5
R00278,lite-infer,indie-dev-6,Data Engineering,Synthetic Data,new,12,2,0,1,3,1,24,3,75,Python,Swift,JAX,Apache-2.0,2019-03-19,2020-08-25,525,False,24,7,7,142.5,117,True,True,False,True,True,False,False,True,False,False,Excellent,0.45,npm,3.12+,CPU+GPU,None,43.1
R00279,OCUQ,indie-dev-35,MLOps & Infrastructure,Feature Stores,niche,500,54,12,4,37,1,15,3,42,TypeScript,C|Swift,PyTorch,Unlicense,2021-01-22,2022-01-31,374,False,3617,518,4,198.5,65,False,False,False,True,True,False,False,True,False,False,Poor,0.749,docker-only,N/A,CUDA GPU,AWS,23.3
R00280,rl-craft,lightning-ai,Computer Vision,OCR,popular,7056,993,333,174,724,29,848,47,2362,Go,None,CUDA,LGPL-3.0,2019-06-08,2020-11-22,533,False,4741,530,6,174.6,108,True,True,False,False,False,False,False,False,True,False,Good,0.777,brew,N/A,CUDA GPU,Hugging Face,51.4
R00281,next-train,indie-dev-61,Natural Language Processing,Chatbot Frameworks,niche,474,93,22,1,4,0,0,8,138,Python,Lua|Mojo|Swift,None/Custom,Apache-2.0,2015-01-18,2025-03-28,3722,False,2360,167,131,114.9,851,False,False,True,True,False,False,False,True,False,False,Good,0.465,conda,3.8+,CUDA GPU,Modal,34.7
R00282,next-pipe-core,startup-10,Natural Language Processing,Named Entity Recognition,moderate,766,207,9,6,83,1,23,3,12,Python,None,TensorFlow,MIT,2015-03-23,2023-10-23,3136,False,1753,136,43,555.2,443,False,True,False,True,False,True,False,False,False,False,Good,0.481,conda,3.11+,CPU+GPU,None,46.2
R00283,PFRGV,research-lab-4,Graph & Geometric ML,Geometric Deep Learning,niche,226,24,10,2,4,1,11,1,10,Rust,None,PyTorch,Proprietary,2016-12-19,2017-10-12,297,False,548,37,2,162.9,3774,False,False,False,True,False,True,False,False,False,False,Poor,0.997,pip+conda,N/A,CPU,AWS,18.7
R00284,smart-eval-cpp,indie-dev-59,Computer Vision,Super Resolution,moderate,1333,213,22,23,131,1,17,5,195,Python,Go|Rust|Julia,MLX,Apache-2.0,2020-07-22,2022-08-31,770,False,34278,3979,4,103.8,1426,True,True,False,False,False,False,False,False,False,False,Good,0.715,conda,3.10+,Apple Silicon,GCP,34.7
R00285,simple-bench,startup-24,Natural Language Processing,Chatbot Frameworks,niche,144,22,10,10,32,2,10,1,22,Python,Mojo|Rust,Keras,Apache-2.0,2022-01-09,2023-12-24,714,False,389,36,9,204.5,261,True,True,False,False,True,False,True,False,False,False,Poor,0.739,npm,3.8+,Multi-GPU,AWS,34.8
R00286,visionjs,pytorch,Graph & Geometric ML,Molecular ML,popular,11954,2683,760,202,2041,27,223,129,1678,Python,Kotlin|C++,ONNX,Apache-2.0,2016-02-22,2023-10-28,2805,False,13302,1825,49,122.4,1934,True,True,True,True,True,False,False,True,False,False,Excellent,0.583,cargo,3.10+,AMD ROCm,GCP,84.1
R00287,open-opt,startup-22,Computer Vision,Medical Imaging,niche,218,41,5,1,3,0,0,1,16,Swift,Go|Julia|Java,TensorFlow,GPL-3.0,2024-06-05,2025-01-19,228,False,443,17,1,144.2,2922,True,True,True,True,False,False,False,True,False,False,Excellent,0.665,docker-only,N/A,TPU,Hugging Face,38.8
R00288,turbo-llm-stack,vllm-project,Graph & Geometric ML,Knowledge Graphs,popular,9180,1686,616,203,758,15,425,91,1431,Go,Kotlin,PyTorch,Custom,2017-08-30,2023-06-07,2107,False,9179,1297,13,341.8,115,True,True,True,True,True,False,True,False,False,False,Good,0.873,pip+conda,N/A,Apple Silicon,Hugging Face,75.1
R00289,data-core,axolotl-ai,Natural Language Processing,Embeddings,new,34,3,2,7,49,5,60,1,15,Python,None,PyTorch,BSD-3-Clause,2015-01-16,2022-04-15,2646,False,393,57,60,261.7,276,False,True,False,True,True,False,False,True,True,True,Good,0.711,source-only,3.12+,CUDA GPU,AWS,43.9
R00290,ultra-pipe,axolotl-ai,Reinforcement Learning,Robotics Control,moderate,1623,542,41,48,373,1,23,20,188,C++,Go|TypeScript|Mojo,PyTorch,LGPL-3.0,2024-12-05,2025-05-18,164,False,3819,128,0,65.3,66,False,True,False,True,False,True,False,True,True,False,Average,0.738,pip+conda,N/A,AMD ROCm,GCP,34.1
R00291,super-train,indie-dev-76,MLOps & Infrastructure,Data Versioning,new,19,1,0,10,111,4,61,1,44,Python,None,TinyGrad,AGPL-3.0,2019-03-30,2023-07-09,1562,False,44,37,32,168.2,2300,True,True,False,True,True,False,False,False,False,False,Good,0.478,conda,3.11+,CPU,Azure,54.3
R00292,YUYQ,indie-dev-72,Audio & Speech,Audio Classification,new,21,3,0,10,95,5,124,1,20,Python,None,None/Custom,Apache-2.0,2020-03-16,2022-04-18,763,False,55,17,2,291.9,269,False,False,False,False,False,False,False,True,True,False,Good,0.347,docker-only,3.10+,CUDA GPU,Together AI,10.7
R00293,super-text,indie-dev-72,Reinforcement Learning,Environments & Simulators,niche,271,47,19,1,14,1,17,2,22,Rust,Java|Kotlin|Swift,TensorFlow,Apache-2.0,2018-12-11,2021-08-09,972,False,621,80,6,67.1,242,False,True,False,True,False,False,False,True,False,False,Average,0.661,docker-only,N/A,CPU+GPU,Multi-cloud,34.6
R00294,auto-audio,indie-dev-79,Audio & Speech,Speech Recognition,new,18,3,0,6,85,5,67,1,10,Python,Mojo|Julia|Go,None/Custom,Custom,2017-03-31,2021-01-26,1397,False,53,48,46,195.9,331,False,True,True,False,False,False,False,False,False,False,Excellent,0.556,npm,3.12+,Multi-GPU,Replicate,34.5
R00295,netstack76,startup-4,Generative AI,3D Generation,moderate,1427,150,18,5,11,7,172,6,46,Python,Kotlin,None/Custom,BSD-3-Clause,2024-02-18,2025-07-04,502,False,3648,309,1,268.3,275,True,True,False,True,False,True,False,True,False,False,Good,0.885,pip+conda,3.11+,TPU,Together AI,41.1
R00296,lite-grad-ai,ibm-research,Graph & Geometric ML,Graph Neural Networks,new,13,4,0,12,173,3,25,1,12,Python,Kotlin|Go|Swift,PyTorch,GPL-3.0,2016-09-21,2020-07-04,1382,False,7,28,10,227.3,75,False,True,True,False,True,False,False,True,True,False,Good,0.341,docker-only,3.9+,CUDA GPU,Together AI,27.0
R00297,quick-llm-lib42,01-ai,Data Engineering,Data Cleaning,moderate,1857,337,84,15,218,2,57,4,30,Python,Kotlin,Triton,LGPL-3.0,2016-03-29,2017-10-08,558,False,12371,1699,5,66.3,515,True,True,False,False,False,False,False,False,False,False,Good,0.669,brew,3.9+,CPU,GCP,37.2
R00298,optrs,research-lab-5,Generative AI,VAEs,niche,142,38,11,0,0,3,88,1,10,Python,Julia,ONNX,Proprietary,2024-11-10,2025-08-18,281,True,991,128,3,179.0,670,True,False,False,True,False,False,False,True,False,False,Good,0.492,conda,3.9+,Multi-GPU,Replicate,37.6
R00299,mini-serve,indie-dev-77,Reinforcement Learning,Reward Modeling,niche,307,71,11,4,27,0,0,1,10,C,None,None/Custom,MIT,2018-04-10,2025-10-15,2745,True,136,10,69,31.9,1812,True,False,False,False,True,True,False,True,False,False,Average,0.638,pip,N/A,TPU,GCP,49.4
R00300,promptforge,indie-dev-41,Data Engineering,Data Augmentation,moderate,1767,226,18,82,638,3,79,2,33,Python,None,PyTorch,BSD-3-Clause,2015-06-04,2015-08-16,73,False,8493,250,1,285.0,3542,True,True,True,False,False,False,False,True,True,False,Average,0.813,conda,3.10+,CUDA GPU,Together AI,33.3
R00301,servex,THUDM,Natural Language Processing,Question Answering,moderate,1686,283,119,13,189,1,18,4,94,Python,None,MLX,Apache-2.0,2019-12-10,2024-01-14,1496,False,2785,296,9,268.7,75,True,True,False,False,False,False,True,False,False,False,Excellent,0.537,cargo,3.9+,TPU,Hugging Face,39.9
R00302,pipe-x,stability-ai,Natural Language Processing,Tokenization,moderate,779,83,24,10,77,1,11,3,43,Go,None,PyTorch,Proprietary,2015-03-01,2019-01-09,1410,False,2446,257,39,245.7,684,True,False,False,False,True,False,False,True,False,False,Poor,0.629,pip+conda,N/A,TPU,GCP,35.7
R00303,graph-hub,mosaicml,Audio & Speech,Music Generation,popular,15000,1699,1033,129,482,22,451,121,745,C++,Swift,PyTorch,BSD-3-Clause,2015-03-03,2019-10-05,1677,False,14679,1266,12,138.8,204,True,True,True,False,True,False,True,False,False,False,Poor,0.618,npm,N/A,AMD ROCm,None,66.9
R00304,pro-search,startup-17,Data Engineering,Dataset Management,niche,186,29,6,3,8,2,25,1,10,Python,None,None/Custom,Custom,2022-10-12,2023-08-10,302,False,583,69,3,70.2,567,False,True,True,False,False,False,False,False,False,True,Excellent,0.929,docker-only,3.8+,CPU+GPU,Multi-cloud,20.0
R00305,tensorwave,ibm-research,Computer Vision,Object Detection,moderate,1152,78,68,27,322,1,12,5,70,Python,R,PyTorch,Proprietary,2019-03-15,2024-11-15,2072,False,1905,138,40,263.5,1864,False,False,False,True,False,False,False,False,False,False,Good,0.883,source-only,3.9+,CPU,Hugging Face,37.0
R00306,graph-box,startup-25,Natural Language Processing,Named Entity Recognition,new,47,4,2,12,98,4,53,1,20,Python,C++,Flax,MIT,2022-09-16,2024-01-14,485,False,361,32,6,184.9,7696,True,False,True,True,True,False,False,False,True,True,Average,0.107,cargo,3.9+,Apple Silicon,Multi-cloud,33.6
R00307,flowwave,indie-dev-13,MLOps & Infrastructure,Pipeline Orchestration,moderate,1692,340,55,22,74,4,97,6,32,R,Rust|Julia,TensorFlow,MIT,2021-06-19,2024-01-23,948,False,9170,238,19,236.1,853,True,True,False,False,False,False,True,True,False,False,Poor,0.999,npm,N/A,AMD ROCm,Together AI,45.9
R00308,agent-ops,indie-dev-56,AI Safety & Interpretability,Adversarial Robustness,niche,407,84,5,1,9,0,0,1,17,Rust,TypeScript|Lua,TensorFlow,MIT,2018-03-06,2022-06-19,1566,False,3300,108,18,232.1,1771,True,True,False,False,False,False,False,False,False,False,Average,0.575,conda,N/A,AMD ROCm,Replicate,43.4
R00309,next-model,deepseek-ai,Data Engineering,ETL for ML,niche,266,82,18,1,5,0,0,1,16,Python,Java|C|Lua,TensorFlow,BSD-3-Clause,2017-03-06,2025-10-15,3145,True,923,117,24,38.3,750,False,False,False,False,False,True,False,False,False,False,Average,0.585,brew,3.12+,Apple Silicon,Azure,39.0
R00310,mini-opt-craft,aws,Large Language Models,Foundation Models,niche,401,61,32,8,102,1,29,1,10,C++,None,TensorFlow,GPL-3.0,2023-08-24,2023-12-26,124,False,1958,197,1,287.1,175,False,True,True,False,False,True,False,False,False,False,Good,0.639,conda,N/A,TPU,GCP,20.9
R00311,EIXG,indie-dev-18,Data Engineering,Dataset Management,moderate,1700,506,100,8,112,0,0,4,57,Go,Zig,None/Custom,Apache-2.0,2015-01-27,2017-01-15,719,False,6628,127,7,63.4,659,False,False,True,True,False,False,False,False,False,False,Good,0.391,npm,N/A,CPU,Multi-cloud,28.4
R00312,neo-eval-core,startup-42,Graph & Geometric ML,Graph Neural Networks,niche,240,59,14,3,7,0,0,1,10,Python,Julia,PyTorch,MIT,2022-02-19,2023-02-24,370,False,121,2,7,55.1,943,True,True,False,True,False,False,False,False,True,False,Average,0.65,docker-only,3.12+,TPU,Modal,42.8
R00313,embedwave,indie-dev-34,Data Engineering,Synthetic Data,new,13,4,0,10,33,1,27,1,17,C,None,TensorFlow,MIT,2022-08-24,2024-08-25,732,False,67,22,2,236.1,200,False,False,True,False,False,False,False,True,True,False,Missing,0.324,cargo,N/A,CPU+GPU,Hugging Face,9.3
R00314,labspark,indie-dev-45,AI Safety & Interpretability,Guardrails,niche,286,64,6,3,38,0,0,1,11,Python,None,Triton,Apache-2.0,2022-05-28,2023-07-16,414,False,944,117,2,124.9,100,False,False,False,False,False,False,False,False,False,False,Poor,0.487,pip+conda,3.8+,TPU,None,11.4
R00315,WEQ,mistralai,Graph & Geometric ML,Geometric Deep Learning,viral,87965,23800,4732,419,2757,241,1964,1528,31319,TypeScript,C|Swift|C++,MLX,Proprietary,2016-06-07,2022-02-05,2069,False,387080,50399,24,112.3,795,True,True,True,True,False,False,True,False,True,False,Good,0.768,docker-only,N/A,TPU,Multi-cloud,83.7
R00316,multi-merge-spark,indie-dev-76,Computer Vision,Image Generation,niche,459,130,27,8,48,0,0,3,58,Python,None,Flax,Proprietary,2022-02-08,2024-12-11,1037,False,1490,49,6,133.4,971,False,False,False,True,False,False,False,False,False,False,Poor,0.715,conda,3.10+,CUDA GPU,None,24.3
R00317,auto-text,research-lab-11,Audio & Speech,Speaker Diarization,new,13,1,0,3,41,4,34,1,39,Python,None,Triton,GPL-3.0,2017-02-09,2025-07-16,3079,False,11,0,45,235.5,173,True,False,True,True,False,False,False,False,True,False,Average,0.793,pip,3.11+,CPU,Together AI,44.4
R00318,searchkit,indie-dev-67,Reinforcement Learning,Robotics Control,moderate,2171,400,83,7,97,5,58,5,33,Python,R|Zig|Lua,PyTorch,Apache-2.0,2022-08-17,2025-04-06,963,False,12991,436,10,191.9,899,False,False,True,False,False,False,False,True,False,True,Poor,0.743,cargo,3.9+,CUDA GPU,AWS,21.7
R00319,quant-ops,startup-37,Reinforcement Learning,Reward Modeling,moderate,2037,216,63,15,55,4,84,8,69,Python,Swift|Java|Kotlin,TensorFlow,Apache-2.0,2016-10-14,2017-02-09,118,False,3752,382,4,287.5,822,True,False,True,False,False,True,False,False,False,False,Average,0.875,npm,3.9+,TPU,Modal,25.7
R00320,codekit,startup-25,MLOps & Infrastructure,Data Versioning,moderate,3000,185,125,42,452,3,88,17,449,TypeScript,Mojo|Scala|Rust,ONNX,Custom,2023-05-24,2024-01-09,230,False,18909,472,2,122.1,555,True,False,False,False,False,True,False,True,True,False,Average,0.949,pip+conda,N/A,AMD ROCm,Azure,28.3
R00321,tensorml,indie-dev-41,Computer Vision,Video Analysis,niche,159,28,5,1,5,5,139,1,21,Rust,Kotlin|Zig|Lua,CUDA,BSD-3-Clause,2020-06-24,2022-04-04,649,False,450,44,12,104.0,2848,True,True,False,True,False,False,True,True,True,False,Poor,0.506,pip,N/A,CUDA GPU,Modal,47.8
R00322,cross-data-craft,indie-dev-63,Large Language Models,Evaluation & Benchmarks,moderate,1411,346,54,16,35,2,50,11,96,Python,C++|Lua,MLX,AGPL-3.0,2022-03-25,2024-09-28,918,False,6535,979,6,119.2,652,True,False,True,False,False,False,False,False,False,False,Average,0.732,conda,3.9+,CPU,Azure,25.3
R00323,FAROZ,databricks,Audio & Speech,Speech Recognition,new,44,3,3,6,33,5,126,1,10,Python,C++,CUDA,Apache-2.0,2016-06-11,2022-12-22,2385,False,97,23,23,115.5,121,False,True,False,False,False,True,False,False,True,False,Excellent,0.864,source-only,3.10+,TPU,Together AI,33.6
R00324,WDV,cohere-ai,Natural Language Processing,Named Entity Recognition,moderate,1528,102,28,16,135,2,45,6,139,Python,None,Triton,GPL-3.0,2017-02-09,2018-10-12,610,False,15114,1699,3,133.5,239,True,True,True,False,True,True,False,False,False,True,Good,0.749,cargo,3.9+,TPU,GCP,34.8
R00325,meta-pipe-studio,research-lab-14,Graph & Geometric ML,Geometric Deep Learning,moderate,1852,356,124,14,136,3,60,9,308,Go,Kotlin|Python,Triton,MIT,2016-11-02,2021-08-17,1749,False,14187,1393,16,97.3,330,True,True,False,False,False,True,False,False,True,False,Good,0.793,pip+conda,N/A,CPU,Multi-cloud,45.7
R00326,datahub,startup-6,Large Language Models,Agents & Tool Use,moderate,1232,248,26,25,297,2,32,15,191,Rust,None,PyTorch,Apache-2.0,2024-10-26,2025-04-30,186,False,2711,223,1,166.6,290,False,True,True,True,True,True,False,True,False,False,Average,0.979,pip+conda,N/A,AMD ROCm,Modal,33.9
R00327,IAV,THUDM,Generative AI,Creative AI,niche,359,81,8,1,12,0,0,1,22,Python,Rust|Lua,ONNX,Apache-2.0,2022-05-17,2023-03-01,288,False,628,65,0,119.6,936,False,False,False,False,False,False,False,True,False,False,Average,0.537,docker-only,3.9+,CPU+GPU,GCP,10.0
R00328,smart-search-x,startup-6,Computer Vision,Image Segmentation,moderate,1745,341,86,13,125,1,16,10,428,Python,Julia|C|Swift,Keras,MIT,2017-09-10,2018-10-28,413,False,5057,224,6,148.4,528,False,False,False,True,False,False,False,False,True,True,Good,0.814,pip+conda,3.8+,CPU+GPU,Together AI,28.0
R00329,mini-distill-spark,research-lab-15,Graph & Geometric ML,Graph Neural Networks,niche,178,28,3,7,84,5,52,1,10,C,None,MLX,MIT,2020-01-12,2022-01-01,720,False,386,53,5,94.1,3688,True,True,False,True,False,False,False,True,False,False,Poor,0.592,conda,N/A,CPU+GPU,None,43.4
R00330,simple-code-cpp,startup-8,MLOps & Infrastructure,Experiment Tracking,new,25,6,0,12,174,1,9,1,16,C,None,Triton,Apache-2.0,2022-01-29,2025-05-07,1194,False,21,2,23,242.2,1203,False,False,False,True,True,False,False,True,True,False,Good,0.707,conda,N/A,CPU,Replicate,34.5
R00331,pipex,THUDM,Generative AI,Code Generation,new,46,3,1,15,163,0,0,3,29,Python,None,PyTorch,Apache-2.0,2019-08-10,2021-01-28,537,False,62,19,2,104.5,280,True,False,False,True,False,False,False,True,False,True,Poor,0.483,conda,3.9+,Multi-GPU,Multi-cloud,31.0
R00332,fast-train-ops,indie-dev-24,Data Engineering,Dataset Management,moderate,1928,100,111,26,260,2,12,7,123,C++,None,Triton,Custom,2015-05-10,2017-03-26,686,False,1295,79,11,271.4,1000,True,True,False,False,True,False,False,True,False,False,Poor,0.807,conda,N/A,CUDA GPU,GCP,41.9
R00333,super-infer,meta-llama,Audio & Speech,Voice Cloning,niche,261,73,11,3,39,0,0,1,20,Python,None,PyTorch,Custom,2023-08-10,2025-08-09,730,True,888,80,12,9.4,571,False,True,True,False,False,False,False,False,True,False,Poor,0.871,pip+conda,3.9+,Multi-GPU,Multi-cloud,43.9
R00334,datastack,replicate,Graph & Geometric ML,Knowledge Graphs,viral,83040,17654,3501,850,10154,450,7709,220,3296,Rust,TypeScript,TensorFlow,MIT,2024-08-02,2025-06-30,332,False,374152,12771,4,103.9,1578,True,True,True,True,False,False,False,False,False,False,Good,0.601,pip+conda,N/A,CPU,AWS,72.2
R00335,auto-chat-studio,startup-2,Reinforcement Learning,Multi-Agent Systems,niche,278,35,18,1,9,1,18,1,16,Python,Rust,PyTorch,BSD-3-Clause,2019-09-09,2022-07-16,1041,False,707,91,10,111.1,306,True,True,False,True,True,False,False,True,True,True,Average,0.64,source-only,3.9+,CPU+GPU,Hugging Face,47.2
R00336,uni-grad-stack,indie-dev-0,Graph & Geometric ML,Point Cloud Processing,niche,309,48,20,5,66,0,0,2,14,Python,TypeScript,ONNX,GPL-3.0,2022-04-17,2023-12-03,595,False,1203,33,3,280.2,369,True,False,False,False,True,False,True,False,False,False,Good,0.874,npm,3.9+,CPU+GPU,AWS,22.4
R00337,pipe-flow,indie-dev-4,Generative AI,Creative AI,popular,12377,2498,829,128,911,34,890,63,1470,R,None,TensorFlow,BSD-3-Clause,2024-11-01,2025-09-13,316,True,1404,110,4,12.5,709,False,True,True,False,True,True,False,False,True,True,Average,0.466,cargo,N/A,CPU+GPU,Replicate,63.1
R00338,rlstack,indie-dev-52,Computer Vision,Image Generation,niche,185,41,4,1,5,3,86,1,35,Rust,Julia|Go|TypeScript,PyTorch,GPL-3.0,2023-06-02,2024-12-04,551,False,407,21,2,155.9,896,False,True,False,False,False,False,False,False,True,False,Excellent,0.428,pip,N/A,CUDA GPU,Together AI,20.3
R00339,code-ml,salesforce-research,Large Language Models,Prompt Engineering,niche,203,68,7,1,7,0,0,1,10,C++,C,PyTorch,GPL-3.0,2018-01-12,2018-09-10,241,False,1169,15,2,343.0,1239,False,False,False,False,False,True,True,False,True,False,Average,0.433,source-only,N/A,CPU,Multi-cloud,10.8
R00340,hyper-agent-ai,startup-42,Generative AI,Creative AI,moderate,1518,474,52,34,468,2,34,10,85,Python,None,TensorFlow,BSD-3-Clause,2023-09-23,2025-06-11,627,False,3789,81,8,162.8,553,False,False,False,False,False,False,False,False,False,False,Good,0.84,source-only,3.11+,Multi-GPU,Azure,19.4
R00341,safe-lib23,indie-dev-65,MLOps & Infrastructure,GPU Management,moderate,2617,907,74,28,97,7,124,36,430,C++,TypeScript,Keras,BSD-3-Clause,2023-03-07,2023-10-07,214,False,14590,758,1,132.9,2529,True,True,False,False,False,False,False,True,False,True,Excellent,0.622,pip,N/A,TPU,GCP,37.3
R00342,poly-gpt,startup-17,Large Language Models,Quantization,niche,254,83,13,6,40,0,0,1,13,Python,None,PyTorch,Proprietary,2015-12-09,2019-01-08,1126,False,1230,96,13,219.1,2064,False,True,False,True,False,True,False,False,False,False,Good,1.0,pip,3.9+,CUDA GPU,Together AI,39.1
R00343,meta-rl-hub,apache,Natural Language Processing,Text Generation,popular,6864,2064,143,38,259,13,197,47,376,Python,None,TensorFlow,MIT,2021-02-08,2022-11-07,637,False,3819,565,5,180.8,20067,True,True,True,True,True,False,False,False,False,False,Good,0.924,conda,3.9+,CPU,None,60.9
R00344,deep-lab-forge,fastai,Computer Vision,Face Recognition,niche,229,33,11,1,14,0,0,1,12,Python,Scala|TypeScript,ONNX,MIT,2015-06-27,2022-05-07,2506,False,1808,54,63,276.1,179,False,True,False,True,True,False,False,False,False,False,Excellent,0.791,npm,3.9+,CPU,Hugging Face,44.9
R00345,prompt-core,intel-analytics,AI Safety & Interpretability,Explainability,moderate,1476,105,87,13,135,1,15,11,258,Scala,Julia,CUDA,MIT,2021-06-24,2023-12-16,905,False,1308,22,9,98.7,65,True,True,False,False,False,False,False,False,False,False,Good,0.552,brew,N/A,TPU,Together AI,39.9
R00346,MCS,research-lab-7,Data Engineering,ETL for ML,niche,231,36,8,1,11,0,0,1,18,Go,TypeScript,TensorFlow,MIT,2023-09-16,2025-09-25,740,True,218,21,18,15.9,1349,False,True,False,True,True,False,False,False,False,True,Good,0.744,pip+conda,N/A,CPU+GPU,Multi-cloud,58.2
R00347,net-ml,research-lab-38,Large Language Models,Fine-tuning Tools,niche,232,70,12,2,27,2,47,1,25,Python,Java|Rust,None/Custom,BSD-3-Clause,2022-11-23,2023-10-12,323,False,944,89,2,210.1,291,True,False,False,True,False,True,True,False,False,True,Good,0.756,docker-only,3.9+,Multi-GPU,Modal,31.4
R00348,embedcore,intel-analytics,Natural Language Processing,Question Answering,niche,224,12,8,4,42,0,0,1,54,Java,C,PyTorch,Apache-2.0,2016-09-30,2017-07-02,275,False,1157,149,6,168.3,1625,True,False,False,False,False,False,False,True,False,False,Excellent,0.51,npm,N/A,TPU,Multi-cloud,24.2
R00349,labml,modal-labs,MLOps & Infrastructure,AutoML,moderate,3000,737,83,22,99,6,144,39,1081,Rust,Swift|Mojo|Java,ONNX,Apache-2.0,2024-03-22,2025-10-15,572,True,31511,3463,2,31.2,395,True,True,False,False,False,True,False,False,True,False,Good,0.879,conda,N/A,CPU,Multi-cloud,54.6
R00350,YJG,research-lab-23,Generative AI,GANs,new,15,2,1,8,107,0,0,1,24,R,Zig|Kotlin|Python,PyTorch,MIT,2015-05-13,2018-02-20,1014,False,30,19,8,187.7,1728,True,True,True,True,True,False,False,False,False,True,Good,0.362,conda,N/A,Multi-GPU,Together AI,45.4
R00351,bert-craft,research-lab-10,Data Engineering,Data Cleaning,niche,500,82,20,1,8,0,0,2,12,Python,C++|R,PyTorch,BSD-3-Clause,2024-09-28,2024-11-16,49,False,4694,487,0,105.7,594,False,False,False,False,True,False,False,False,False,False,Good,0.762,source-only,3.9+,CPU+GPU,None,10.1
R00352,pro-bench-ml,weaviate,Data Engineering,Data Augmentation,niche,251,59,11,4,12,0,0,1,10,Python,Swift|C++|Rust,PyTorch,LGPL-3.0,2021-11-05,2025-04-30,1272,False,68,35,91,239.8,1318,False,False,False,False,False,False,False,True,False,False,Excellent,0.593,docker-only,3.11+,Multi-GPU,Modal,23.1
R00353,poly-guard-pulse,research-lab-5,Large Language Models,Fine-tuning Tools,moderate,1633,221,44,40,508,2,23,2,67,Python,Mojo|Scala,MLX,MIT,2020-06-22,2020-10-11,111,False,4252,625,1,373.6,505,True,False,False,True,False,False,False,False,False,False,Average,0.684,pip,3.9+,Multi-GPU,Azure,33.5
R00354,nano-prompt,indie-dev-42,Large Language Models,Multimodal Models,popular,12331,4199,589,118,1269,23,253,68,1521,Python,None,ONNX,Apache-2.0,2024-07-29,2024-10-04,67,False,17736,1343,0,524.5,144,True,True,False,True,True,True,False,True,False,False,Excellent,0.654,brew,3.12+,Apple Silicon,Multi-cloud,65.9
R00355,modelcpp,indie-dev-79,AI Safety & Interpretability,Explainability,niche,334,50,25,6,53,2,37,3,51,Python,Rust|Scala|Kotlin,PyTorch,Unlicense,2016-09-29,2022-02-04,1954,False,504,57,7,215.6,407,False,False,True,True,True,False,False,True,True,True,Good,0.598,brew,3.10+,CPU,Replicate,25.2
R00356,VIF,startup-49,Natural Language Processing,Sentiment Analysis,niche,273,40,11,4,53,1,6,1,19,R,Julia,Triton,Apache-2.0,2019-10-22,2023-09-21,1430,False,624,83,8,91.4,1171,False,False,False,False,False,False,False,False,False,False,Average,0.723,npm,N/A,AMD ROCm,Hugging Face,15.9
R00357,open-infer-core,startup-41,Large Language Models,Alignment & RLHF,popular,13107,2212,313,54,750,26,772,47,225,TypeScript,None,PyTorch,BSD-3-Clause,2018-07-20,2019-11-27,495,False,196239,14745,4,93.2,1039,False,True,False,True,False,False,True,False,True,False,Average,0.487,pip+conda,N/A,AMD ROCm,Multi-cloud,57.0
R00358,ultra-pipe-spark,indie-dev-34,Graph & Geometric ML,Graph Neural Networks,niche,500,109,24,5,11,1,29,2,10,Python,None,JAX,LGPL-3.0,2024-02-16,2025-03-24,402,False,15335,1192,2,175.3,56,False,False,False,False,False,False,False,False,True,False,Good,0.614,npm,3.12+,CUDA GPU,Together AI,9.6
R00359,promptjs,indie-dev-12,Data Engineering,Dataset Management,new,29,4,0,2,21,0,0,1,10,Python,C++|Swift,None/Custom,GPL-3.0,2022-11-15,2023-07-06,233,False,37,34,1,251.4,535,True,True,False,True,False,False,False,False,False,False,Good,0.366,brew,3.10+,CPU,Replicate,40.0
R00360,llmstudio,indie-dev-12,MLOps & Infrastructure,Distributed Training,popular,13581,3317,1056,156,1360,28,228,101,1926,Python,None,None/Custom,Apache-2.0,2018-01-01,2025-06-20,2727,False,14619,1358,24,541.1,1084,True,True,True,True,True,False,False,False,False,False,Missing,0.718,pip+conda,3.9+,TPU,Multi-cloud,84.0
R00361,MBZSN,startup-6,Large Language Models,Evaluation & Benchmarks,niche,500,115,15,3,43,0,0,1,10,Swift,TypeScript|Rust,None/Custom,MIT,2016-12-12,2021-07-20,1681,False,587,24,26,121.4,470,True,False,False,False,False,False,False,True,True,True,Excellent,0.596,npm,N/A,CPU+GPU,AWS,35.4
R00362,RCSMA,research-lab-22,Large Language Models,Alignment & RLHF,viral,71662,21953,4143,984,8472,191,4427,387,7347,Python,None,PyTorch,MIT,2022-01-30,2024-03-03,763,False,136988,20179,6,134.5,1067,True,True,False,True,True,True,True,True,True,False,Poor,0.627,conda,3.11+,CPU,GCP,73.5
R00363,text-x64,indie-dev-40,Audio & Speech,Text-to-Speech,moderate,2646,572,193,22,235,5,100,9,125,TypeScript,R|Rust,PyTorch,Apache-2.0,2016-02-17,2021-09-19,2041,False,21361,777,7,164.7,577,False,False,False,True,False,False,False,False,False,True,Good,0.594,brew,N/A,Apple Silicon,Together AI,30.6
R00364,hyper-distill,ollama,Reinforcement Learning,Game AI,niche,255,38,11,2,23,0,0,1,14,Python,Go,Flax,MIT,2021-10-18,2022-01-16,90,False,3115,360,0,102.3,125,True,True,True,False,False,True,False,False,True,False,Good,0.758,pip+conda,3.11+,Multi-GPU,Together AI,29.8
R00365,pipecpp,research-lab-35,Large Language Models,Quantization,moderate,2180,361,85,22,66,5,58,46,640,C++,None,PyTorch,AGPL-3.0,2024-06-27,2025-10-15,475,True,8202,507,5,53.1,678,False,True,True,False,False,False,False,True,True,True,Good,0.627,source-only,N/A,CUDA GPU,Hugging Face,45.2
R00366,easy-serve,indie-dev-4,Natural Language Processing,RAG Frameworks,niche,213,22,13,1,6,1,11,1,10,Python,None,ONNX,Proprietary,2021-07-31,2023-12-17,869,False,1187,31,8,191.7,1660,True,True,True,True,False,True,True,False,False,False,Excellent,1.0,source-only,3.8+,Apple Silicon,Multi-cloud,45.1
R00367,diffforge,pytorch,MLOps & Infrastructure,Distributed Training,niche,437,90,7,2,28,1,24,1,15,Rust,C,PyTorch,GPL-3.0,2019-04-29,2022-08-02,1191,False,883,39,19,110.1,518,False,False,True,False,False,False,False,True,True,False,Good,0.371,pip+conda,N/A,Apple Silicon,GCP,24.6
R00368,SMHS3,research-lab-24,Reinforcement Learning,Game AI,niche,251,49,12,3,37,1,22,1,11,Lua,None,PyTorch,LGPL-3.0,2023-10-14,2025-06-24,619,False,4716,319,4,205.0,7111,True,False,False,True,False,True,True,False,False,False,Average,0.779,conda,N/A,TPU,Together AI,32.9
R00369,simple-lab-ml,research-lab-38,Data Engineering,Synthetic Data,moderate,1880,142,77,29,244,3,45,18,423,Julia,None,PyTorch,Apache-2.0,2020-02-05,2025-09-16,2050,True,9394,1275,33,30.8,309,False,True,True,True,True,False,False,True,True,False,Poor,0.842,pip,N/A,Apple Silicon,AWS,64.5
R00370,neo-gpt-hub,keras-team,Natural Language Processing,Question Answering,moderate,1451,181,47,8,75,1,23,2,23,C++,None,TensorFlow,BSD-3-Clause,2017-12-16,2021-09-24,1378,False,2058,278,30,114.6,226,False,False,True,True,True,False,False,False,False,False,Average,0.789,brew,N/A,CUDA GPU,Modal,37.1
R00371,lite-merge-rs,startup-16,Computer Vision,OCR,moderate,2708,335,39,44,405,15,162,8,53,Python,None,PyTorch,GPL-3.0,2018-04-28,2019-05-02,369,False,11822,1548,2,293.1,1039,False,False,True,False,False,False,False,True,False,False,Poor,0.408,source-only,3.12+,CPU+GPU,None,16.7
R00372,inferstack,axolotl-ai,Computer Vision,Image Generation,popular,6964,1762,461,93,986,24,296,58,2297,R,None,JAX,AGPL-3.0,2019-01-29,2023-06-26,1609,False,12367,1112,41,119.2,314,True,True,True,True,False,False,True,False,False,False,Poor,0.44,docker-only,N/A,CUDA GPU,AWS,73.9
R00373,distillcore,alibaba,Audio & Speech,Music Generation,new,25,6,1,11,123,3,76,1,13,Python,C|Java,PyTorch,MIT,2021-03-04,2021-09-22,202,False,54,6,4,147.7,428,True,True,False,True,True,False,False,False,False,True,Excellent,0.33,cargo,3.8+,CUDA GPU,GCP,42.3
R00374,neo-gpt,indie-dev-1,Graph & Geometric ML,Point Cloud Processing,moderate,2583,187,175,9,28,3,87,7,329,Python,Lua|Mojo|Kotlin,TensorFlow,MIT,2015-09-27,2021-10-14,2209,False,5973,734,21,79.0,396,False,False,True,True,False,False,False,False,False,True,Average,0.801,brew,3.12+,Multi-GPU,None,38.4
R00375,hyper-flow43,meta-llama,AI Safety & Interpretability,Fairness & Bias,moderate,2273,116,60,11,145,5,109,12,199,Python,C++|TypeScript,ONNX,LGPL-3.0,2022-06-21,2025-03-18,1001,False,6756,137,3,213.1,261,False,False,False,False,False,True,False,False,False,False,Average,0.682,conda,3.9+,CUDA GPU,GCP,17.3
R00376,omni-embed-core,indie-dev-29,AI Safety & Interpretability,Watermarking,viral,110202,24431,8810,556,2266,170,4219,475,3897,C++,Python|Java,PyTorch,Apache-2.0,2021-02-13,2022-08-24,557,False,148324,20291,9,141.2,141,True,True,False,True,True,False,False,False,True,False,Good,0.784,source-only,N/A,CUDA GPU,Modal,74.8
R00377,mini-diff,qdrant,Data Engineering,Synthetic Data,niche,410,76,32,2,16,0,0,1,13,Python,None,ONNX,Proprietary,2023-05-07,2023-09-05,121,False,1272,168,2,182.7,261,False,False,False,False,False,False,False,False,False,False,Good,0.854,cargo,3.10+,Apple Silicon,AWS,11.3
R00378,WKTDN,startup-22,AI Safety & Interpretability,Guardrails,niche,239,32,18,1,8,0,0,1,10,Python,None,TensorFlow,BSD-3-Clause,2023-11-20,2024-12-09,385,False,160,19,11,131.6,112,True,True,False,False,False,False,False,False,True,True,Good,0.551,pip,3.8+,AMD ROCm,Modal,37.7
R00379,open-bench-studio,indie-dev-4,Natural Language Processing,Text Generation,niche,263,23,6,9,78,1,9,4,54,Java,None,JAX,Proprietary,2016-07-18,2020-07-21,1464,False,451,17,44,106.7,1373,False,False,False,True,False,False,False,True,True,False,Good,0.723,pip+conda,N/A,Multi-GPU,Replicate,34.9
R00380,datacpp,indie-dev-19,Reinforcement Learning,Policy Optimization,new,21,4,0,13,101,5,99,1,12,Java,None,PyTorch,AGPL-3.0,2016-12-10,2023-05-07,2339,False,17,16,10,290.0,864,True,False,False,True,False,False,False,True,False,False,Excellent,0.45,source-only,N/A,TPU,Together AI,36.5
R00381,easy-vector-flow,indie-dev-45,AI Safety & Interpretability,Red Teaming,niche,128,21,2,1,8,4,28,1,20,Python,None,PyTorch,MIT,2020-03-04,2020-07-25,143,False,83,19,1,298.6,1913,False,False,False,False,False,False,True,False,True,False,Good,0.641,brew,3.12+,CPU+GPU,AWS,10.0
R00382,fast-chat,research-lab-12,Computer Vision,Face Recognition,niche,223,28,14,3,42,0,0,1,10,Python,Mojo|Rust,PyTorch,GPL-3.0,2016-02-03,2025-05-22,3396,False,251,20,65,137.8,448,False,False,False,False,False,False,True,False,False,False,Average,0.693,brew,3.8+,Multi-GPU,Multi-cloud,24.9
R00383,deep-llm,startup-45,Large Language Models,Multimodal Models,niche,357,113,23,1,2,1,10,1,11,Python,Rust|C,TensorFlow,MIT,2016-05-10,2022-04-08,2159,False,1627,126,29,201.1,465,True,True,False,False,False,False,False,False,False,False,Good,0.63,npm,3.8+,Multi-GPU,Azure,42.5
R00384,serve-stack,indie-dev-61,Generative AI,GANs,moderate,1358,138,49,21,55,2,20,8,190,Python,Swift|Java|R,PyTorch,Apache-2.0,2020-05-21,2022-02-03,623,False,30080,467,19,297.1,132,False,True,False,True,False,True,False,False,True,False,Average,0.866,source-only,3.8+,TPU,Azure,45.0
R00385,safecpp,indie-dev-31,Natural Language Processing,Machine Translation,moderate,3000,234,119,29,174,13,328,3,38,Java,C|Kotlin|Mojo,PyTorch,BSD-3-Clause,2020-08-12,2025-06-29,1782,False,13284,220,49,253.9,790,True,False,False,False,False,True,False,True,False,False,Average,0.664,brew,N/A,TPU,Azure,39.9
R00386,QYVQI,research-lab-10,Large Language Models,Model Merging,new,20,1,1,12,25,0,0,1,10,Python,None,PyTorch,MIT,2021-07-06,2023-07-18,742,False,111,11,8,57.9,522,True,False,False,False,False,False,False,True,False,False,Poor,0.023,conda,3.11+,CPU+GPU,AWS,22.9
R00387,DBXC,research-lab-15,AI Safety & Interpretability,Adversarial Robustness,new,33,8,1,5,40,2,19,3,21,Python,R,JAX,MIT,2022-01-29,2022-04-29,90,False,52,16,2,180.6,33,True,False,True,False,False,False,False,True,True,False,Excellent,0.816,pip,3.9+,CPU,Hugging Face,20.8
R00388,diffbox,modal-labs,Computer Vision,Face Recognition,new,21,5,0,15,212,1,25,1,10,Go,C|Java,TensorFlow,CC-BY-4.0,2022-08-26,2025-09-10,1111,True,38,8,6,47.1,23,False,True,False,False,False,True,False,True,False,True,Average,0.455,cargo,N/A,CPU,None,39.0
R00389,flash-vector-x,keras-team,Large Language Models,Prompt Engineering,new,23,5,1,7,70,4,23,1,22,C,Scala|Python,JAX,CC-BY-4.0,2020-12-28,2024-04-19,1208,False,107,12,6,136.3,82,False,False,False,False,True,False,False,False,True,False,Poor,0.351,pip,N/A,Apple Silicon,Multi-cloud,13.7
R00390,audiocraft,indie-dev-28,Graph & Geometric ML,Graph Neural Networks,moderate,1343,391,39,10,30,3,41,6,39,Rust,None,PyTorch,GPL-3.0,2015-10-17,2020-07-16,1734,False,5611,697,17,377.3,10053,False,True,True,True,False,False,False,True,False,False,Excellent,0.562,pip,N/A,CPU,Multi-cloud,43.5
R00391,MVVXA,llamaindex,Generative AI,3D Generation,niche,238,32,12,1,7,1,18,1,54,C++,C|TypeScript,PyTorch,MIT,2019-05-05,2023-08-27,1575,False,2202,143,9,232.4,814,False,False,False,True,False,False,True,True,False,False,Poor,0.694,pip,N/A,AMD ROCm,AWS,26.1
R00392,vision-x,indie-dev-52,Natural Language Processing,Machine Translation,niche,355,19,8,6,49,1,17,4,58,Python,Go|Julia|TypeScript,ONNX,Apache-2.0,2017-01-09,2020-04-10,1187,False,1313,58,13,147.2,1144,True,True,True,False,False,False,False,False,True,False,Poor,0.883,docker-only,3.12+,CPU+GPU,Multi-cloud,39.8
R00393,KWRQ,indie-dev-28,Computer Vision,Object Detection,moderate,2307,531,28,16,121,2,41,4,59,Python,Mojo,CUDA,MIT,2019-08-10,2025-02-20,2021,False,6969,247,70,112.5,1706,False,True,False,False,True,False,False,False,False,True,Good,0.967,docker-only,3.10+,CPU,Replicate,38.8
R00394,flex-text-ml,indie-dev-38,Reinforcement Learning,Policy Optimization,moderate,2046,571,82,7,21,6,43,58,756,Java,TypeScript,PyTorch,MIT,2020-07-21,2020-09-27,68,False,7682,213,1,215.9,61,True,True,False,False,False,True,False,False,False,False,Poor,0.781,cargo,N/A,AMD ROCm,AWS,38.1
R00395,uni-lab-flow,startup-8,Data Engineering,Dataset Management,viral,60428,6672,4660,849,6288,102,2346,95,2151,Go,R|Julia|C,TensorFlow,GPL-3.0,2023-06-09,2023-09-05,88,False,153098,5630,1,246.7,523,True,True,True,True,False,False,True,True,False,False,Excellent,0.819,docker-only,N/A,CUDA GPU,Hugging Face,69.1
R00396,BTIL,indie-dev-4,Reinforcement Learning,Reward Modeling,new,50,4,2,0,0,0,0,1,26,Python,None,Keras,LGPL-3.0,2023-10-10,2025-09-07,698,True,58,28,7,9.3,615,True,True,False,False,False,False,False,True,False,False,Average,0.899,brew,3.8+,Apple Silicon,Azure,40.4
R00397,poly-chat-cpp,crewai-inc,AI Safety & Interpretability,Fairness & Bias,moderate,1458,285,89,8,114,3,24,9,239,Python,None,PyTorch,MIT,2022-01-25,2023-02-16,387,False,2085,293,7,258.9,1347,True,False,False,False,True,False,True,False,True,False,Average,0.676,pip,3.10+,CPU+GPU,Multi-cloud,28.4
R00398,auto-audio-stack,indie-dev-70,AI Safety & Interpretability,Explainability,niche,153,42,2,0,0,1,19,1,10,Python,Kotlin|C++|R,TensorFlow,MIT,2015-11-14,2018-08-10,1000,False,1786,200,5,407.6,1810,True,False,False,False,False,False,False,True,True,False,Good,0.872,pip,3.12+,CUDA GPU,GCP,14.2
R00399,ZKQ,startup-2,Generative AI,Code Generation,popular,8540,1099,229,82,567,14,236,105,2887,Python,Lua|TypeScript|Kotlin,None/Custom,GPL-3.0,2018-11-10,2021-05-08,910,False,32638,4857,15,118.1,74,False,False,False,True,False,False,False,False,True,False,Average,0.721,brew,3.11+,AMD ROCm,Hugging Face,57.1
R00400,ultra-diff-js,indie-dev-2,MLOps & Infrastructure,Model Monitoring,niche,362,42,26,9,76,1,17,3,15,Python,Lua,PyTorch,BSD-3-Clause,2023-12-17,2025-01-20,400,False,8606,694,3,210.5,136,False,True,False,False,False,False,False,True,False,False,Poor,0.738,cargo,3.12+,CUDA GPU,Replicate,22.2
R00401,ETIZJ,alibaba,Audio & Speech,Music Generation,niche,187,38,3,0,0,3,74,1,10,Python,R|Zig,PyTorch,MIT,2015-11-30,2020-07-29,1703,False,157,7,9,154.4,518,True,True,False,False,False,False,True,False,False,True,Good,0.897,pip+conda,3.9+,CPU,Replicate,27.2
R00402,super-tune-box,alibaba,MLOps & Infrastructure,Pipeline Orchestration,niche,500,165,36,4,8,1,16,1,10,Rust,None,CUDA,MIT,2018-10-11,2022-08-19,1408,False,1590,91,64,124.2,257,False,True,False,False,False,False,False,False,True,False,Average,0.776,conda,N/A,CPU+GPU,Azure,32.8
R00403,swift-grad,research-lab-26,Audio & Speech,Speaker Diarization,niche,386,114,28,7,28,1,25,2,16,Python,Scala|Julia|C++,PyTorch,Apache-2.0,2020-02-01,2024-06-02,1583,False,1817,99,12,147.4,545,True,True,False,False,False,False,False,False,False,True,Poor,0.476,pip+conda,3.9+,Multi-GPU,Together AI,38.0
R00404,swift-lab-forge,indie-dev-12,Computer Vision,Face Recognition,moderate,1509,378,15,3,18,2,58,5,36,Python,TypeScript,PyTorch,Proprietary,2016-11-09,2018-04-08,515,False,3916,274,4,171.7,1180,False,False,False,False,True,True,False,False,True,False,Missing,0.752,cargo,3.12+,AMD ROCm,AWS,15.1
R00405,bertstudio,research-lab-6,MLOps & Infrastructure,Pipeline Orchestration,niche,240,53,3,2,18,0,0,1,10,Python,None,PyTorch,MIT,2019-10-13,2024-11-07,1852,False,490,12,9,185.9,484,False,False,False,False,False,False,False,False,True,False,Excellent,0.38,conda,3.9+,CPU+GPU,Hugging Face,16.3
R00406,prune-forge,research-lab-21,Reinforcement Learning,Environments & Simulators,niche,252,22,10,1,12,1,5,1,12,C++,Java|Python|Kotlin,PyTorch,BSD-3-Clause,2023-04-01,2024-10-07,555,False,778,40,4,217.5,400,False,True,False,False,False,False,False,True,False,False,Good,0.611,docker-only,N/A,CUDA GPU,Modal,22.8
R00407,codekit26,startup-39,Computer Vision,Super Resolution,new,50,6,2,6,17,0,0,4,54,Python,Go|Lua|TypeScript,PyTorch,BSD-3-Clause,2023-02-10,2025-04-17,797,False,301,10,3,110.6,773,False,False,True,True,False,False,False,False,False,False,Good,0.063,source-only,3.11+,Multi-GPU,Together AI,20.1
R00408,codehub,startup-45,MLOps & Infrastructure,Model Serving,moderate,1952,126,56,17,187,5,86,14,739,Python,None,PyTorch,BSD-3-Clause,2023-06-20,2025-09-09,812,True,1020,75,27,25.9,365,True,True,False,True,False,False,False,False,False,False,Good,0.694,docker-only,3.8+,CUDA GPU,None,74.5
R00409,ZNB,indie-dev-6,Generative AI,VAEs,popular,10745,2137,516,132,1472,19,310,80,812,Python,None,TensorFlow,MIT,2022-07-27,2024-06-06,680,False,104609,8077,7,179.9,30,True,True,True,True,True,False,True,False,False,False,Excellent,0.526,source-only,3.12+,AMD ROCm,Azure,72.4
R00410,AXAZM,indie-dev-30,Computer Vision,Face Recognition,new,28,7,1,2,7,5,34,1,10,Python,Go|TypeScript|C,TensorFlow,BSD-3-Clause,2023-08-07,2025-10-15,800,True,7,18,5,41.5,617,False,False,False,True,False,False,True,True,False,True,Good,0.25,npm,3.8+,TPU,None,36.7
R00411,open-net-pulse,indie-dev-9,MLOps & Infrastructure,Experiment Tracking,new,22,4,1,12,176,5,60,1,12,Python,None,Flax,LGPL-3.0,2023-05-30,2023-11-02,156,False,424,5,1,104.7,2563,True,True,False,False,True,False,False,False,True,False,Good,0.453,docker-only,3.12+,CPU+GPU,Hugging Face,30.3
R00412,pruneai,indie-dev-57,Reinforcement Learning,Multi-Agent Systems,moderate,1668,531,96,5,24,1,21,14,607,Python,None,TensorFlow,MIT,2017-04-10,2018-06-22,438,False,1166,84,7,427.0,259,True,False,False,False,False,False,False,True,False,False,Good,1.0,brew,3.8+,AMD ROCm,Multi-cloud,28.3
R00413,MYH,indie-dev-62,AI Safety & Interpretability,Adversarial Robustness,moderate,1175,122,18,6,44,5,83,2,43,C++,Rust|Mojo|C,PyTorch,LGPL-3.0,2021-04-25,2022-01-03,253,False,1601,85,5,147.4,2182,True,True,True,False,False,False,False,True,False,False,Good,0.67,npm,N/A,Apple Silicon,AWS,35.1
R00414,cross-diff-wave,indie-dev-8,Data Engineering,Data Labeling,moderate,853,96,9,5,18,1,20,3,51,TypeScript,None,JAX,Apache-2.0,2022-09-28,2023-12-30,458,False,656,71,1,310.4,789,False,True,False,False,False,False,True,True,False,False,Average,0.597,conda,N/A,CUDA GPU,Azure,20.6
R00415,guard-hub,indie-dev-66,Natural Language Processing,Tokenization,niche,312,56,8,1,5,0,0,3,53,Go,Mojo|C|Kotlin,TensorFlow,MIT,2016-11-30,2024-01-07,2594,False,1909,117,12,149.8,80,True,True,False,False,False,False,False,False,True,False,Good,0.788,source-only,N/A,AMD ROCm,Together AI,38.3
R00416,POGK,indie-dev-74,Large Language Models,Inference Engines,niche,411,61,27,17,36,0,0,1,18,Python,Swift,PyTorch,Custom,2023-01-07,2025-10-03,1000,True,168,4,9,14.0,15,True,True,False,False,False,True,False,True,False,False,Good,0.971,cargo,3.8+,Multi-GPU,None,49.5
R00417,flex-bench-craft,research-lab-19,Reinforcement Learning,Multi-Agent Systems,niche,191,64,9,0,0,2,53,1,15,Rust,None,PyTorch,GPL-3.0,2023-08-08,2024-10-23,442,False,202,4,2,232.0,2246,True,True,True,False,True,False,False,True,False,False,Average,0.744,brew,N/A,CPU+GPU,Multi-cloud,22.0
R00418,llm-rs,startup-25,MLOps & Infrastructure,Model Serving,popular,9606,3207,375,31,436,34,412,20,545,Python,Java,PyTorch,Proprietary,2021-11-23,2022-10-19,330,False,43132,1875,0,176.9,3724,True,True,True,True,True,False,True,True,False,False,Good,0.786,source-only,3.12+,CPU+GPU,Together AI,60.5
R00419,neo-opt,research-lab-22,MLOps & Infrastructure,Feature Stores,moderate,3000,642,164,26,92,6,156,62,753,C++,None,JAX,Apache-2.0,2024-05-07,2025-03-17,314,False,1920,207,7,124.4,67,False,False,False,False,False,True,False,False,False,False,Good,0.496,cargo,N/A,AMD ROCm,Replicate,25.2
R00420,hyper-llm-py,indie-dev-74,AI Safety & Interpretability,Adversarial Robustness,moderate,1846,640,40,12,133,3,64,5,114,Rust,Julia|C,TinyGrad,GPL-3.0,2017-03-09,2017-04-30,52,False,10116,759,3,111.9,521,True,True,False,True,False,False,False,False,False,False,Poor,0.514,brew,N/A,AMD ROCm,Modal,45.6
R00421,merge-pulse,cohere-ai,Generative AI,Diffusion Models,niche,350,87,6,12,163,1,8,3,45,Rust,None,None/Custom,MIT,2019-02-22,2019-07-20,148,False,121,13,2,384.0,666,False,True,False,True,False,False,False,False,True,False,Average,0.793,pip,N/A,Multi-GPU,Hugging Face,31.8
R00422,neo-serve-craft,meta-llama,Audio & Speech,Voice Cloning,niche,285,71,11,9,26,1,23,1,16,Python,None,PyTorch,MIT,2022-06-14,2024-10-16,855,False,576,77,12,102.0,1409,False,True,True,True,True,False,False,True,False,False,Poor,0.746,source-only,3.10+,Apple Silicon,GCP,37.1
R00423,easy-diff-x,lightning-ai,Graph & Geometric ML,Molecular ML,moderate,1161,275,38,5,21,2,22,9,90,Python,Scala|R,Triton,AGPL-3.0,2016-04-21,2017-05-26,400,False,8044,585,2,297.1,465,False,True,False,True,False,False,False,False,False,False,Average,0.787,pip,3.10+,CUDA GPU,Replicate,32.8
R00424,hyper-chat-kit,indie-dev-45,Graph & Geometric ML,Point Cloud Processing,new,15,3,0,8,61,1,27,1,24,Python,Swift|Julia|C++,TensorFlow,GPL-3.0,2017-07-14,2019-09-23,801,False,61,22,24,161.8,70,False,True,False,False,True,False,False,True,False,False,Good,0.694,cargo,3.10+,Multi-GPU,Hugging Face,34.0
R00425,XZICQ,unsloth-ai,MLOps & Infrastructure,Pipeline Orchestration,new,22,3,1,1,7,0,0,1,10,Python,None,TensorFlow,Apache-2.0,2020-03-30,2021-10-15,564,False,36,20,3,216.0,90,True,True,False,True,False,False,False,True,False,False,Average,0.514,source-only,3.9+,CPU,None,41.1
R00426,safe-box,indie-dev-52,Large Language Models,Foundation Models,moderate,1314,123,19,21,247,4,67,7,149,Python,Lua|Kotlin,TensorFlow,MIT,2024-01-28,2025-10-15,626,True,13332,1332,5,26.2,501,False,False,False,False,True,False,False,False,False,True,Good,0.95,pip+conda,3.12+,Apple Silicon,AWS,31.3
R00427,prune-lib,research-lab-38,Reinforcement Learning,Policy Optimization,moderate,2470,636,175,15,139,5,89,4,122,Scala,C++,ONNX,AGPL-3.0,2020-11-16,2022-01-26,436,False,20665,1878,7,172.2,322,True,True,False,True,False,True,False,False,True,False,Good,1.0,cargo,N/A,CUDA GPU,Multi-cloud,49.6
R00428,textrs,startup-36,Large Language Models,Agents & Tool Use,popular,12205,1751,383,177,1718,26,399,118,1442,Python,Swift,JAX,Apache-2.0,2023-09-12,2024-10-29,413,False,57582,6134,2,88.7,100,True,True,True,True,True,False,True,True,False,False,Good,0.92,pip+conda,3.11+,Apple Silicon,Together AI,70.6
R00429,turbo-quant,axolotl-ai,Graph & Geometric ML,Graph Neural Networks,popular,9200,2563,438,58,453,20,377,31,213,Python,Java|C,Keras,GPL-3.0,2024-12-06,2025-10-15,313,True,26508,3719,2,21.1,545,True,True,True,True,True,False,True,True,False,False,Good,0.831,pip,3.11+,TPU,None,76.9
R00430,flowlib,indie-dev-72,Data Engineering,Dataset Management,niche,364,40,20,2,8,0,0,2,33,Python,Lua|C++|R,Flax,Unlicense,2024-05-10,2024-09-25,138,False,3160,296,0,219.4,1743,True,True,False,True,False,False,False,True,False,False,Good,0.53,brew,3.8+,Multi-GPU,Together AI,38.9
R00431,poly-merge-forge,intel-analytics,Generative AI,VAEs,moderate,1290,229,35,23,309,2,40,8,72,Lua,Mojo|Scala,PyTorch,MIT,2023-10-23,2024-05-23,213,False,4486,99,1,361.1,2040,False,False,True,False,False,False,False,False,True,False,Good,0.945,source-only,N/A,CPU,None,13.4
R00432,embedspark,indie-dev-78,Reinforcement Learning,Game AI,moderate,1258,334,56,22,136,4,109,5,41,Python,Java|Julia,ONNX,GPL-3.0,2017-12-30,2020-01-31,762,False,2131,175,8,131.9,490,True,True,False,True,True,True,False,False,False,False,Missing,0.822,cargo,3.12+,Multi-GPU,Together AI,47.6
R00433,BCKL,research-lab-15,Natural Language Processing,Machine Translation,moderate,2976,344,119,54,108,4,23,87,2830,Go,Lua|Rust|Java,TinyGrad,BSD-3-Clause,2023-02-12,2024-12-26,683,False,3737,101,9,241.4,413,True,True,False,True,False,False,False,True,True,False,Good,0.582,cargo,N/A,Apple Silicon,AWS,58.1
R00434,swift-merge-py,startup-11,Data Engineering,Synthetic Data,moderate,895,297,65,16,111,3,48,4,18,Python,None,ONNX,CC-BY-4.0,2022-09-22,2023-11-06,410,False,1456,189,5,154.9,173,False,True,False,True,False,True,False,False,False,False,Good,0.74,cargo,3.10+,CPU,GCP,34.7
R00435,XWTO,research-lab-22,Graph & Geometric ML,Molecular ML,moderate,1022,319,21,5,54,3,57,3,172,Python,Rust|Java|Zig,PyTorch,Unlicense,2021-09-04,2023-08-08,703,False,2259,161,4,162.9,824,True,False,False,False,True,False,False,False,False,True,Good,0.895,cargo,3.8+,Apple Silicon,Together AI,24.5
R00436,nano-code-forge,indie-dev-59,AI Safety & Interpretability,Watermarking,new,16,0,0,5,29,4,69,1,27,Python,Zig,CUDA,GPL-3.0,2015-05-02,2017-02-28,668,False,93,31,2,68.4,270,False,True,False,True,False,True,False,True,True,False,Poor,0.425,pip+conda,3.11+,CPU+GPU,Hugging Face,30.2
R00437,eval-wave,startup-17,Reinforcement Learning,Multi-Agent Systems,moderate,1403,220,14,51,535,6,36,2,118,C++,None,ONNX,GPL-3.0,2019-01-27,2020-05-03,462,False,1252,21,1,494.6,273,False,True,True,False,False,True,False,True,False,False,Excellent,0.804,source-only,N/A,CPU+GPU,Modal,22.9
R00438,data-ops,indie-dev-47,Graph & Geometric ML,Molecular ML,niche,192,18,8,5,41,5,131,1,12,Python,Scala|C|C++,JAX,BSD-3-Clause,2019-08-08,2021-10-19,803,False,527,24,10,430.0,1591,False,True,True,False,False,True,False,False,False,False,Average,0.611,npm,3.9+,CPU+GPU,Modal,26.9
R00439,uni-tensor-lib,chromadb,AI Safety & Interpretability,Watermarking,new,17,1,1,9,64,0,0,1,12,Kotlin,Swift|TypeScript,None/Custom,Apache-2.0,2018-08-14,2020-03-09,573,False,40,15,4,272.8,532,False,False,False,True,False,False,False,True,False,False,Excellent,0.349,pip+conda,N/A,CPU,Together AI,21.9
R00440,promptx,startup-46,Data Engineering,Synthetic Data,popular,10395,1801,575,164,2168,16,389,26,546,C++,None,CUDA,BSD-3-Clause,2023-01-11,2023-10-15,277,False,46203,5437,1,137.2,1673,True,True,True,True,False,False,True,True,False,False,Good,0.635,conda,N/A,CPU+GPU,GCP,62.6
R00441,agent-craft,indie-dev-33,Computer Vision,Image Generation,niche,238,53,8,4,16,1,14,1,11,Python,Go|Julia,PyTorch,GPL-3.0,2019-08-19,2023-07-10,1421,False,1007,112,14,102.5,723,True,False,False,True,False,True,False,False,False,False,Average,0.63,npm,3.9+,CPU+GPU,Together AI,39.1
R00442,open-net-studio,startup-2,Graph & Geometric ML,Point Cloud Processing,new,26,5,1,5,12,4,107,1,17,C++,R|Julia,PyTorch,Unlicense,2018-04-07,2021-10-14,1286,False,35,8,60,138.5,199,True,True,False,False,True,False,False,False,True,False,Average,0.484,pip+conda,N/A,AMD ROCm,Modal,42.2
R00443,LUE,indie-dev-20,Graph & Geometric ML,Geometric Deep Learning,new,20,6,1,12,167,3,71,1,15,C++,None,TensorFlow,Apache-2.0,2020-11-13,2023-01-18,796,False,150,5,13,279.6,146,True,False,True,True,False,False,False,False,True,False,Good,0.436,pip,N/A,AMD ROCm,Together AI,39.2
R00444,pipe-studio,research-lab-20,Natural Language Processing,Tokenization,new,13,3,0,2,21,2,21,1,19,Rust,C|C++|Python,TensorFlow,Apache-2.0,2016-02-09,2019-11-19,1379,False,15,15,12,95.3,247,True,False,False,False,False,False,False,True,False,False,Excellent,0.456,conda,N/A,CUDA GPU,Azure,28.3
R00445,BGHH,indie-dev-62,Graph & Geometric ML,Geometric Deep Learning,new,14,1,0,1,13,2,38,1,17,TypeScript,Rust|Swift,PyTorch,MIT,2020-03-16,2021-05-22,432,False,154,7,4,118.9,517,False,True,False,False,False,False,True,False,False,False,Poor,0.463,brew,N/A,AMD ROCm,AWS,22.4
R00446,poly-eval-wave,research-lab-21,Reinforcement Learning,Environments & Simulators,niche,446,51,25,2,27,3,52,1,37,Python,Julia|Mojo|C,PyTorch,MIT,2016-12-24,2020-09-30,1376,False,2001,135,11,211.1,91,False,True,False,False,False,False,False,False,False,False,Excellent,0.642,conda,3.10+,TPU,Modal,28.6
R00447,meta-rl-lib,startup-15,MLOps & Infrastructure,Model Serving,niche,352,102,12,3,9,0,0,1,23,Python,Swift|C++|R,PyTorch,GPL-3.0,2017-08-07,2020-01-27,903,False,706,103,5,267.4,436,False,True,True,False,False,False,False,True,False,False,Average,0.698,docker-only,3.11+,CPU+GPU,Multi-cloud,22.1
R00448,simple-doc-studio,indie-dev-25,Large Language Models,Prompt Engineering,new,23,5,1,10,50,3,51,1,10,Python,Rust|Zig,TinyGrad,MIT,2023-02-24,2024-03-22,392,False,558,25,1,253.4,377,True,False,True,False,False,False,False,False,True,False,Excellent,0.929,source-only,3.11+,TPU,Together AI,19.2
R00449,GZGTQ,dmlc,AI Safety & Interpretability,Adversarial Robustness,niche,148,25,9,2,19,1,14,2,40,Python,Scala|Swift|Rust,None/Custom,Apache-2.0,2015-11-01,2018-08-22,1025,False,106,8,8,111.4,366,False,False,True,False,False,True,True,True,False,False,Good,0.692,conda,3.9+,TPU,Hugging Face,15.5
R00450,inferkit,research-lab-6,Graph & Geometric ML,Point Cloud Processing,niche,322,86,4,1,14,1,7,1,52,Python,C|Zig|R,PyTorch,Apache-2.0,2017-03-30,2023-08-17,2331,False,1038,38,10,470.1,269,True,True,False,True,False,False,False,False,False,False,Poor,0.701,brew,3.10+,CUDA GPU,Multi-cloud,47.6
R00451,tokenforge,indie-dev-5,MLOps & Infrastructure,Pipeline Orchestration,new,15,2,0,4,23,0,0,1,14,C++,Zig|Python,Keras,MIT,2021-10-08,2021-12-24,77,False,215,22,0,75.9,169,False,True,False,False,False,False,False,False,True,False,Excellent,0.662,conda,N/A,CPU,Together AI,18.6
R00452,SOT84,startup-16,MLOps & Infrastructure,Model Serving,moderate,840,200,15,16,32,1,24,5,34,Go,C++|R|Java,PyTorch,GPL-3.0,2022-09-02,2025-03-02,912,False,4172,397,12,161.2,295,True,True,False,False,False,True,False,True,False,True,Good,0.747,npm,N/A,TPU,None,37.8
R00453,grad-spark,indie-dev-57,Audio & Speech,Voice Cloning,niche,279,38,5,7,48,1,13,2,53,TypeScript,Lua|Scala,PyTorch,AGPL-3.0,2022-05-01,2023-07-15,440,False,665,30,5,322.2,258,True,True,True,False,False,False,False,False,True,False,Good,0.796,cargo,N/A,CUDA GPU,None,33.2
R00454,bench-cpp,startup-17,MLOps & Infrastructure,Data Versioning,niche,156,44,12,0,0,1,14,1,13,Java,None,PyTorch,Proprietary,2018-12-26,2019-05-16,141,False,286,30,0,155.9,356,True,False,False,True,True,False,False,False,False,True,Missing,0.796,conda,N/A,AMD ROCm,Azure,20.4
R00455,model-base,startup-11,Graph & Geometric ML,Point Cloud Processing,niche,339,47,18,2,28,0,0,1,10,Python,None,None/Custom,Apache-2.0,2018-07-21,2023-04-16,1730,False,2508,163,9,142.7,237,True,True,False,True,False,False,False,True,False,False,Good,0.494,cargo,3.10+,CPU+GPU,GCP,46.9
R00456,mergeai,research-lab-25,Reinforcement Learning,Reward Modeling,niche,184,25,9,5,26,1,8,1,13,Julia,C++,JAX,MIT,2018-08-17,2019-03-20,215,False,178,3,1,109.8,945,True,True,False,True,False,True,False,False,False,False,Average,0.62,npm,N/A,CUDA GPU,Hugging Face,39.6
R00457,omni-serve,qdrant,Natural Language Processing,Embeddings,viral,29478,5953,1456,142,1637,52,386,326,2473,Rust,None,PyTorch,Apache-2.0,2018-06-07,2023-01-15,1683,False,118744,16112,5,237.6,172,True,True,False,True,False,False,True,True,False,False,Good,0.67,source-only,N/A,CPU,Multi-cloud,73.0
R00458,smart-audio,indie-dev-58,Computer Vision,Image Classification,niche,155,28,10,1,9,3,67,1,10,Python,None,ONNX,Apache-2.0,2019-08-28,2025-10-03,2228,True,797,25,45,63.8,2064,True,False,True,False,False,False,False,False,False,False,Good,0.71,npm,3.12+,CUDA GPU,Azure,49.4
R00459,text-hub,startup-47,Data Engineering,Synthetic Data,moderate,1516,380,38,6,79,7,79,14,233,Python,R|Julia|Java,None/Custom,Apache-2.0,2021-11-24,2022-07-27,245,False,4777,578,1,186.5,2763,False,True,False,True,False,False,False,True,False,False,Average,0.953,pip,3.11+,CPU+GPU,Multi-cloud,34.5
R00460,llm-kit,deepseek-ai,Natural Language Processing,Named Entity Recognition,moderate,2490,205,37,26,194,11,164,19,1308,Python,Go|R,Flax,Custom,2019-06-14,2023-02-24,1351,False,18291,2352,12,70.4,475,True,False,False,True,False,False,False,False,True,False,Good,0.723,brew,3.11+,Apple Silicon,GCP,44.7
R00461,poly-distill-cpp,indie-dev-49,Computer Vision,Face Recognition,new,18,4,0,4,51,0,0,1,10,Python,C++,JAX,MIT,2022-03-15,2022-06-05,82,False,43,22,1,173.8,968,True,True,False,True,False,False,False,False,False,False,Poor,0.676,cargo,3.8+,CUDA GPU,Hugging Face,40.2
R00462,YESQQ,indie-dev-32,Natural Language Processing,RAG Frameworks,moderate,1166,72,28,14,114,0,0,3,24,C++,None,PyTorch,MIT,2021-01-18,2022-06-03,501,False,3798,248,8,139.7,307,False,False,False,True,False,False,False,False,False,False,Excellent,0.812,docker-only,N/A,TPU,Replicate,27.5
R00463,POKE,keras-team,Reinforcement Learning,Game AI,niche,325,29,19,3,35,1,20,1,10,Rust,Scala|Mojo|C++,PyTorch,Apache-2.0,2017-10-26,2025-10-15,2911,True,720,86,49,70.5,465,True,False,False,False,False,True,False,False,False,False,Poor,0.272,cargo,N/A,CPU,None,50.0
R00464,tune-hub,qdrant,Graph & Geometric ML,Knowledge Graphs,new,16,4,0,8,116,2,47,1,10,Python,C|C++,None/Custom,GPL-3.0,2019-12-22,2021-08-26,613,False,409,51,2,132.8,651,True,True,False,False,False,False,False,False,False,False,Poor,0.27,docker-only,3.11+,CPU,GCP,31.0
R00465,benchcraft,startup-14,Large Language Models,Alignment & RLHF,niche,186,12,3,1,8,4,96,1,17,Python,None,ONNX,GPL-3.0,2018-04-07,2020-11-12,950,False,119,8,22,217.6,43,True,False,False,False,False,False,False,False,True,False,Good,0.534,source-only,3.12+,Apple Silicon,Replicate,34.4
R00466,turbo-text-ai,indie-dev-2,Computer Vision,Image Classification,niche,131,13,3,4,34,1,9,2,10,Rust,None,PyTorch,AGPL-3.0,2021-07-27,2024-06-04,1043,False,978,45,15,207.4,495,False,False,False,True,False,False,False,False,False,False,Missing,0.865,conda,N/A,AMD ROCm,GCP,30.7
R00467,token-craft,startup-28,Graph & Geometric ML,Molecular ML,popular,4559,1056,74,19,250,27,780,39,1042,Python,None,Flax,GPL-3.0,2019-06-01,2019-12-11,193,False,29464,2700,0,167.9,4777,True,True,False,True,False,False,True,False,True,False,Excellent,0.729,brew,3.8+,TPU,None,52.3
R00468,flex-vector-studio,indie-dev-54,MLOps & Infrastructure,Pipeline Orchestration,moderate,914,168,71,11,130,3,26,2,10,Python,None,ONNX,AGPL-3.0,2023-10-16,2024-01-02,78,False,571,23,0,211.2,327,True,False,False,False,False,False,False,True,False,True,Good,0.679,source-only,3.9+,AMD ROCm,None,21.2
R00469,next-text,research-lab-19,Data Engineering,Synthetic Data,niche,240,16,16,1,5,2,20,1,14,Python,Mojo|Lua,TensorFlow,Apache-2.0,2020-07-29,2024-03-29,1339,False,270,9,21,412.9,4389,True,True,True,True,True,False,False,False,False,False,Average,0.819,conda,3.11+,CUDA GPU,Multi-cloud,53.9
R00470,deep-opt,bigscience-workshop,Data Engineering,Synthetic Data,popular,13889,3589,568,128,1857,32,881,25,942,Python,C++|Lua,Keras,CC-BY-4.0,2023-01-11,2025-01-06,726,False,95857,14319,6,122.6,74,True,True,True,False,True,True,False,False,True,False,Poor,0.439,cargo,3.9+,CUDA GPU,Modal,56.4
R00471,infer-ai,nvidia,Reinforcement Learning,Robotics Control,viral,72667,8432,2160,951,2955,206,4377,133,1753,Python,C|Scala|Go,TensorFlow,LGPL-3.0,2024-08-13,2025-07-22,343,True,315297,3286,4,26.5,451,True,True,False,False,False,False,False,False,True,False,Poor,0.744,source-only,3.10+,CUDA GPU,GCP,75.6
R00472,EDZQW61,apache,Generative AI,VAEs,niche,311,24,14,2,16,1,28,1,10,Python,R|C|Go,TensorFlow,GPL-3.0,2024-01-20,2025-10-15,634,True,948,32,4,26.9,59,True,False,False,False,False,False,False,False,True,False,Poor,0.553,source-only,3.8+,CUDA GPU,GCP,37.6
R00473,swift-agent-ai,indie-dev-50,Graph & Geometric ML,Molecular ML,new,16,1,0,12,52,1,21,1,19,C++,R|Julia|Java,PyTorch,AGPL-3.0,2022-11-24,2023-09-23,303,False,130,7,3,295.2,1305,False,True,False,False,False,False,False,True,False,False,Average,0.467,conda,N/A,CPU,Together AI,20.5
R00474,servepy,startup-18,MLOps & Infrastructure,GPU Management,niche,441,42,17,12,130,0,0,1,15,Go,Lua|Rust,PyTorch,MIT,2023-07-06,2024-02-04,213,False,5552,476,1,193.7,308,True,False,False,False,False,False,False,True,True,False,Good,0.709,brew,N/A,Apple Silicon,GCP,20.9
R00475,net-studio83,indie-dev-55,Computer Vision,Face Recognition,new,37,8,2,8,57,0,0,1,28,Java,Python|R|Julia,PyTorch,MIT,2023-06-07,2023-10-11,126,False,67,33,0,305.7,382,True,True,False,False,False,True,True,True,False,False,Average,0.291,conda,N/A,Apple Silicon,Azure,28.9
R00476,SFOW,lm-sys,Large Language Models,Agents & Tool Use,niche,500,126,7,3,40,1,21,7,140,Python,Zig|C++|Julia,TinyGrad,MIT,2024-02-18,2025-06-17,485,False,1441,123,1,282.0,311,False,False,True,True,True,True,False,True,False,False,Poor,0.485,conda,3.11+,CPU+GPU,Together AI,21.8
R00477,lite-tensor,indie-dev-1,Audio & Speech,Text-to-Speech,moderate,963,125,67,6,16,1,11,5,55,Python,Rust|Swift,Keras,CC-BY-4.0,2024-03-02,2025-08-16,532,True,4364,178,1,30.2,28,False,False,True,False,False,False,False,False,False,False,Average,0.772,source-only,3.10+,CUDA GPU,Azure,25.4
R00478,pipejs,indie-dev-51,Data Engineering,Data Cleaning,niche,334,83,23,3,27,1,18,1,14,Python,C|Swift,ONNX,Apache-2.0,2019-03-25,2020-03-26,367,False,1339,136,10,57.2,234,False,False,False,False,False,True,False,True,False,False,Average,0.715,pip,3.10+,Multi-GPU,Together AI,17.3
R00479,fast-doc,indie-dev-30,Data Engineering,Data Augmentation,niche,278,47,16,2,27,1,29,2,13,Go,None,TensorFlow,Apache-2.0,2021-01-11,2021-05-28,137,False,649,92,3,139.7,505,False,True,False,True,False,False,False,True,True,False,Good,0.729,pip,N/A,AMD ROCm,AWS,32.3
R00480,graphhub,indie-dev-1,Reinforcement Learning,Game AI,moderate,1573,485,46,5,62,2,50,19,585,Lua,None,Keras,Apache-2.0,2022-05-25,2024-05-01,707,False,44747,4232,6,106.7,2189,False,True,True,True,False,False,False,False,False,False,Good,0.578,docker-only,N/A,Multi-GPU,Replicate,38.8
R00481,smart-eval,startup-35,Data Engineering,Synthetic Data,niche,191,35,7,1,7,2,21,1,11,Rust,None,TensorFlow,BSD-3-Clause,2017-02-15,2022-09-06,2029,False,319,29,6,110.5,90,True,False,True,False,True,False,False,True,True,False,Good,0.747,pip+conda,N/A,Multi-GPU,None,23.7
R00482,JSID,startup-30,Computer Vision,3D Vision,moderate,1632,283,20,15,138,2,22,18,1613,Scala,TypeScript|C++,JAX,MIT,2024-12-06,2025-04-18,133,False,8546,1055,1,79.5,406,True,True,True,True,True,False,True,True,False,False,Good,0.655,pip,N/A,CPU+GPU,Together AI,44.8
R00483,graph-forge,meta-llama,Natural Language Processing,Chatbot Frameworks,moderate,1967,183,20,27,266,6,77,42,470,Julia,Java,TensorFlow,CC-BY-4.0,2016-09-17,2020-08-15,1428,False,1004,22,11,122.2,4721,True,True,False,False,False,False,False,False,True,False,Poor,0.592,docker-only,N/A,AMD ROCm,Together AI,45.5
R00484,infer-box,intel-analytics,Audio & Speech,Speech Recognition,moderate,1758,407,136,98,926,2,23,6,55,Python,Lua|TypeScript|Mojo,TinyGrad,Apache-2.0,2022-09-05,2023-02-15,163,False,2479,199,5,169.9,599,True,True,True,True,False,False,False,True,True,False,Average,0.676,brew,3.8+,CPU,Replicate,46.9
R00485,multi-lab-ops,indie-dev-0,AI Safety & Interpretability,Watermarking,new,36,6,2,8,87,2,54,1,15,Lua,None,TensorFlow,CC-BY-4.0,2022-08-29,2025-06-28,1034,False,361,28,7,290.4,265,True,False,True,True,False,False,False,True,True,False,Good,0.236,npm,N/A,Apple Silicon,AWS,34.6
R00486,evalbox,tencent-ailab,MLOps & Infrastructure,AutoML,new,19,2,0,6,69,3,33,3,27,Python,Swift|Mojo|Kotlin,TensorFlow,Apache-2.0,2024-06-03,2025-06-29,391,False,32,42,2,56.0,472,True,False,True,True,True,False,False,False,False,False,Average,0.542,source-only,3.11+,CPU+GPU,None,31.0
R00487,tune-kit,indie-dev-78,AI Safety & Interpretability,Explainability,popular,9673,2222,380,90,784,10,75,25,256,Python,None,None/Custom,GPL-3.0,2022-04-25,2024-12-06,956,False,29490,805,6,188.5,236,True,True,True,True,True,False,True,True,False,False,Average,0.606,npm,3.12+,Apple Silicon,Replicate,65.3
R00488,ENK,startup-42,AI Safety & Interpretability,Fairness & Bias,moderate,1311,148,58,13,53,3,24,2,52,TypeScript,Zig|Scala|C,None/Custom,LGPL-3.0,2023-04-13,2023-09-23,163,False,7137,469,1,129.0,800,False,False,True,True,False,True,False,True,False,False,Good,0.472,docker-only,N/A,CUDA GPU,GCP,21.6
R00489,pro-search-craft,indie-dev-26,AI Safety & Interpretability,Red Teaming,niche,208,19,14,0,0,0,0,2,56,Python,TypeScript|Mojo|Zig,TensorFlow,Apache-2.0,2022-11-21,2023-12-14,388,False,21,39,2,191.1,840,True,False,False,False,False,False,False,True,False,False,Excellent,0.612,pip+conda,3.9+,CPU,Modal,12.1
R00490,mergelib,research-lab-36,Natural Language Processing,Chatbot Frameworks,niche,181,36,3,1,5,3,51,1,38,Rust,Swift,Triton,GPL-3.0,2024-03-04,2025-04-09,401,False,407,47,3,298.6,104,False,False,False,True,True,True,False,True,False,False,Average,0.656,source-only,N/A,Multi-GPU,None,21.0
R00491,turbo-opt,research-lab-19,AI Safety & Interpretability,Explainability,niche,404,106,20,2,29,0,0,4,19,Python,Go|C,PyTorch,Apache-2.0,2024-12-28,2025-10-15,291,True,3327,186,1,8.3,224,False,True,False,True,False,False,False,True,True,False,Average,0.57,source-only,3.8+,TPU,Together AI,46.3
R00492,super-lab,microsoft,Natural Language Processing,Chatbot Frameworks,niche,136,27,10,2,5,1,19,1,10,Swift,Lua,ONNX,BSD-3-Clause,2018-05-24,2022-09-29,1589,False,476,61,14,215.6,631,True,False,False,False,False,True,False,False,False,False,Good,0.801,conda,N/A,TPU,Hugging Face,28.0
R00493,AZE,keras-team,Computer Vision,Video Analysis,niche,226,58,9,1,2,2,35,1,12,Python,Zig,PyTorch,MIT,2016-12-26,2021-04-03,1559,False,2171,270,31,197.2,3251,False,False,False,False,True,False,False,False,False,False,Average,0.427,pip,3.8+,AMD ROCm,Azure,22.2
R00494,text-lib,huggingface,Computer Vision,Image Segmentation,niche,357,32,20,1,4,0,0,1,10,Python,None,TensorFlow,GPL-3.0,2019-11-09,2022-07-20,984,False,8668,474,19,225.4,1555,True,False,False,False,False,False,False,False,False,False,Average,0.881,cargo,3.9+,CPU,None,33.1
R00495,model-x25,startup-13,Large Language Models,Model Merging,moderate,1562,467,122,15,57,4,27,5,63,Python,None,PyTorch,Apache-2.0,2017-07-21,2019-06-16,695,False,792,112,6,240.2,1168,False,True,True,True,False,True,False,False,True,False,Excellent,0.837,pip,3.10+,TPU,Replicate,36.0
R00496,multi-guard,indie-dev-21,Natural Language Processing,Sentiment Analysis,niche,492,117,23,6,28,0,0,7,136,C++,None,Triton,GPL-3.0,2021-08-06,2023-09-15,770,False,628,79,3,467.9,256,False,True,False,False,False,True,False,False,False,False,Good,0.725,source-only,N/A,Multi-GPU,Replicate,22.2
R00497,safeforge,startup-42,Data Engineering,Data Cleaning,niche,240,54,12,2,9,1,20,1,14,Python,None,TensorFlow,Proprietary,2020-03-17,2025-05-12,1882,False,269,26,11,76.6,32,False,False,False,False,True,False,False,False,False,False,Poor,0.603,pip,3.8+,CUDA GPU,Replicate,17.0
R00498,infercpp,nvidia,Audio & Speech,Text-to-Speech,new,23,7,1,5,63,2,10,1,10,Go,None,PyTorch,MIT,2020-07-30,2022-11-10,833,False,120,10,4,89.0,1597,False,True,False,False,False,False,False,True,False,False,Average,0.58,cargo,N/A,CUDA GPU,Together AI,22.4
R00499,llmjs81,research-lab-21,Large Language Models,Model Merging,niche,229,47,9,1,10,2,38,1,15,Python,C,PyTorch,BSD-3-Clause,2018-06-26,2025-07-02,2563,False,1248,24,16,189.1,315,False,False,False,False,True,False,False,True,True,False,Poor,0.689,docker-only,3.11+,Apple Silicon,Together AI,21.6
R00500,swift-embed-py,startup-20,Large Language Models,Model Merging,niche,127,33,6,0,0,1,20,1,30,C++,None,Keras,MIT,2022-02-04,2025-05-21,1202,False,293,31,18,170.4,414,False,False,False,False,False,True,False,False,False,False,Poor,0.771,docker-only,N/A,Multi-GPU,GCP,13.9
R00501,promptpy,eleutherai,Reinforcement Learning,Reward Modeling,moderate,2877,319,97,11,161,5,38,3,39,Python,Java,TensorFlow,GPL-3.0,2019-01-30,2019-10-28,271,False,50637,3597,1,185.6,2088,False,False,False,False,False,False,False,False,True,False,Average,0.821,cargo,3.8+,Apple Silicon,Together AI,16.2
R00502,HZMN,indie-dev-6,Natural Language Processing,Question Answering,niche,138,30,4,0,0,2,34,1,13,Python,None,None/Custom,MIT,2017-04-16,2018-12-27,620,False,997,52,8,51.4,154,True,False,True,False,False,False,False,True,True,False,Average,0.745,npm,3.10+,TPU,Azure,16.4
R00503,open-model-ml,indie-dev-62,Audio & Speech,Voice Cloning,new,11,2,0,10,113,5,38,1,13,Python,R|Java,TensorFlow,Apache-2.0,2019-02-19,2020-10-21,610,False,114,14,10,110.4,296,False,True,True,False,False,False,True,False,True,True,Excellent,0.332,npm,3.8+,CUDA GPU,Multi-cloud,26.8
R00504,poly-token,scikit-learn,Audio & Speech,Music Generation,new,22,1,0,2,17,3,76,1,21,Python,R|Zig,TensorFlow,MIT,2019-08-18,2023-07-25,1437,False,72,5,16,126.8,1192,False,True,True,False,False,False,False,False,True,False,Good,0.145,cargo,3.8+,CPU,Multi-cloud,31.1
R00505,train-stack,indie-dev-39,Audio & Speech,Music Generation,new,21,2,0,12,102,0,0,1,10,Python,R,None/Custom,Apache-2.0,2023-06-24,2025-05-03,679,False,243,11,7,130.7,284,True,True,True,True,False,False,True,False,False,False,Good,0.806,pip,3.12+,CUDA GPU,None,44.3
R00506,rapid-token-stack,startup-33,Data Engineering,Data Augmentation,niche,475,135,30,7,44,0,0,1,10,Rust,Julia|Kotlin,PyTorch,MIT,2017-04-05,2025-10-15,3115,True,991,55,18,19.1,120,True,False,False,False,False,False,True,False,False,False,Good,1.0,docker-only,N/A,AMD ROCm,Multi-cloud,48.2
R00507,LOBU,startup-47,MLOps & Infrastructure,GPU Management,popular,15000,3059,1065,126,1786,54,1339,68,763,Python,Go,Keras,LGPL-3.0,2024-12-01,2025-05-09,159,False,6788,376,2,118.4,201,True,True,True,True,False,False,True,False,False,False,Missing,0.653,conda,3.9+,CPU+GPU,GCP,67.6
R00508,dyna-bert,startup-39,Graph & Geometric ML,Graph Neural Networks,new,33,10,1,0,0,2,33,1,10,Python,None,Triton,MIT,2015-02-15,2018-04-13,1153,False,826,77,9,477.2,377,True,False,False,False,False,False,False,True,True,True,Excellent,0.673,conda,3.9+,TPU,AWS,16.9
R00509,flowai,startup-5,Computer Vision,Image Segmentation,new,50,13,3,8,70,2,23,1,24,Python,Lua,None/Custom,MIT,2017-08-19,2022-10-26,1894,False,64,25,51,193.4,108,False,True,False,False,False,False,False,True,True,False,Good,0.731,cargo,3.11+,Apple Silicon,None,34.2
R00510,multi-chat,research-lab-36,MLOps & Infrastructure,Data Versioning,niche,158,17,12,1,7,5,69,3,127,Python,C|Lua,TensorFlow,MIT,2020-01-09,2020-02-15,37,False,93,47,3,73.3,5922,True,True,False,False,False,False,False,True,False,True,Average,0.552,npm,3.11+,Apple Silicon,Replicate,31.6
R00511,easy-vector-js,research-lab-32,Large Language Models,Alignment & RLHF,niche,274,27,5,1,13,2,41,1,22,Python,Julia|TypeScript|Java,TinyGrad,GPL-3.0,2021-01-30,2023-06-14,865,False,438,63,11,319.6,706,True,True,False,False,False,False,False,True,True,False,Average,0.639,npm,3.12+,CPU+GPU,Multi-cloud,38.2
R00512,textflow,indie-dev-79,Computer Vision,Super Resolution,moderate,1283,168,89,20,186,1,5,3,30,Python,R|TypeScript|Lua,PyTorch,BSD-3-Clause,2015-06-21,2021-05-18,2158,False,565,14,48,80.5,1736,True,True,False,False,False,True,False,True,False,False,Average,0.865,brew,3.9+,CPU,Azure,46.9
R00513,llm-stack,eleutherai,Computer Vision,Image Classification,viral,98147,32994,6575,926,9066,271,4582,872,38976,Scala,Go|TypeScript,JAX,MIT,2015-10-23,2023-09-07,2876,False,2140323,258694,52,169.0,612,True,True,True,True,True,False,True,True,False,False,Good,0.671,pip,N/A,TPU,None,84.1
R00514,flash-token-py,research-lab-18,Reinforcement Learning,Environments & Simulators,moderate,1704,359,125,5,68,3,84,9,81,C++,Swift|Python|Mojo,PyTorch,MIT,2021-08-12,2024-05-17,1009,False,12636,805,10,150.1,3911,False,False,False,False,True,False,False,True,False,False,Excellent,0.973,brew,N/A,CPU,GCP,21.1
R00515,agentbox,indie-dev-2,Computer Vision,Image Segmentation,moderate,1533,85,26,36,398,1,22,36,527,C++,None,TensorFlow,BSD-3-Clause,2023-02-14,2025-07-13,880,False,10905,855,4,166.7,379,True,False,True,True,False,False,False,True,True,True,Poor,0.697,pip,N/A,CPU+GPU,Together AI,38.8
R00516,audiostack,indie-dev-10,Large Language Models,Alignment & RLHF,niche,267,33,8,1,12,0,0,1,29,Go,Python|Julia|Scala,PyTorch,Apache-2.0,2022-10-26,2025-01-27,824,False,1264,134,18,36.7,903,True,True,False,True,False,False,False,False,True,False,Good,0.714,npm,N/A,TPU,Replicate,53.4
R00517,nano-flow,startup-41,MLOps & Infrastructure,Model Monitoring,moderate,1685,158,50,7,79,7,93,10,46,Python,C++|Mojo|TypeScript,PyTorch,BSD-3-Clause,2022-08-29,2025-07-04,1040,False,7211,96,10,68.0,197,False,False,False,True,False,True,False,False,False,True,Good,0.733,pip+conda,3.11+,Apple Silicon,GCP,31.1
R00518,deep-agent,indie-dev-42,Audio & Speech,Audio Classification,popular,9654,2933,591,36,311,15,280,123,2356,Swift,None,PyTorch,MIT,2020-09-08,2022-02-18,528,False,309597,44216,4,337.5,286,True,True,True,False,True,False,True,False,True,False,Average,0.902,cargo,N/A,CUDA GPU,Azure,61.3
R00519,super-tune-ai,indie-dev-70,Audio & Speech,Speech Recognition,niche,273,74,5,1,5,0,0,2,17,Python,None,JAX,MIT,2023-11-03,2023-12-15,42,False,332,29,2,341.6,108,False,True,False,False,False,False,False,False,True,False,Average,0.589,npm,3.8+,AMD ROCm,Azure,20.6
R00520,YCP,research-lab-4,Generative AI,Diffusion Models,new,32,7,1,13,83,5,126,1,22,Python,Kotlin|Rust,None/Custom,MIT,2016-11-05,2019-09-12,1041,False,271,19,7,246.2,3019,True,True,True,False,False,False,False,True,False,False,Poor,0.612,npm,3.11+,AMD ROCm,Multi-cloud,34.1
R00521,JPYCN,indie-dev-46,Graph & Geometric ML,Graph Neural Networks,new,15,2,0,2,25,5,120,1,48,Kotlin,Python|Julia|Go,TensorFlow,Apache-2.0,2015-09-29,2022-02-14,2330,False,79,21,45,204.9,803,True,True,False,True,False,False,False,False,False,False,Poor,0.437,npm,N/A,AMD ROCm,Modal,54.4
R00522,deep-quant-forge,research-lab-17,Generative AI,Code Generation,new,18,1,0,8,32,5,131,1,19,Python,Scala|C,PyTorch,Proprietary,2022-01-30,2022-07-07,158,False,66,20,1,449.3,2127,False,False,False,True,False,False,False,True,False,False,Average,0.376,docker-only,3.9+,CPU+GPU,Multi-cloud,18.9
R00523,cross-rl-box,startup-24,Audio & Speech,Text-to-Speech,niche,193,40,12,1,2,0,0,1,34,C++,None,ONNX,MIT,2020-03-10,2022-03-20,740,False,1027,21,4,252.7,1628,False,False,True,False,False,False,False,True,False,False,Excellent,0.684,conda,N/A,AMD ROCm,None,10.2
R00524,flash-gen,tensorflow,Data Engineering,Data Labeling,moderate,826,173,58,10,80,2,59,10,130,C,Scala|Go|Swift,JAX,MIT,2017-02-12,2020-01-21,1073,False,2655,114,28,114.3,170,True,True,False,False,False,False,True,True,False,False,Excellent,0.265,conda,N/A,CPU+GPU,None,46.5
R00525,rapid-rl,startup-20,Reinforcement Learning,Robotics Control,viral,42882,9346,1332,188,943,42,743,488,6017,C++,Scala|Python|Zig,PyTorch,Custom,2016-01-28,2024-06-27,3073,False,151327,4847,54,300.4,453,True,True,True,True,False,False,False,True,True,True,Average,0.572,cargo,N/A,CPU+GPU,Azure,83.3
R00526,graphbox,deepseek-ai,Graph & Geometric ML,Graph Neural Networks,popular,4912,1023,227,85,814,13,317,40,633,TypeScript,None,PyTorch,Apache-2.0,2016-01-09,2022-07-05,2369,False,13017,650,53,149.8,808,True,True,True,True,True,False,True,True,True,False,Average,0.781,pip+conda,N/A,AMD ROCm,Modal,67.9
R00527,net-hub,startup-2,Computer Vision,3D Vision,moderate,1143,159,35,19,38,1,7,12,104,Python,None,Flax,AGPL-3.0,2019-12-25,2025-01-09,1842,False,5869,253,5,133.0,156,True,False,True,False,False,False,False,True,False,False,Good,0.897,npm,3.10+,CUDA GPU,GCP,23.9
R00528,VMFZM,indie-dev-20,MLOps & Infrastructure,Data Versioning,moderate,3000,281,69,46,319,7,94,7,81,Python,None,MLX,Apache-2.0,2018-12-17,2023-08-02,1689,False,20802,2199,18,332.5,516,False,False,False,False,False,True,False,True,False,False,Excellent,0.854,pip+conda,3.11+,TPU,GCP,28.9
R00529,chat-studio34,CohereForAI,AI Safety & Interpretability,Fairness & Bias,moderate,3000,945,73,24,83,9,225,11,117,C++,Mojo,PyTorch,Apache-2.0,2017-06-16,2024-02-08,2428,False,1984,269,6,169.9,431,True,True,False,True,False,False,False,False,True,True,Excellent,0.664,docker-only,N/A,TPU,Azure,49.4
R00530,eval-js,tensorflow,Large Language Models,Agents & Tool Use,moderate,1423,282,56,15,138,2,33,38,1605,Rust,TypeScript|Julia|C,TensorFlow,Apache-2.0,2017-08-07,2018-09-18,407,False,8178,183,7,78.1,605,True,True,False,False,True,False,False,False,False,False,Average,0.537,npm,N/A,Apple Silicon,Azure,40.9
R00531,HZA,startup-16,Audio & Speech,Text-to-Speech,niche,299,70,6,2,17,0,0,1,43,Go,Kotlin,PyTorch,MIT,2018-01-20,2023-11-22,2132,False,345,48,27,127.9,1615,True,True,False,False,False,False,False,True,True,False,Average,0.705,pip,N/A,CPU+GPU,GCP,44.6
R00532,trainai,indie-dev-75,Reinforcement Learning,Environments & Simulators,popular,13512,2371,552,208,507,14,191,48,1534,C++,Lua|Kotlin|C,TensorFlow,GPL-3.0,2023-12-17,2025-05-31,531,False,58786,3451,4,60.3,480,True,True,True,True,True,True,False,True,False,True,Excellent,0.642,source-only,N/A,CPU,None,64.9
R00533,pro-eval,indie-dev-16,Data Engineering,Data Cleaning,new,34,8,2,10,110,3,59,2,30,Python,Zig|R,None/Custom,Apache-2.0,2019-03-11,2019-07-16,127,False,38,37,4,199.3,80,False,False,False,True,False,True,False,True,False,False,Good,0.269,npm,3.11+,CUDA GPU,Replicate,22.4
R00534,mini-infer,indie-dev-35,Computer Vision,OCR,niche,273,81,10,1,6,1,6,3,41,Python,Mojo|Kotlin|C++,JAX,Apache-2.0,2015-08-06,2019-08-10,1465,False,1960,80,5,201.4,325,False,True,False,False,False,True,False,False,True,False,Excellent,0.536,docker-only,3.12+,Multi-GPU,AWS,23.2
R00535,quick-graph,anthropic-tools,Generative AI,VAEs,moderate,1786,157,110,11,75,1,11,28,171,Python,None,PyTorch,Apache-2.0,2020-01-11,2024-08-19,1682,False,5195,341,27,304.5,483,True,False,False,False,False,False,False,False,False,False,Average,0.925,source-only,3.11+,CUDA GPU,Modal,40.1
R00536,super-infer-py,indie-dev-38,Computer Vision,Medical Imaging,moderate,2498,309,182,43,610,3,48,29,560,Python,TypeScript,PyTorch,GPL-3.0,2018-02-03,2022-08-06,1645,False,13763,275,12,346.3,75,True,False,True,False,False,False,True,True,False,False,Good,0.562,brew,3.9+,CPU,Azure,36.2
R00537,modelx,research-lab-17,AI Safety & Interpretability,Adversarial Robustness,niche,178,46,3,3,13,3,85,1,10,Scala,Swift|Lua|Julia,ONNX,Apache-2.0,2023-03-01,2024-04-15,411,False,511,6,5,141.7,10,True,False,False,False,False,False,False,True,True,False,Good,0.599,docker-only,N/A,AMD ROCm,Modal,22.3
R00538,visioncraft,dmlc,Reinforcement Learning,Multi-Agent Systems,moderate,1496,376,96,9,36,1,11,52,1287,Rust,None,PyTorch,Proprietary,2024-03-29,2024-09-26,181,False,5003,444,3,77.8,902,True,True,True,False,False,False,False,True,True,False,Good,0.479,conda,N/A,Multi-GPU,Hugging Face,38.4
R00539,smart-tune,indie-dev-46,Data Engineering,Data Augmentation,moderate,2049,126,64,17,188,8,117,18,150,Python,None,PyTorch,MIT,2020-04-22,2025-10-15,2002,True,4393,400,6,9.8,556,False,True,False,False,False,False,False,False,True,False,Good,0.654,conda,3.8+,TPU,GCP,44.6
R00540,omni-llm,indie-dev-49,Large Language Models,Agents & Tool Use,moderate,1755,519,85,9,115,1,29,2,23,Python,None,Keras,GPL-3.0,2020-07-10,2025-08-19,1866,True,675,86,51,9.3,38,False,True,True,True,False,True,False,False,False,False,Excellent,0.834,conda,3.10+,Apple Silicon,AWS,63.0
R00541,BTA,startup-49,MLOps & Infrastructure,Feature Stores,niche,196,57,12,1,4,0,0,1,10,Python,C++|Scala|Julia,PyTorch,Apache-2.0,2019-05-20,2024-12-17,2038,False,1796,131,6,244.4,746,False,True,False,False,False,False,False,True,True,False,Good,0.677,docker-only,3.10+,TPU,None,23.0
R00542,evalrs,indie-dev-23,Reinforcement Learning,Reward Modeling,moderate,1675,334,41,11,124,3,68,2,18,Python,None,PyTorch,MIT,2017-05-12,2020-02-21,1015,False,23492,2655,15,130.8,377,False,True,False,True,False,True,False,True,True,False,Good,0.691,docker-only,3.12+,Multi-GPU,Multi-cloud,44.0
R00543,gptstudio,ollama,Large Language Models,Evaluation & Benchmarks,moderate,1614,459,100,30,67,5,26,30,1180,Python,None,Keras,Apache-2.0,2018-11-14,2019-09-10,300,False,1183,17,5,209.9,1458,False,True,False,False,False,False,False,False,False,False,Missing,0.553,npm,3.12+,CPU+GPU,AWS,26.9
R00544,agent-flow,startup-44,Computer Vision,Image Classification,new,23,1,1,1,5,1,11,1,10,Python,None,Triton,CC-BY-4.0,2018-10-02,2020-06-29,636,False,139,20,3,198.4,371,False,True,False,False,False,False,False,True,False,False,Average,0.567,source-only,3.9+,CUDA GPU,Together AI,20.7
R00545,quick-tune-stack,research-lab-16,Graph & Geometric ML,Geometric Deep Learning,niche,342,51,7,2,16,1,14,1,33,TypeScript,None,PyTorch,Proprietary,2017-03-16,2022-03-01,1811,False,1038,99,7,88.3,781,False,True,False,False,False,True,False,False,True,False,Good,0.745,cargo,N/A,TPU,Hugging Face,24.9
R00546,OIJ,research-lab-31,Natural Language Processing,Named Entity Recognition,niche,250,28,11,2,10,3,84,1,12,Python,Rust,PyTorch,Unlicense,2021-07-01,2023-01-02,550,False,1261,126,5,239.5,234,True,True,True,True,False,False,False,False,True,False,Average,0.81,pip,3.10+,CPU+GPU,Modal,42.7
R00547,RVR,startup-38,Reinforcement Learning,Game AI,moderate,2262,648,139,24,306,6,173,51,419,Rust,R|Go|Python,None/Custom,MIT,2017-08-19,2022-01-28,1623,False,3287,353,72,104.2,92,False,False,True,True,False,True,False,False,False,False,Good,0.525,source-only,N/A,CUDA GPU,GCP,43.9
R00548,nano-rl-box,THUDM,Computer Vision,Image Segmentation,niche,379,41,16,10,89,1,15,4,55,Julia,Rust,None/Custom,AGPL-3.0,2024-10-16,2025-01-16,92,False,3650,494,1,145.3,1330,False,False,True,False,True,False,False,False,True,False,Good,0.81,source-only,N/A,CPU,GCP,10.9
R00549,hyper-prompt-py,startup-5,Generative AI,VAEs,new,19,3,1,2,17,0,0,1,30,Python,Mojo|Lua|C,PyTorch,Custom,2015-03-16,2025-07-02,3761,False,9,48,47,287.3,186,False,True,False,False,False,False,False,True,True,False,Good,0.493,cargo,3.8+,AMD ROCm,Modal,34.1
R00550,MKUL,cohere-ai,MLOps & Infrastructure,Experiment Tracking,niche,189,57,8,1,13,0,0,1,10,Rust,Java|R|Mojo,TensorFlow,LGPL-3.0,2020-01-30,2022-04-09,800,False,655,30,11,67.2,102,False,False,True,False,False,False,True,True,False,False,Average,0.933,conda,N/A,Apple Silicon,AWS,18.0
R00551,mini-doc-box,cohere-ai,Data Engineering,Synthetic Data,niche,197,34,9,2,27,0,0,1,13,C,None,CUDA,BSD-3-Clause,2024-08-18,2024-11-10,84,False,396,14,0,283.8,1613,False,False,True,False,False,False,False,False,False,False,Excellent,0.86,source-only,N/A,Apple Silicon,Azure,9.8
R00552,dyna-train,research-lab-13,Generative AI,Code Generation,popular,13226,3958,170,113,444,39,576,168,2432,Python,Zig|Java,PyTorch,MIT,2024-07-20,2024-10-09,81,False,44495,5708,3,101.9,66,True,True,True,True,True,False,False,False,True,False,Poor,0.645,docker-only,3.12+,CPU+GPU,Together AI,70.2
R00553,auto-tune-ml,wandb,Reinforcement Learning,Environments & Simulators,new,47,9,0,8,65,5,109,3,30,Python,Rust|C++|Swift,PyTorch,Unlicense,2022-05-18,2024-04-29,712,False,101,13,14,89.3,188,True,True,True,False,False,True,False,True,False,False,Excellent,0.263,brew,3.8+,CPU+GPU,Multi-cloud,39.8
R00554,serve-spark,indie-dev-44,Generative AI,GANs,moderate,559,113,31,3,12,2,47,4,25,Python,Zig|Go|Swift,JAX,MIT,2015-01-22,2022-10-13,2821,False,758,78,13,213.4,242,True,False,True,False,False,False,False,False,True,False,Poor,1.0,docker-only,3.11+,CPU,Modal,29.3
R00555,auto-tune,startup-11,Graph & Geometric ML,Knowledge Graphs,niche,500,132,8,6,17,0,0,1,10,Python,Scala|C++|R,PyTorch,BSD-3-Clause,2017-11-02,2025-09-02,2861,True,753,58,69,7.7,72,True,True,True,True,False,False,False,True,True,False,Excellent,0.853,pip+conda,3.8+,Multi-GPU,GCP,68.5
R00556,ultra-guard-kit,startup-42,Large Language Models,Fine-tuning Tools,new,26,3,0,13,105,3,76,2,10,C++,None,TensorFlow,MIT,2019-02-19,2022-11-11,1361,False,45,40,11,86.0,83,True,True,True,False,False,True,False,True,True,True,Good,0.275,pip,N/A,CPU,Modal,37.4
R00557,GNDJ,indie-dev-11,Large Language Models,Prompt Engineering,moderate,1418,439,17,22,261,3,84,48,1528,TypeScript,Rust|Scala|Swift,PyTorch,GPL-3.0,2016-12-26,2021-11-05,1775,False,7483,423,19,141.9,359,True,False,True,False,False,True,False,False,True,False,Good,0.651,npm,N/A,CUDA GPU,GCP,41.1
R00558,uni-token-stack,prefecthq,Reinforcement Learning,Reward Modeling,moderate,1973,496,20,33,213,3,57,18,323,Python,Rust|C++,JAX,CC-BY-4.0,2018-01-18,2025-07-06,2726,False,10793,258,12,196.5,1037,True,True,False,False,False,False,False,False,False,False,Good,0.922,npm,3.8+,AMD ROCm,AWS,43.4
R00559,poly-gen-flow,huggingface,Graph & Geometric ML,Point Cloud Processing,moderate,2518,435,117,11,132,1,11,11,32,Python,None,None/Custom,Apache-2.0,2020-05-24,2021-07-24,426,False,10075,153,6,81.6,819,False,True,True,False,False,False,False,True,False,False,Good,0.579,source-only,3.10+,CPU,Modal,29.9
R00560,rl-forge,indie-dev-50,AI Safety & Interpretability,Fairness & Bias,niche,277,88,20,6,35,0,0,5,101,C++,Go,TensorFlow,MIT,2021-04-22,2021-06-24,63,False,207,30,3,330.3,475,True,True,False,True,False,False,False,True,True,False,Excellent,1.0,pip+conda,N/A,CPU,GCP,41.8
R00561,meta-grad-core,indie-dev-27,MLOps & Infrastructure,Model Serving,popular,15000,2625,945,92,377,50,1284,140,1370,Python,None,None/Custom,Apache-2.0,2017-08-27,2024-08-05,2535,False,30772,1956,41,373.4,227,True,True,True,True,True,False,False,True,False,False,Good,0.643,conda,3.10+,TPU,GCP,83.0
R00562,HSIAN,startup-12,Audio & Speech,Music Generation,new,26,3,1,0,0,5,64,1,10,Python,None,PyTorch,MIT,2020-01-27,2021-12-29,702,False,33,11,5,129.4,167,False,True,True,True,False,False,False,True,False,False,Excellent,0.496,source-only,3.9+,Multi-GPU,None,23.9
R00563,inferx,indie-dev-36,Large Language Models,Alignment & RLHF,moderate,1924,150,120,28,82,3,78,4,72,Python,Mojo|Kotlin|C++,PyTorch,MIT,2015-02-01,2017-02-01,731,False,21827,2053,3,228.0,255,True,True,False,False,True,False,False,False,False,False,Average,0.713,brew,3.10+,AMD ROCm,Azure,34.0
R00564,VSGON,startup-34,Large Language Models,Multimodal Models,viral,76932,16936,3749,540,7570,350,8573,197,2897,Python,Lua,None/Custom,LGPL-3.0,2023-11-30,2025-03-29,485,False,59964,7180,5,298.9,1457,True,True,False,True,True,False,False,True,True,False,Average,0.683,brew,3.8+,CPU+GPU,Replicate,73.1
R00565,XEBQF,startup-24,Generative AI,GANs,moderate,1672,482,65,9,123,3,61,7,67,Swift,C|Rust|TypeScript,JAX,MIT,2016-06-01,2019-03-13,1015,False,17244,1317,10,245.1,384,False,True,True,False,False,True,False,False,True,False,Average,0.569,npm,N/A,CPU,Modal,30.9
R00566,smart-rl,indie-dev-57,Computer Vision,Face Recognition,moderate,500,102,9,5,21,2,46,2,11,Python,None,PyTorch,AGPL-3.0,2016-11-05,2024-07-26,2820,False,497,52,21,52.2,2968,False,False,False,False,False,True,False,False,False,True,Average,0.523,brew,3.8+,TPU,Together AI,24.3
R00567,fast-opt-ai,indie-dev-20,Large Language Models,Model Merging,niche,253,60,7,4,18,1,9,1,26,TypeScript,Zig|Julia,PyTorch,MIT,2019-04-02,2020-08-15,501,False,156,8,4,106.7,1043,False,False,False,False,False,False,True,True,False,False,Average,0.626,pip+conda,N/A,Apple Silicon,Modal,11.8
R00568,quick-bench,ray-project,AI Safety & Interpretability,Explainability,moderate,1806,619,59,9,124,4,51,7,117,Python,Kotlin,PyTorch,Apache-2.0,2021-09-20,2022-01-28,130,False,19340,1660,0,192.3,4389,True,True,False,False,False,False,True,True,True,False,Average,0.78,npm,3.10+,Apple Silicon,Replicate,33.6
R00569,rapid-gpt,indie-dev-44,AI Safety & Interpretability,Explainability,new,19,3,0,13,161,4,78,1,14,Julia,Java|Zig|Python,None/Custom,AGPL-3.0,2017-05-01,2020-02-09,1014,False,177,20,8,273.4,763,False,False,False,True,True,False,False,False,True,False,Poor,0.155,pip,N/A,AMD ROCm,None,25.4
R00570,dyna-flow-box,startup-45,AI Safety & Interpretability,Red Teaming,moderate,791,102,61,5,73,2,10,3,58,Python,None,PyTorch,GPL-3.0,2017-10-16,2023-08-28,2142,False,2047,188,23,288.4,673,True,True,False,True,False,False,False,False,False,False,Good,0.634,pip,3.9+,Apple Silicon,Multi-cloud,56.2
R00571,trainstudio,pinecone-io,Generative AI,3D Generation,niche,327,97,4,2,12,0,0,1,10,R,Mojo|Python,Keras,MIT,2016-03-02,2019-09-21,1298,False,394,57,11,536.8,291,False,True,False,False,False,False,True,True,True,False,Good,0.879,npm,N/A,Multi-GPU,None,27.6
R00572,simple-prompt40,startup-40,Data Engineering,Synthetic Data,niche,136,44,9,1,10,4,34,1,10,Scala,Zig,PyTorch,MIT,2018-04-05,2024-02-04,2131,False,323,17,21,168.9,5678,True,False,False,False,False,False,True,False,False,False,Good,0.656,pip,N/A,Apple Silicon,None,34.5
R00573,vector-py68,indie-dev-20,Reinforcement Learning,Policy Optimization,new,23,7,1,12,165,5,54,2,17,Python,C++,PyTorch,GPL-3.0,2024-11-27,2025-02-27,92,False,52,33,1,225.1,4508,True,False,True,True,False,True,True,False,False,True,Average,0.194,pip+conda,3.8+,CUDA GPU,AWS,30.3
R00574,deep-lab,startup-14,Generative AI,3D Generation,niche,261,27,12,2,26,0,0,1,10,Python,None,Flax,AGPL-3.0,2018-09-03,2023-02-13,1624,False,342,36,23,182.1,260,False,True,True,False,False,True,False,False,True,False,Average,0.644,pip,3.12+,CPU+GPU,Multi-cloud,34.9
R00575,embedbase,startup-6,AI Safety & Interpretability,Adversarial Robustness,moderate,952,292,17,14,107,2,34,1,16,Python,None,TensorFlow,MIT,2018-03-07,2024-12-11,2471,False,2968,232,78,249.1,1190,False,True,False,False,True,True,False,True,True,False,Average,0.607,docker-only,3.8+,Apple Silicon,Multi-cloud,35.8
R00576,tune-stack,startup-34,AI Safety & Interpretability,Adversarial Robustness,new,23,3,0,4,54,3,86,2,36,Python,None,PyTorch,MIT,2015-04-19,2021-12-15,2432,False,220,13,70,135.1,3129,False,True,True,True,False,True,False,True,False,False,Excellent,0.651,pip,3.11+,AMD ROCm,Hugging Face,44.6
R00577,poly-embed,indie-dev-41,MLOps & Infrastructure,Hyperparameter Tuning,niche,248,46,19,6,72,1,24,1,14,R,None,JAX,MIT,2019-10-22,2024-10-08,1813,False,270,35,19,257.9,557,False,True,False,False,False,False,True,False,False,False,Average,0.736,pip,N/A,CPU+GPU,Replicate,34.1
R00578,safe-x,pinecone-io,Audio & Speech,Speaker Diarization,niche,409,87,5,4,33,3,27,2,82,TypeScript,Java|Python,Keras,Apache-2.0,2016-02-14,2018-03-03,748,False,572,21,12,131.2,76,True,False,False,False,False,False,False,False,False,False,Good,0.558,conda,N/A,CPU,Multi-cloud,28.9
R00579,neo-gen-ai,startup-19,Generative AI,3D Generation,new,28,7,0,9,114,1,22,1,13,Python,None,JAX,CC-BY-4.0,2017-03-05,2021-02-05,1433,False,72,8,7,113.3,675,True,True,False,False,True,True,False,False,True,False,Average,0.933,conda,3.12+,AMD ROCm,None,34.7
R00580,swift-flow-ai,research-lab-9,AI Safety & Interpretability,Adversarial Robustness,moderate,1122,318,77,8,110,6,84,11,123,Python,Scala|R|Kotlin,None/Custom,GPL-3.0,2024-01-20,2024-08-06,199,False,3387,250,4,66.7,142,True,False,True,False,False,False,False,False,False,False,Poor,0.808,source-only,3.9+,Apple Silicon,Replicate,25.7
R00581,EKS,nvidia,Computer Vision,OCR,new,29,3,1,9,73,4,119,3,25,Rust,None,PyTorch,MIT,2023-08-30,2025-02-22,542,False,73,12,3,328.1,98,True,False,False,True,False,False,False,False,False,True,Average,0.504,brew,N/A,CPU,Azure,31.5
R00582,modelcore,research-lab-24,Data Engineering,Data Labeling,niche,234,48,18,5,44,0,0,1,10,TypeScript,Go|C|Scala,PyTorch,BSD-3-Clause,2019-12-16,2021-12-27,742,False,987,28,6,204.6,3930,False,True,True,False,True,False,False,False,False,False,Poor,0.692,conda,N/A,TPU,Azure,24.0
R00583,NKARZ,research-lab-11,Large Language Models,Evaluation & Benchmarks,niche,265,41,7,2,12,1,11,3,70,Python,Julia|C++|C,TensorFlow,Apache-2.0,2023-07-23,2024-08-23,397,False,1085,36,19,101.7,1277,True,True,False,True,False,False,False,False,True,False,Average,0.59,conda,3.10+,AMD ROCm,None,53.7
R00584,chat-ops,indie-dev-1,Generative AI,GANs,new,39,7,1,8,44,5,40,4,64,Kotlin,None,Keras,MIT,2021-08-03,2023-05-31,666,False,17,48,24,229.0,195,True,True,False,False,False,False,True,True,False,False,Average,0.977,conda,N/A,CPU,Multi-cloud,43.9
R00585,ABCM,research-lab-16,Generative AI,Diffusion Models,niche,262,71,15,2,14,1,24,6,112,Python,None,PyTorch,BSD-3-Clause,2022-04-09,2023-12-01,601,False,381,51,7,180.1,245,True,True,True,False,True,False,False,True,True,False,Good,0.444,pip,3.10+,Apple Silicon,Modal,35.1
R00586,guardwave,deepseek-ai,Reinforcement Learning,Environments & Simulators,popular,6578,1439,286,120,1652,19,289,39,351,C,None,None/Custom,AGPL-3.0,2015-08-27,2023-09-29,2955,False,8645,613,78,131.3,53,True,True,True,True,False,False,True,False,False,False,Excellent,0.948,conda,N/A,CUDA GPU,None,71.4
R00587,flash-distill,tensorflow,Generative AI,VAEs,niche,336,27,23,3,39,0,0,1,12,Python,Java,TensorFlow,Proprietary,2017-03-10,2019-06-30,842,False,1171,114,7,239.9,1322,True,False,False,False,False,False,False,False,False,False,Excellent,0.829,pip+conda,3.8+,CUDA GPU,GCP,25.3
R00588,bench-rs,indie-dev-21,Generative AI,Creative AI,new,22,7,1,15,109,4,119,1,13,Rust,Go,PyTorch,MIT,2016-06-26,2021-10-23,1945,False,874,73,15,86.4,383,False,True,True,True,False,False,False,True,False,False,Missing,0.515,pip+conda,N/A,CPU,None,40.2
R00589,fast-tensor-core,startup-32,MLOps & Infrastructure,Pipeline Orchestration,moderate,1819,514,97,24,218,5,101,2,21,Python,Swift,None/Custom,Apache-2.0,2016-02-21,2020-09-08,1661,False,5155,191,26,107.6,131,False,False,True,False,False,False,False,False,False,True,Good,0.692,npm,3.11+,AMD ROCm,Together AI,27.8
R00590,uni-quant-spark,autogen-ai,Graph & Geometric ML,Molecular ML,moderate,2409,589,170,75,286,5,68,18,339,Java,TypeScript|Rust|C,PyTorch,BSD-3-Clause,2023-07-02,2024-10-10,466,False,9276,1299,3,49.6,139,True,True,True,False,False,True,False,False,False,False,Average,0.844,brew,N/A,CPU,Modal,36.8
R00591,flash-quant,indie-dev-72,MLOps & Infrastructure,AutoML,new,13,4,0,0,0,2,36,1,31,TypeScript,Rust,ONNX,MIT,2023-09-30,2024-03-28,180,False,199,8,0,202.2,96,True,True,False,True,False,False,False,False,False,False,Excellent,0.487,pip+conda,N/A,Apple Silicon,Azure,30.1
R00592,quick-flow,ibm-research,Computer Vision,Medical Imaging,niche,342,94,9,5,23,0,0,3,49,Python,Rust|C|Scala,JAX,BSD-3-Clause,2018-09-02,2025-02-12,2355,False,1296,82,24,300.8,1168,True,False,False,False,False,False,True,False,False,False,Missing,0.374,pip+conda,3.9+,Multi-GPU,None,34.2
R00593,UEJT,research-lab-16,Audio & Speech,Speaker Diarization,niche,500,95,6,2,4,1,11,2,54,Rust,None,PyTorch,Apache-2.0,2020-09-28,2023-12-05,1163,False,841,115,8,194.7,238,False,True,False,False,False,False,False,True,False,False,Good,0.787,npm,N/A,CUDA GPU,AWS,23.9
R00594,IMYC,startup-4,Graph & Geometric ML,Graph Neural Networks,niche,313,33,9,5,38,0,0,2,29,R,Kotlin|Java|Swift,PyTorch,GPL-3.0,2022-01-15,2025-10-15,1369,True,436,53,24,22.5,164,False,True,False,True,False,False,False,False,False,False,Average,0.752,pip,N/A,Multi-GPU,Replicate,59.7
R00595,tensor-studio,startup-46,Natural Language Processing,Question Answering,new,23,7,0,11,48,3,48,1,34,Python,None,None/Custom,GPL-3.0,2015-05-03,2022-11-09,2747,False,83,1,45,109.8,7087,False,True,False,True,False,False,False,True,False,False,Good,0.343,docker-only,3.10+,CUDA GPU,Azure,43.3
R00596,train-spark,research-lab-7,Generative AI,Creative AI,niche,314,42,23,3,40,0,0,2,15,TypeScript,None,PyTorch,Proprietary,2024-06-30,2024-12-14,167,False,186,13,2,86.0,132,False,False,False,True,False,False,False,False,True,False,Average,0.868,npm,N/A,TPU,Hugging Face,21.6
R00597,servecraft,research-lab-10,Large Language Models,Evaluation & Benchmarks,niche,236,55,8,0,0,0,0,1,10,Python,Java|C++|Go,Flax,Proprietary,2017-06-26,2025-05-10,2875,False,349,29,120,241.0,99,True,False,False,True,False,False,False,False,False,True,Good,0.672,docker-only,3.10+,TPU,Multi-cloud,35.6
R00598,ultra-doc,startup-44,Graph & Geometric ML,Graph Neural Networks,niche,271,62,13,1,11,1,13,1,19,Go,Swift,JAX,MIT,2022-07-29,2025-07-12,1079,False,735,49,6,171.9,1217,True,False,False,True,False,True,False,True,True,False,Excellent,0.8,source-only,N/A,CPU+GPU,Multi-cloud,34.3
R00599,ultra-flow,startup-46,Audio & Speech,Voice Cloning,niche,446,69,19,2,9,2,20,1,64,Python,None,JAX,MIT,2017-05-28,2022-03-11,1748,False,2916,111,19,233.6,1008,True,False,True,False,False,False,False,False,True,False,Average,0.756,npm,3.10+,CPU,Modal,33.4
R00600,labstack,indie-dev-74,Computer Vision,Medical Imaging,niche,333,25,8,6,22,0,0,4,41,Python,None,PyTorch,Apache-2.0,2020-04-20,2023-07-13,1179,False,368,21,10,70.5,644,True,True,False,False,False,True,False,True,True,False,Poor,0.872,pip,3.11+,TPU,Hugging Face,36.4
R00601,NZYOR,indie-dev-16,AI Safety & Interpretability,Adversarial Robustness,popular,7530,2505,595,184,1793,11,232,30,332,Python,None,JAX,Custom,2024-09-03,2024-12-27,115,False,14056,1780,1,197.1,3834,True,True,True,True,True,False,False,False,False,False,Average,0.77,conda,3.12+,Apple Silicon,GCP,57.9
R00602,embedai,startup-45,Large Language Models,Foundation Models,moderate,2266,405,101,16,224,4,105,15,144,Python,Go|Scala|R,Flax,MIT,2015-06-11,2016-01-02,205,False,1437,38,1,180.1,205,True,False,False,False,True,True,False,True,True,False,Average,0.799,npm,3.11+,Multi-GPU,GCP,26.1
R00603,nano-code-stack,indie-dev-38,Generative AI,Code Generation,niche,275,87,15,5,28,0,0,3,42,Python,None,None/Custom,Proprietary,2019-04-30,2024-11-28,2039,False,1077,144,5,289.0,511,True,False,False,False,False,False,False,True,False,False,Average,0.905,cargo,3.10+,Apple Silicon,GCP,23.1
R00604,ZFW,startup-8,Generative AI,Diffusion Models,moderate,2161,469,128,31,198,4,30,13,163,Go,C++|R|Python,ONNX,GPL-3.0,2016-07-01,2018-09-18,809,False,2723,396,2,169.1,838,True,False,False,False,False,False,False,False,True,False,Average,0.746,conda,N/A,TPU,Modal,25.8
R00605,flow-studio,indie-dev-22,AI Safety & Interpretability,Red Teaming,niche,214,28,15,1,14,1,14,1,10,Rust,Kotlin,PyTorch,GPL-3.0,2017-12-02,2022-01-27,1517,False,528,49,53,116.9,588,True,True,True,False,False,False,False,False,True,True,Excellent,0.706,npm,N/A,CPU+GPU,Modal,44.9
R00606,audio-core88,indie-dev-53,MLOps & Infrastructure,Data Versioning,new,23,1,1,5,19,0,0,2,11,Python,Scala|Mojo|Go,None/Custom,CC-BY-4.0,2023-10-30,2024-07-08,252,False,45,6,3,143.8,46,False,False,False,False,False,False,False,True,True,False,Average,0.771,cargo,3.12+,CUDA GPU,Hugging Face,10.4
R00607,INDP,startup-10,AI Safety & Interpretability,Watermarking,niche,324,75,12,2,4,1,21,1,10,Python,None,PyTorch,Proprietary,2024-11-23,2025-09-01,282,True,1209,157,13,21.0,438,False,True,True,False,False,False,False,True,False,False,Poor,0.863,npm,3.8+,TPU,Azure,42.2
R00608,audiolib,indie-dev-3,Natural Language Processing,Text Summarization,niche,185,27,2,1,9,3,80,1,22,TypeScript,None,None/Custom,MIT,2022-06-23,2025-10-15,1210,True,1825,238,9,9.0,326,False,False,True,False,False,False,True,True,False,False,Excellent,0.94,pip+conda,N/A,Apple Silicon,AWS,31.2
R00609,FBB,indie-dev-65,Reinforcement Learning,Policy Optimization,moderate,3000,429,97,13,35,4,28,37,1192,Java,Mojo|Scala|Swift,PyTorch,MIT,2021-10-20,2025-09-23,1434,True,18251,2418,29,19.1,916,False,False,False,False,True,False,False,True,False,False,Missing,0.989,pip,N/A,CPU+GPU,Multi-cloud,47.0
R00610,micro-doc,research-lab-25,MLOps & Infrastructure,AutoML,new,27,5,0,10,105,0,0,1,17,Python,Go,Flax,GPL-3.0,2015-12-02,2025-02-18,3366,False,26,5,34,222.6,1275,True,True,False,False,False,False,False,True,True,False,Average,0.265,cargo,3.12+,Multi-GPU,AWS,44.3
R00611,ASN,weaviate,AI Safety & Interpretability,Explainability,niche,364,98,15,5,48,0,0,1,43,Python,None,PyTorch,MIT,2022-09-14,2025-08-02,1053,True,2579,102,18,32.7,1919,True,True,True,True,False,False,False,False,False,True,Average,0.955,conda,3.8+,Multi-GPU,GCP,68.4
R00612,tunehub,databricks,Large Language Models,Inference Engines,new,38,5,2,1,9,3,54,1,10,Python,C|Zig|Swift,TinyGrad,MIT,2016-05-10,2023-05-13,2559,False,270,7,46,72.3,1422,False,False,True,False,False,True,False,False,False,False,Poor,0.565,conda,3.12+,CPU+GPU,Azure,24.2
R00613,hyper-data-x,startup-22,Reinforcement Learning,Game AI,niche,297,75,22,2,28,1,14,1,20,Python,Mojo|Rust,JAX,Apache-2.0,2021-04-06,2025-03-04,1428,False,1090,156,27,165.1,8344,True,False,False,True,False,True,False,False,True,False,Average,0.51,cargo,3.8+,CPU+GPU,Hugging Face,45.0
R00614,poly-data30,eleutherai,AI Safety & Interpretability,Explainability,moderate,2910,159,84,45,642,2,56,13,324,Python,C|Java,TensorFlow,AGPL-3.0,2018-02-02,2020-04-23,811,False,16526,1959,13,401.9,639,True,False,True,True,False,False,True,False,True,True,Average,0.781,brew,3.9+,TPU,None,46.2
R00615,hyper-opt,indie-dev-53,Graph & Geometric ML,Graph Neural Networks,moderate,996,99,11,5,62,2,18,1,18,R,Python|Java|TypeScript,PyTorch,LGPL-3.0,2023-01-23,2025-03-01,768,False,3459,382,9,143.9,697,False,False,True,True,False,False,False,False,True,False,Poor,0.768,cargo,N/A,CPU,AWS,28.1
R00616,open-lab,indie-dev-67,Audio & Speech,Audio Classification,popular,9435,1978,271,156,404,21,319,8,104,C++,Scala|Rust,TensorFlow,GPL-3.0,2021-04-30,2025-09-19,1603,True,4317,208,15,28.3,2946,True,True,True,True,False,False,False,True,False,False,Excellent,0.498,pip,N/A,CPU,GCP,83.1
R00617,BGA,crewai-inc,Data Engineering,ETL for ML,niche,380,82,15,4,49,0,0,1,19,Python,None,PyTorch,MIT,2016-02-16,2021-03-31,1870,False,868,46,28,261.0,1051,False,True,False,False,False,False,True,True,False,False,Average,0.664,cargo,3.8+,TPU,Together AI,35.1
R00618,smart-guard,llamaindex,Computer Vision,Video Analysis,niche,471,38,30,5,52,0,0,1,10,Python,None,Keras,MIT,2020-03-07,2022-10-31,968,False,2520,178,12,279.2,532,False,False,False,True,False,True,False,True,False,False,Poor,0.837,brew,3.10+,Multi-GPU,Replicate,29.2
R00619,optcpp,qdrant,AI Safety & Interpretability,Explainability,niche,500,55,17,7,50,1,24,1,23,Python,Zig|Mojo|Go,ONNX,MIT,2016-05-08,2022-09-22,2328,False,1263,63,12,303.6,117,False,False,False,False,False,False,True,True,True,False,Excellent,0.754,pip,3.11+,CPU+GPU,AWS,18.9
R00620,micro-tune,prefecthq,Data Engineering,Data Cleaning,moderate,1972,681,125,81,527,4,56,16,192,Rust,Zig,PyTorch,Apache-2.0,2018-06-26,2022-04-09,1383,False,4489,306,26,129.9,2257,True,True,False,True,False,False,False,False,False,False,Average,0.898,docker-only,N/A,Multi-GPU,AWS,59.2
R00621,mini-audio-forge,indie-dev-5,Large Language Models,Foundation Models,moderate,2546,709,84,26,122,3,78,8,78,Python,None,PyTorch,LGPL-3.0,2021-11-05,2025-05-04,1276,False,7414,819,17,180.6,553,False,False,False,False,False,False,False,True,False,False,Poor,0.823,docker-only,3.12+,TPU,GCP,26.9
R00622,prompthub,indie-dev-64,Large Language Models,Quantization,niche,279,16,16,5,74,1,12,1,43,Python,Go,Keras,AGPL-3.0,2018-03-20,2018-11-06,231,False,437,43,3,97.8,929,True,True,False,False,False,True,False,True,False,False,Excellent,0.533,npm,3.10+,CPU+GPU,Replicate,32.3
R00623,bert-py,indie-dev-71,AI Safety & Interpretability,Explainability,popular,12065,1787,532,40,472,16,89,40,1484,Python,R,ONNX,MIT,2020-03-02,2022-03-04,732,False,74330,4736,5,208.8,330,True,True,True,False,False,False,False,True,False,False,Average,0.738,brew,3.12+,AMD ROCm,Azure,57.0
R00624,deep-guard,indie-dev-68,Natural Language Processing,RAG Frameworks,new,21,5,0,9,64,5,120,1,10,Python,None,Flax,Custom,2022-01-07,2025-05-24,1233,False,57,25,22,154.7,3900,False,True,True,False,False,False,False,False,False,False,Good,0.371,brew,3.10+,AMD ROCm,AWS,33.9
R00625,BZA,ray-project,Reinforcement Learning,Policy Optimization,new,21,6,1,10,44,3,53,1,17,C++,None,PyTorch,MIT,2019-09-12,2025-02-04,1972,False,26,36,23,285.1,59,True,False,True,False,True,True,False,False,False,False,Average,0.44,npm,N/A,TPU,Modal,33.3
R00626,gradspark,research-lab-22,AI Safety & Interpretability,Watermarking,moderate,1696,301,39,49,321,5,94,9,123,Python,C++|Julia|Mojo,None/Custom,Apache-2.0,2015-07-24,2018-08-21,1124,False,3455,381,11,199.0,460,True,True,False,False,True,False,False,False,False,False,Good,0.68,pip+conda,3.11+,CPU,Azure,41.2
R00627,meta-gpt-wave,research-lab-23,Data Engineering,Dataset Management,new,17,2,0,12,163,3,65,1,41,Python,None,TinyGrad,Apache-2.0,2018-03-05,2025-02-03,2527,False,32,17,21,119.4,585,True,True,True,True,False,True,True,False,False,False,Poor,0.329,npm,3.10+,TPU,AWS,54.4
R00628,ZYHIR,research-lab-38,Data Engineering,ETL for ML,popular,7596,1021,397,122,660,10,226,20,421,Rust,None,PyTorch,MIT,2020-08-17,2021-12-26,496,False,3240,298,1,222.1,486,True,False,False,True,True,False,False,True,True,False,Poor,0.679,cargo,N/A,AMD ROCm,Hugging Face,46.4
R00629,FGWND,indie-dev-61,MLOps & Infrastructure,Data Versioning,moderate,1118,201,26,12,27,2,13,9,73,Kotlin,Python,MLX,Apache-2.0,2023-01-26,2024-04-17,447,False,1583,39,7,34.9,904,False,True,False,False,False,False,False,False,False,False,Average,0.923,source-only,N/A,TPU,AWS,25.3
R00630,omni-diff54,indie-dev-60,Data Engineering,Data Labeling,niche,332,76,16,4,31,0,0,1,13,Python,None,None/Custom,AGPL-3.0,2023-06-22,2025-08-18,788,True,1665,89,7,30.1,70,True,True,False,False,False,False,False,False,False,False,Average,0.487,conda,3.10+,CPU,Modal,49.9
R00631,smart-distill-hub,research-lab-19,MLOps & Infrastructure,Model Monitoring,moderate,2562,407,196,21,149,9,75,10,174,Rust,None,JAX,GPL-3.0,2017-01-26,2021-07-29,1645,False,11720,298,20,179.9,2774,False,False,True,False,False,False,False,False,False,False,Poor,0.791,source-only,N/A,CPU,Hugging Face,29.9
R00632,KZVB,research-lab-17,Computer Vision,Image Segmentation,niche,211,26,12,2,13,1,15,3,54,Rust,Zig|Swift|Java,PyTorch,Proprietary,2016-07-06,2024-09-10,2988,False,334,46,27,380.4,78,False,True,True,False,False,False,False,False,False,False,Good,0.692,source-only,N/A,TPU,Multi-cloud,34.4
R00633,trainhub,indie-dev-6,Generative AI,Code Generation,moderate,3000,694,174,8,20,5,46,10,136,Rust,Python,PyTorch,BSD-3-Clause,2018-09-04,2022-12-07,1555,False,8780,889,23,320.7,1362,False,False,True,False,False,True,False,False,False,False,Poor,0.603,pip+conda,N/A,CPU+GPU,Replicate,29.1
R00634,evalml,indie-dev-7,Audio & Speech,Audio Classification,niche,335,31,13,6,77,0,0,1,13,Go,None,PyTorch,LGPL-3.0,2016-10-24,2017-01-20,88,False,1461,118,0,104.7,208,True,True,False,True,False,False,False,False,True,False,Average,0.699,npm,N/A,TPU,Multi-cloud,40.0
R00635,micro-tune-ops,startup-17,Large Language Models,Inference Engines,popular,4558,1493,165,140,1561,17,240,12,201,C++,R|Java,ONNX,Apache-2.0,2019-09-12,2023-07-21,1408,False,15347,368,14,84.0,614,False,True,False,True,False,True,True,True,False,False,Missing,0.727,brew,N/A,TPU,None,50.0
R00636,trainforge,indie-dev-39,Graph & Geometric ML,Graph Neural Networks,niche,278,55,20,3,17,0,0,4,68,Python,C++,TensorFlow,Custom,2015-04-24,2016-07-21,454,False,1065,82,4,145.8,384,False,False,False,False,False,True,False,False,True,False,Average,0.756,brew,3.11+,TPU,Together AI,12.5
R00637,diff-wave46,startup-25,AI Safety & Interpretability,Explainability,niche,267,92,4,1,13,0,0,1,10,Python,None,None/Custom,LGPL-3.0,2018-01-24,2023-02-24,1857,False,1336,130,10,314.0,145,False,True,True,True,True,False,False,False,False,False,Good,0.82,pip+conda,3.12+,Multi-GPU,Together AI,37.4
R00638,easy-gen,CohereForAI,Audio & Speech,Speaker Diarization,new,17,3,1,5,49,2,29,1,26,Python,None,None/Custom,MIT,2019-02-18,2022-03-08,1114,False,30,20,31,469.3,334,False,True,False,False,True,False,False,True,False,False,Good,0.269,conda,3.9+,CUDA GPU,GCP,34.2
R00639,pipe-kit,startup-17,AI Safety & Interpretability,Adversarial Robustness,moderate,3000,584,227,9,110,16,101,9,89,TypeScript,None,TensorFlow,Proprietary,2021-01-09,2024-07-21,1289,False,65977,4341,11,238.1,124,False,False,False,False,False,False,False,False,False,False,Good,0.912,pip+conda,N/A,CUDA GPU,Azure,24.4
R00640,neo-merge,meta-llama,Audio & Speech,Speaker Diarization,niche,229,34,2,2,13,1,14,1,28,Python,None,ONNX,Apache-2.0,2022-05-07,2025-06-21,1141,False,2725,81,16,245.5,3144,True,True,False,False,True,False,False,True,False,False,Excellent,0.783,source-only,3.9+,AMD ROCm,Multi-cloud,41.2
R00641,open-gpt-pulse,tensorflow,Computer Vision,Super Resolution,popular,9745,2504,760,49,640,19,377,128,1627,Python,C++|Kotlin|Java,CUDA,MIT,2023-01-08,2025-04-28,841,False,72697,7934,21,161.2,36,True,True,True,True,True,False,False,False,False,False,Average,0.507,conda,3.12+,TPU,AWS,83.8
R00642,mini-opt-hub,indie-dev-56,Large Language Models,Agents & Tool Use,niche,282,94,6,4,43,1,26,2,49,C++,None,None/Custom,Unlicense,2020-08-19,2023-08-03,1079,False,6336,792,8,78.4,396,False,True,False,False,True,False,False,True,False,False,Average,0.878,brew,N/A,CUDA GPU,GCP,25.9
R00643,flex-guard-spark,indie-dev-36,Large Language Models,Prompt Engineering,new,17,4,0,2,11,5,122,1,10,Lua,R|Go,PyTorch,MIT,2017-08-10,2018-02-05,179,False,45,13,1,206.3,670,False,False,False,True,False,False,True,False,False,False,Good,0.613,npm,N/A,TPU,Multi-cloud,19.3
R00644,distill-stack,research-lab-2,Natural Language Processing,Chatbot Frameworks,new,22,7,1,4,29,0,0,1,34,Python,Go,PyTorch,MIT,2017-05-18,2019-05-05,717,False,217,26,26,144.3,353,True,True,False,True,True,True,False,False,False,False,Average,0.641,conda,3.11+,Multi-GPU,AWS,53.9
R00645,JGL,indie-dev-13,Data Engineering,Data Labeling,moderate,1951,398,37,8,56,3,74,12,262,Python,R|Go,ONNX,MIT,2015-09-10,2023-11-24,2997,False,19432,1150,29,251.5,207,False,True,False,False,False,False,False,True,True,False,Average,0.622,pip,3.8+,CPU+GPU,AWS,38.9
R00646,flowai48,startup-10,Reinforcement Learning,Multi-Agent Systems,new,23,7,0,14,39,0,0,1,10,Python,None,PyTorch,Apache-2.0,2021-08-06,2023-10-21,806,False,102,2,7,57.7,1190,False,True,True,True,False,True,False,False,False,False,Poor,0.472,pip,3.10+,CUDA GPU,Modal,32.8
R00647,DMTS,indie-dev-60,Reinforcement Learning,Policy Optimization,new,32,4,1,0,0,2,30,1,37,TypeScript,None,TensorFlow,Apache-2.0,2015-06-21,2021-05-31,2171,False,394,58,51,147.7,162,True,True,False,False,False,True,False,False,False,False,Average,0.685,conda,N/A,AMD ROCm,Modal,35.2
R00648,VUPZT,stability-ai,Computer Vision,Face Recognition,popular,5748,315,385,15,44,15,449,7,197,Python,Scala,TensorFlow,Apache-2.0,2019-02-28,2025-10-15,2421,True,19632,1218,20,44.5,1055,True,True,True,True,True,False,False,False,False,False,Average,0.818,pip+conda,3.9+,CPU+GPU,AWS,79.7
R00649,deep-gen-ai,ibm-research,Graph & Geometric ML,Point Cloud Processing,moderate,2835,726,32,21,105,3,61,17,148,Python,C++|Swift,TensorFlow,MIT,2015-10-26,2024-09-09,3241,False,3030,256,27,127.2,509,True,False,False,True,True,True,False,False,False,True,Excellent,0.48,pip+conda,3.12+,Multi-GPU,Azure,50.7
R00650,chatlib,research-lab-14,Large Language Models,Inference Engines,moderate,1713,115,104,6,33,7,197,14,425,Python,Zig,None/Custom,Custom,2020-05-09,2022-04-23,714,False,7527,350,2,134.8,154,False,False,False,False,True,False,False,True,False,True,Good,0.718,pip,3.9+,AMD ROCm,Azure,14.8
R00651,token-base,microsoft,Natural Language Processing,Chatbot Frameworks,moderate,2040,683,162,6,78,4,60,4,133,Python,Java|Kotlin|Julia,Triton,Apache-2.0,2023-03-27,2023-06-15,80,False,3001,116,0,116.8,139,True,True,False,False,True,True,False,True,False,False,Excellent,0.846,npm,3.11+,CPU,Azure,33.8
R00652,cross-guard-rs,indie-dev-47,Computer Vision,Image Generation,moderate,3000,662,116,17,62,7,71,12,259,C,Python|Kotlin,PyTorch,AGPL-3.0,2015-10-24,2020-04-05,1625,False,5023,265,8,44.6,1414,False,False,False,True,True,True,True,True,False,False,Missing,0.94,conda,N/A,Multi-GPU,Hugging Face,31.0
R00653,uni-token30,startup-30,AI Safety & Interpretability,Explainability,niche,184,26,7,2,4,1,6,2,23,Python,Scala|Java,None/Custom,MIT,2021-05-21,2022-03-25,308,False,347,29,4,144.1,1093,True,False,False,False,False,False,False,False,False,False,Average,0.649,brew,3.12+,CPU+GPU,Replicate,20.2
R00654,SGNLE,indie-dev-11,Graph & Geometric ML,Point Cloud Processing,niche,160,46,10,0,0,0,0,1,25,Python,None,Triton,AGPL-3.0,2020-04-18,2024-09-02,1598,False,672,47,27,85.8,356,False,True,False,False,False,True,False,False,True,False,Excellent,0.657,pip+conda,3.12+,Apple Silicon,Multi-cloud,25.4
R00655,audio-core,startup-45,Reinforcement Learning,Robotics Control,moderate,1843,566,105,5,56,5,133,3,62,Python,Java,Flax,MIT,2023-10-15,2025-10-15,731,True,18742,2470,24,6.4,1869,False,True,True,False,True,False,False,False,False,False,Poor,0.793,cargo,3.12+,AMD ROCm,Together AI,53.2
R00656,hyper-search-rs,startup-37,Data Engineering,Dataset Management,viral,103894,12208,4506,516,2220,105,3132,484,6119,C,Julia|Python,TensorFlow,Apache-2.0,2018-05-05,2022-12-22,1692,False,72545,10829,13,199.1,279,True,True,True,True,True,False,True,True,True,False,Average,0.625,source-only,N/A,AMD ROCm,Hugging Face,77.9
R00657,fast-quant,stability-ai,Reinforcement Learning,Reward Modeling,niche,154,42,4,2,15,0,0,1,17,Java,Rust,TensorFlow,Apache-2.0,2022-06-21,2025-10-15,1212,True,260,14,13,48.2,251,True,False,False,True,False,False,False,True,False,False,Average,0.812,source-only,N/A,TPU,Multi-cloud,54.0
R00658,flex-chat-x,startup-48,Large Language Models,Foundation Models,new,32,6,0,4,12,1,9,3,58,Python,Java|Rust|Zig,PyTorch,Apache-2.0,2015-12-05,2023-06-27,2761,False,99,44,37,154.9,1229,False,True,True,True,False,True,False,False,False,False,Good,0.622,source-only,3.12+,Multi-GPU,AWS,42.9
R00659,codeml,startup-15,AI Safety & Interpretability,Explainability,new,21,5,1,4,26,3,74,1,10,Rust,Lua|Mojo,JAX,Apache-2.0,2019-12-20,2022-03-12,813,False,84,1,9,184.3,407,False,False,False,True,False,False,False,True,True,False,Good,0.17,conda,N/A,AMD ROCm,AWS,25.6
R00660,turbo-train-ml,ray-project,MLOps & Infrastructure,AutoML,niche,184,54,13,3,25,5,52,1,33,R,Swift,PyTorch,GPL-3.0,2020-09-05,2024-03-10,1282,False,798,26,10,145.1,946,True,True,False,False,False,False,False,True,False,False,Average,0.453,npm,N/A,Apple Silicon,AWS,36.9
R00661,flash-audio-ml,indie-dev-64,Natural Language Processing,Tokenization,niche,234,20,10,1,2,1,8,1,10,Python,Kotlin|C|Rust,PyTorch,Apache-2.0,2021-05-21,2024-09-14,1212,False,1337,25,8,390.4,1266,True,True,False,False,False,False,False,True,False,False,Good,0.826,docker-only,3.10+,CPU+GPU,Hugging Face,33.2
R00662,bert-ai,indie-dev-57,Data Engineering,Data Cleaning,niche,252,82,13,1,12,0,0,1,21,Python,R,PyTorch,MIT,2019-03-25,2021-01-26,673,False,616,31,5,165.6,1270,True,False,False,True,False,False,False,True,False,False,Average,0.56,cargo,3.9+,AMD ROCm,Multi-cloud,33.6
R00663,lite-data-x,research-lab-6,Natural Language Processing,Text Generation,niche,170,48,6,0,0,3,24,1,14,Go,Python,ONNX,Proprietary,2015-06-13,2022-09-28,2664,False,891,124,21,137.2,1651,False,True,True,True,False,True,False,True,False,False,Excellent,0.775,source-only,N/A,Multi-GPU,Modal,35.4
R00664,poly-diff-box,indie-dev-22,Generative AI,3D Generation,niche,138,48,2,1,10,1,28,1,12,Python,Zig|Kotlin|Julia,PyTorch,MIT,2024-08-12,2025-06-27,319,False,547,44,5,133.2,649,False,True,False,False,False,False,True,True,False,True,Good,0.513,npm,3.8+,TPU,AWS,23.2
R00665,flex-serve-rs92,anyscale,Generative AI,Diffusion Models,niche,388,30,12,1,4,0,0,1,37,C++,Zig|Scala|Lua,ONNX,MIT,2017-02-13,2022-01-15,1797,False,3543,267,15,118.8,505,False,True,True,False,False,True,False,True,True,True,Good,0.698,source-only,N/A,AMD ROCm,Hugging Face,30.1
R00666,CXSKS,indie-dev-60,AI Safety & Interpretability,Watermarking,popular,15000,1990,333,251,3564,52,364,18,214,C++,Python|Lua|Mojo,None/Custom,AGPL-3.0,2016-11-16,2024-11-07,2913,False,12114,532,81,182.1,431,False,True,False,True,False,True,False,False,True,False,Good,0.831,docker-only,N/A,CUDA GPU,Hugging Face,66.1
R00667,dyna-vision-spark,ibm-research,Computer Vision,Super Resolution,new,29,9,0,15,44,1,25,1,20,Python,Scala,PyTorch,MIT,2016-11-19,2025-01-24,2988,False,24,14,10,344.0,219,True,False,True,True,False,False,False,False,False,False,Average,0.481,source-only,3.11+,CPU,Multi-cloud,35.1
R00668,multi-train,cohere-ai,Natural Language Processing,Machine Translation,niche,140,19,6,0,0,0,0,5,153,Python,None,PyTorch,LGPL-3.0,2022-02-10,2023-05-11,455,False,87,8,5,191.4,1991,False,True,False,True,False,True,False,True,False,True,Excellent,0.798,pip+conda,3.8+,Apple Silicon,None,24.5
R00669,pipeai,startup-3,Natural Language Processing,Text Summarization,moderate,1065,323,44,12,150,2,17,3,52,Python,None,TensorFlow,Apache-2.0,2023-11-23,2025-08-23,639,True,1265,127,11,9.1,1351,False,True,False,True,True,True,False,False,False,False,Average,0.927,brew,3.8+,Multi-GPU,None,54.9
R00670,optml,startup-11,Large Language Models,Multimodal Models,niche,279,24,13,2,12,1,29,6,163,Python,None,PyTorch,LGPL-3.0,2020-12-14,2022-04-04,476,False,558,41,2,254.3,362,False,False,True,True,True,False,False,True,True,False,Average,0.704,source-only,3.11+,Apple Silicon,Replicate,21.2
R00671,safeml,research-lab-39,Data Engineering,Data Augmentation,new,30,3,1,2,5,4,41,4,122,Python,Rust|Julia,JAX,AGPL-3.0,2019-06-02,2021-03-19,656,False,73,50,13,137.2,5396,True,False,False,False,False,False,False,True,True,False,Excellent,0.691,pip+conda,3.12+,Multi-GPU,Azure,27.4
R00672,pipekit,salesforce-research,Large Language Models,Evaluation & Benchmarks,moderate,3000,370,58,21,280,4,94,19,535,Python,None,PyTorch,AGPL-3.0,2019-11-13,2021-04-07,511,False,3287,153,9,397.7,285,False,False,False,False,False,True,False,True,False,False,Poor,0.6,brew,3.12+,CPU,GCP,24.0
R00673,EUHX,fastai,Reinforcement Learning,Reward Modeling,niche,413,43,7,3,37,0,0,1,26,Rust,Go,JAX,Unlicense,2022-05-19,2025-10-15,1245,True,605,44,17,64.4,545,False,False,False,True,False,False,False,False,False,False,Good,0.803,pip,N/A,CUDA GPU,Multi-cloud,47.9
R00674,deep-token,indie-dev-43,Generative AI,3D Generation,moderate,1598,554,90,8,27,1,7,49,473,Lua,Zig|R,TensorFlow,BSD-3-Clause,2015-04-25,2019-08-03,1561,False,16261,1546,22,117.9,566,False,True,False,False,False,False,False,False,False,False,Good,0.572,source-only,N/A,CUDA GPU,Multi-cloud,40.8
R00675,tokencraft,indie-dev-40,AI Safety & Interpretability,Adversarial Robustness,niche,338,82,4,1,10,0,0,1,10,Python,None,TensorFlow,CC-BY-4.0,2019-05-03,2025-01-20,2089,False,843,26,55,117.4,92,True,True,True,True,False,True,False,False,False,False,Average,0.49,npm,3.10+,CPU+GPU,Replicate,54.9
R00676,KZL,indie-dev-41,Graph & Geometric ML,Molecular ML,moderate,1949,456,136,7,94,1,5,12,466,Python,None,PyTorch,Apache-2.0,2018-05-22,2023-06-24,1859,False,4973,471,11,173.4,477,False,True,False,False,False,False,False,False,True,False,Missing,0.805,cargo,3.12+,Multi-GPU,Multi-cloud,32.7
R00677,eval-hub,startup-46,Reinforcement Learning,Multi-Agent Systems,niche,241,41,3,2,15,3,59,2,56,C++,Kotlin|Go|R,None/Custom,MIT,2018-06-19,2020-12-09,904,False,133,9,7,250.1,814,False,False,True,False,False,True,False,False,False,True,Excellent,0.872,brew,N/A,Apple Silicon,GCP,14.8
R00678,KFGL,startup-49,Reinforcement Learning,Reward Modeling,moderate,1095,315,20,16,137,1,29,1,27,Java,Go|Mojo,Keras,BSD-3-Clause,2016-12-22,2021-11-29,1803,False,2094,221,16,39.4,217,False,True,False,False,True,False,False,True,False,False,Poor,0.71,npm,N/A,CPU+GPU,Multi-cloud,33.2
R00679,safecore,indie-dev-50,Large Language Models,Multimodal Models,new,14,2,0,13,71,1,20,1,10,Python,Rust|R,Keras,Proprietary,2019-06-28,2023-03-15,1356,False,36,40,12,80.4,1169,False,False,False,False,True,False,False,False,False,True,Excellent,0.468,npm,3.11+,CUDA GPU,Azure,17.6
R00680,easy-pipe-hub55,indie-dev-17,Natural Language Processing,Chatbot Frameworks,new,22,5,1,3,37,1,19,1,37,TypeScript,Lua|Rust|Swift,CUDA,CC-BY-4.0,2017-07-17,2024-01-21,2379,False,121,10,63,66.9,277,True,True,False,True,True,False,False,False,False,False,Average,0.537,brew,N/A,CPU+GPU,Multi-cloud,54.4
R00681,super-token-wave,research-lab-34,Audio & Speech,Speaker Diarization,moderate,1570,97,55,17,106,3,44,3,52,Python,Zig|Swift|Go,None/Custom,MIT,2017-05-23,2020-02-08,991,False,8804,915,9,352.9,26,False,False,True,True,False,False,False,False,False,False,Good,0.47,source-only,3.8+,TPU,AWS,28.8
R00682,tunex,indie-dev-57,Natural Language Processing,RAG Frameworks,niche,211,58,6,2,10,1,27,1,10,Python,None,None/Custom,MIT,2015-07-06,2021-04-29,2124,False,7949,185,33,149.9,418,False,True,False,True,True,False,False,True,False,False,Missing,0.457,npm,3.12+,CUDA GPU,GCP,43.9
R00683,benchcpp,startup-19,Generative AI,VAEs,niche,411,132,11,6,59,0,0,3,45,Python,TypeScript|Mojo,PyTorch,Proprietary,2019-07-07,2024-12-16,1989,False,321,33,17,98.1,93,True,False,True,False,False,False,False,False,True,False,Good,0.71,npm,3.12+,Multi-GPU,Azure,32.9
R00684,vector-ops,anyscale,Natural Language Processing,Tokenization,new,29,2,1,6,73,2,15,1,10,C++,None,PyTorch,CC-BY-4.0,2024-03-17,2025-03-27,375,False,96,50,2,170.0,349,False,False,True,False,True,True,False,False,True,False,Excellent,0.5,source-only,N/A,Multi-GPU,Multi-cloud,10.9
R00685,YDUR,meta-llama,Audio & Speech,Text-to-Speech,new,14,1,0,7,74,3,50,1,10,Python,None,JAX,MIT,2024-12-18,2025-02-22,66,False,28,25,1,201.6,134,True,False,False,True,True,False,False,True,True,False,Average,0.413,source-only,3.8+,Multi-GPU,GCP,30.0
R00686,chatx,startup-16,Computer Vision,Medical Imaging,moderate,2246,474,55,20,241,2,26,17,376,Python,R|C++|Scala,None/Custom,GPL-3.0,2022-07-20,2024-07-19,730,False,4150,395,9,180.5,350,True,True,False,True,True,False,True,True,True,False,Good,0.519,brew,3.8+,CPU,GCP,52.2
R00687,text-kit,chromadb,Reinforcement Learning,Game AI,new,17,1,0,13,180,4,95,1,10,Python,Swift|Kotlin|Rust,JAX,Apache-2.0,2021-05-30,2022-11-09,528,False,59,13,10,144.5,539,True,True,False,True,False,False,False,True,False,False,Good,0.641,brew,3.12+,Apple Silicon,Together AI,47.0
R00688,vectorrs,research-lab-38,MLOps & Infrastructure,GPU Management,niche,135,26,5,2,10,1,22,1,10,Python,Java|Julia,PyTorch,Proprietary,2022-10-09,2024-08-01,662,False,381,53,9,255.3,288,False,False,False,True,True,True,True,True,False,False,Good,0.881,docker-only,3.10+,TPU,Modal,25.5
R00689,simple-llm-ml,indie-dev-47,Natural Language Processing,Machine Translation,niche,289,34,17,4,21,1,10,1,10,Python,Zig|Kotlin|Swift,TensorFlow,GPL-3.0,2021-04-17,2023-12-23,980,False,1212,177,6,183.8,246,False,False,False,True,False,True,False,False,True,False,Excellent,0.907,source-only,3.9+,TPU,Hugging Face,23.6
R00690,merge-py,startup-9,Natural Language Processing,Chatbot Frameworks,new,15,2,0,13,126,4,46,1,13,Python,C++,MLX,GPL-3.0,2019-05-01,2022-06-19,1145,False,158,15,22,181.8,41,True,False,False,True,True,True,False,True,False,True,Average,0.459,cargo,3.11+,TPU,Replicate,44.2
R00691,mini-text-forge,indie-dev-74,Graph & Geometric ML,Point Cloud Processing,moderate,2282,534,168,18,37,4,89,7,80,Julia,None,ONNX,Apache-2.0,2021-12-17,2025-03-07,1176,False,6858,364,16,194.7,189,True,False,True,False,False,False,False,True,True,False,Average,0.651,docker-only,N/A,CPU+GPU,GCP,34.0
R00692,diffwave,startup-12,Graph & Geometric ML,Knowledge Graphs,moderate,647,88,14,12,62,1,18,1,10,Go,None,PyTorch,GPL-3.0,2021-10-24,2023-04-03,526,False,1362,129,11,280.4,150,True,False,True,False,True,False,False,False,True,False,Average,0.537,pip+conda,N/A,AMD ROCm,Azure,28.0
R00693,PXGSV,startup-17,Generative AI,Creative AI,niche,172,27,4,2,5,4,93,1,11,Julia,C++,PyTorch,MIT,2024-11-23,2025-09-16,297,True,318,6,4,8.4,231,False,False,True,False,True,False,True,True,False,False,Good,0.635,pip+conda,N/A,Multi-GPU,Hugging Face,25.6
R00694,simple-grad-kit,indie-dev-2,Large Language Models,Foundation Models,moderate,2217,200,33,29,64,5,48,38,660,Python,Kotlin|C++,PyTorch,GPL-3.0,2015-02-11,2015-09-04,205,False,1998,294,2,355.5,575,False,False,True,False,False,True,True,False,False,False,Poor,0.777,pip+conda,3.12+,AMD ROCm,Multi-cloud,16.6
R00695,swift-embed-pulse,research-lab-2,AI Safety & Interpretability,Explainability,moderate,1545,535,32,6,88,0,0,24,378,C,None,Triton,MIT,2019-10-29,2020-10-16,353,False,2593,331,2,179.8,3904,True,True,True,True,False,True,False,False,False,False,Good,0.727,cargo,N/A,CUDA GPU,Replicate,46.4
R00696,train-ml,indie-dev-19,MLOps & Infrastructure,Data Versioning,viral,61257,3084,3254,445,2703,132,1153,203,2231,Python,C++|Rust|Julia,PyTorch,Apache-2.0,2020-02-17,2023-06-30,1229,False,1121340,124422,10,263.0,385,True,True,True,True,True,False,False,True,False,False,Average,0.7,docker-only,3.9+,Multi-GPU,Replicate,76.1
R00697,EZU,indie-dev-52,Computer Vision,Image Classification,new,18,2,0,2,21,3,63,1,10,Python,None,PyTorch,LGPL-3.0,2024-12-21,2025-06-15,176,False,51,3,1,296.9,212,True,True,False,True,True,True,False,False,False,False,Good,0.72,cargo,3.9+,Apple Silicon,Multi-cloud,40.0
R00698,distill-kit,google-deepmind,Graph & Geometric ML,Knowledge Graphs,niche,500,127,27,3,32,1,27,2,53,Python,Go,PyTorch,MIT,2016-07-12,2016-10-16,96,False,5592,623,1,128.3,228,True,True,False,False,False,True,False,False,False,False,Good,0.711,brew,3.9+,TPU,Hugging Face,31.1
R00699,mini-vision-lib,indie-dev-34,Reinforcement Learning,Reward Modeling,popular,9170,2093,313,51,633,16,446,47,515,Python,None,MLX,BSD-3-Clause,2017-05-12,2018-01-26,259,False,54751,2206,1,220.9,222,True,True,True,True,True,False,False,True,True,False,Excellent,0.814,pip,3.12+,CPU+GPU,GCP,63.0
R00700,servelib,llamaindex,Large Language Models,Prompt Engineering,niche,317,52,12,13,72,2,33,1,44,Python,None,None/Custom,Proprietary,2024-11-17,2025-06-26,221,False,91,16,2,123.6,2381,False,True,False,False,False,False,False,False,False,False,Average,0.85,npm,3.12+,CPU+GPU,None,20.7
R00701,flash-token,indie-dev-77,Generative AI,GANs,new,27,8,0,4,41,5,35,1,12,Python,Mojo|C++|TypeScript,PyTorch,GPL-3.0,2024-10-13,2025-06-25,255,False,320,41,1,246.0,195,False,False,False,True,False,False,False,False,False,False,Good,0.638,brew,3.9+,Multi-GPU,GCP,20.0
R00702,data-kit,langchain-ai,Computer Vision,Image Segmentation,niche,250,67,11,4,50,0,0,5,90,Python,Lua,PyTorch,BSD-3-Clause,2016-05-03,2022-05-16,2204,False,420,44,13,353.4,60,True,False,False,False,False,False,False,True,False,False,Excellent,0.653,npm,3.9+,Multi-GPU,Hugging Face,30.0
R00703,swift-lab,research-lab-37,Graph & Geometric ML,Point Cloud Processing,niche,224,72,8,0,0,0,0,1,10,Rust,None,MLX,MIT,2018-12-24,2021-01-21,759,False,684,82,12,150.2,82,True,True,False,False,False,False,False,True,True,False,Excellent,0.899,pip+conda,N/A,CPU,Azure,29.5
R00704,searchspark,startup-45,Reinforcement Learning,Policy Optimization,niche,462,71,31,5,13,0,0,1,29,Julia,Lua,None/Custom,BSD-3-Clause,2022-03-31,2024-06-21,813,False,607,70,5,279.0,1335,False,True,True,True,False,False,False,False,False,False,Poor,0.858,docker-only,N/A,CPU,Modal,32.0
R00705,dyna-token79,research-lab-35,Data Engineering,ETL for ML,niche,386,43,17,5,37,0,0,2,44,Rust,None,PyTorch,BSD-3-Clause,2018-12-01,2019-10-19,322,False,1293,160,5,400.3,2945,True,False,False,True,False,False,False,False,True,False,Good,0.757,brew,N/A,TPU,Hugging Face,33.5
R00706,serve-studio,microsoft,Graph & Geometric ML,Knowledge Graphs,new,22,2,0,12,136,2,17,1,10,Python,TypeScript|Rust|R,TensorFlow,BSD-3-Clause,2019-09-10,2020-09-03,359,False,57,10,3,182.8,2725,True,True,True,False,False,False,False,True,True,False,Average,0.315,pip+conda,3.9+,TPU,Multi-cloud,31.6
R00707,inferpulse,startup-31,Data Engineering,Data Augmentation,moderate,1453,361,70,12,111,3,21,8,105,C++,None,PyTorch,Apache-2.0,2021-12-24,2023-09-22,637,False,6841,845,8,186.6,2198,True,True,False,False,False,True,False,True,False,False,Excellent,0.568,cargo,N/A,Apple Silicon,Azure,38.7
R00708,flex-text,mlflow,Large Language Models,Inference Engines,moderate,1324,315,29,18,252,1,23,5,27,TypeScript,C|R,MLX,MIT,2024-04-17,2024-11-10,207,False,9629,754,1,409.4,387,True,True,False,False,False,False,False,True,False,False,Good,0.614,pip,N/A,AMD ROCm,Replicate,33.2
R00709,nano-train-spark,startup-23,Natural Language Processing,Text Generation,moderate,2176,127,42,41,195,3,39,23,454,Rust,Swift|R,JAX,MIT,2019-05-10,2021-06-05,757,False,9346,642,19,99.9,1021,True,True,False,True,False,False,False,True,False,False,Average,1.0,docker-only,N/A,CUDA GPU,Azure,59.2
R00710,pro-infer,together-ai,Data Engineering,Data Augmentation,new,34,4,1,5,21,0,0,1,37,Python,TypeScript|Scala,PyTorch,MIT,2015-11-04,2018-02-02,821,False,8,7,8,102.9,3406,True,True,False,False,False,False,True,False,False,False,Average,0.635,docker-only,3.12+,AMD ROCm,Together AI,34.2
R00711,meta-serve,nomic-ai,Generative AI,Creative AI,moderate,1977,247,94,7,29,2,49,9,164,Python,Kotlin|Mojo,PyTorch,BSD-3-Clause,2016-03-30,2024-07-28,3042,False,5352,767,32,220.2,2418,True,True,True,False,False,False,False,True,False,True,Average,0.616,docker-only,3.9+,Apple Silicon,Multi-cloud,47.9
R00712,RWA,research-lab-36,Audio & Speech,Voice Cloning,niche,500,33,29,4,39,0,0,1,22,Julia,None,ONNX,GPL-3.0,2016-10-24,2021-07-31,1741,False,291,5,25,244.3,19,False,True,False,False,True,False,False,True,True,False,Missing,0.745,pip+conda,N/A,CUDA GPU,Multi-cloud,35.2
R00713,quick-embed82,startup-27,Computer Vision,Super Resolution,moderate,1104,257,83,10,34,1,13,8,78,TypeScript,Rust|Go,TensorFlow,Apache-2.0,2023-05-31,2025-10-15,868,True,2150,147,17,9.9,105,False,True,True,True,False,True,False,False,True,False,Poor,0.693,cargo,N/A,Multi-GPU,Hugging Face,58.5
R00714,safe-wave,indie-dev-62,Computer Vision,Super Resolution,moderate,2364,310,164,21,118,2,57,3,174,Python,None,TensorFlow,MIT,2018-08-25,2018-12-14,111,False,1518,102,1,176.0,1774,True,False,False,False,True,False,False,False,False,False,Good,0.555,npm,3.12+,CPU,Modal,24.3
R00715,NDOQ,research-lab-11,Computer Vision,Face Recognition,new,19,4,0,7,101,4,72,1,10,C++,TypeScript|Lua,ONNX,Custom,2019-09-13,2025-10-05,2214,True,97,46,16,3.3,1994,True,True,False,False,False,True,False,False,False,True,Good,0.565,docker-only,N/A,CUDA GPU,Together AI,56.5
R00716,FKKHT,indie-dev-51,Reinforcement Learning,Reward Modeling,niche,167,44,11,1,10,0,0,1,13,TypeScript,None,MLX,GPL-3.0,2022-01-17,2025-09-11,1333,True,867,75,9,40.5,666,False,True,False,True,False,False,False,True,False,False,Good,0.925,pip,N/A,CPU,Together AI,51.3
R00717,JVVP,indie-dev-30,Reinforcement Learning,Policy Optimization,niche,164,55,10,7,29,3,88,1,17,Python,None,PyTorch,GPL-3.0,2022-09-09,2024-05-13,612,False,213,16,16,147.1,4776,False,True,False,True,False,False,False,True,False,False,Average,0.802,pip,3.10+,TPU,None,40.5
R00718,lite-llm-wave,startup-26,Large Language Models,Agents & Tool Use,new,31,6,2,10,70,1,20,1,30,Python,None,PyTorch,Apache-2.0,2019-06-04,2019-08-13,70,False,93,29,0,119.1,810,True,True,False,False,True,False,False,False,False,True,Good,0.634,cargo,3.12+,AMD ROCm,AWS,28.9
R00719,simple-doc-spark,indie-dev-0,Generative AI,Code Generation,niche,262,41,10,2,25,2,36,8,146,TypeScript,Rust|C|Java,TensorFlow,LGPL-3.0,2021-12-09,2025-05-10,1248,False,2733,301,9,88.8,554,True,False,False,True,True,True,True,True,False,False,Excellent,0.64,source-only,N/A,CPU+GPU,Multi-cloud,37.3
R00720,next-vector,mlflow,Data Engineering,Synthetic Data,moderate,1261,317,14,15,72,0,0,3,76,TypeScript,C|R,Keras,Custom,2021-04-04,2022-10-20,564,False,3381,435,2,110.5,1369,True,False,False,False,False,True,True,False,False,False,Excellent,0.973,cargo,N/A,CPU,Replicate,22.6
R00721,neo-model-ml,indie-dev-15,MLOps & Infrastructure,Pipeline Orchestration,new,19,6,0,4,45,4,82,1,10,Rust,Julia|R,PyTorch,Apache-2.0,2018-05-26,2021-04-22,1062,False,58,25,9,75.3,599,False,True,False,True,True,False,True,False,False,False,Good,0.338,pip+conda,N/A,Apple Silicon,Azure,36.1
R00722,flow-hub,indie-dev-24,Graph & Geometric ML,Graph Neural Networks,niche,347,27,25,2,27,0,0,3,38,C,None,PyTorch,AGPL-3.0,2017-08-24,2020-02-22,912,False,1880,201,8,155.4,1529,True,True,False,True,False,False,False,True,False,False,Poor,0.76,cargo,N/A,CPU+GPU,Together AI,46.3
R00723,search-ai,ibm-research,AI Safety & Interpretability,Explainability,niche,164,44,3,1,7,5,147,1,18,Python,Mojo|Scala|Rust,PyTorch,MIT,2018-03-23,2022-01-15,1394,False,1616,147,49,220.1,259,True,True,True,False,False,False,False,False,True,False,Good,0.642,cargo,3.10+,TPU,Hugging Face,44.2
R00724,WVKR,anyscale,Audio & Speech,Text-to-Speech,moderate,1173,206,19,9,80,6,154,1,15,Python,None,PyTorch,BSD-3-Clause,2021-07-21,2025-05-20,1399,False,1500,104,16,208.5,367,True,True,False,True,False,True,True,True,True,False,Excellent,0.897,conda,3.12+,Apple Silicon,None,53.4
R00725,safejs,crewai-inc,Reinforcement Learning,Environments & Simulators,niche,302,104,13,4,59,0,0,1,13,C++,Julia,TensorFlow,Apache-2.0,2023-07-30,2024-09-06,404,False,993,48,3,259.3,170,False,False,True,False,False,True,False,False,False,False,Good,0.627,cargo,N/A,AMD ROCm,AWS,12.3
R00726,mini-quant-stack,axolotl-ai,Generative AI,Diffusion Models,new,40,9,1,6,43,3,79,1,17,Python,None,None/Custom,MIT,2017-03-10,2018-09-02,541,False,218,7,6,229.9,1990,False,False,False,False,True,False,False,True,False,True,Average,0.591,brew,3.12+,TPU,Multi-cloud,13.5
R00727,nano-gen,indie-dev-20,Data Engineering,Data Augmentation,niche,201,39,11,1,11,0,0,1,16,Python,Julia|Kotlin|Java,Keras,MIT,2022-09-03,2023-02-08,158,False,402,13,1,155.5,90,True,True,False,False,True,False,False,True,False,False,Good,0.692,conda,3.11+,TPU,Modal,30.4
R00728,promptlib,research-lab-10,Graph & Geometric ML,Molecular ML,moderate,2240,590,121,19,277,3,54,6,143,Python,None,PyTorch,GPL-3.0,2015-09-25,2019-04-18,1301,False,3684,83,5,452.5,42,True,True,False,True,False,True,False,False,True,True,Excellent,0.76,source-only,3.12+,AMD ROCm,Modal,48.2
R00729,diff-ai,startup-33,Generative AI,GANs,niche,238,16,11,0,0,1,9,1,17,Python,None,JAX,Apache-2.0,2022-09-01,2024-08-28,727,False,244,23,4,406.6,192,False,False,True,True,False,False,False,True,False,False,Average,0.499,source-only,3.11+,Multi-GPU,Modal,13.6
R00730,gen-studio,research-lab-22,AI Safety & Interpretability,Adversarial Robustness,popular,10272,3423,541,178,964,11,72,32,854,TypeScript,Lua|Rust|Scala,PyTorch,MIT,2022-12-18,2024-12-30,743,False,15024,527,4,178.3,1793,True,True,False,True,False,False,False,False,True,False,Average,1.0,brew,N/A,CPU+GPU,GCP,64.6
R00731,llmforge,indie-dev-16,Graph & Geometric ML,Geometric Deep Learning,popular,7870,1327,182,118,1052,5,130,35,1556,Go,None,None/Custom,MIT,2017-12-11,2021-09-17,1376,False,7337,298,24,262.2,65,True,True,True,True,True,True,False,False,True,False,Average,0.619,conda,N/A,CPU+GPU,GCP,73.2
R00732,TPR,indie-dev-26,Computer Vision,OCR,niche,268,53,18,5,14,2,52,1,11,Java,R|Lua|Scala,ONNX,MIT,2021-06-19,2021-08-11,53,False,5881,878,1,57.0,16565,True,True,True,True,False,False,False,True,False,False,Average,0.792,source-only,N/A,Multi-GPU,Together AI,38.8
R00733,YXO,ollama,Natural Language Processing,Text Summarization,new,35,8,2,12,129,0,0,1,15,TypeScript,Go|Zig|Scala,PyTorch,MIT,2016-06-02,2024-01-19,2787,False,103,3,24,64.1,1569,False,True,False,False,True,False,False,True,False,False,Average,0.593,conda,N/A,Apple Silicon,Together AI,34.3
R00734,fast-code,startup-45,Audio & Speech,Speech Recognition,moderate,1985,566,144,15,110,2,23,9,54,Python,C++|Java,TinyGrad,AGPL-3.0,2016-07-09,2019-12-17,1256,False,8251,136,11,312.7,1773,False,True,False,True,False,False,False,False,False,False,Good,0.862,pip,3.12+,CPU+GPU,AWS,41.9
R00735,rapid-search-flow,research-lab-22,Computer Vision,Face Recognition,niche,185,41,8,5,32,5,61,1,11,Python,None,Flax,Unlicense,2018-04-10,2023-05-28,1874,False,279,6,17,110.1,444,True,True,True,True,False,True,False,True,False,True,Excellent,0.808,brew,3.9+,AMD ROCm,Modal,51.9
R00736,safe-ai,research-lab-12,Large Language Models,Agents & Tool Use,moderate,1298,325,78,9,38,1,20,9,142,Python,Julia,PyTorch,MIT,2019-09-24,2024-01-20,1579,False,1441,123,11,299.0,4029,False,True,False,False,True,False,False,False,False,False,Poor,0.782,docker-only,3.12+,Apple Silicon,Replicate,29.8
R00737,fast-token-hub,research-lab-31,Natural Language Processing,Named Entity Recognition,popular,11150,2635,295,94,544,36,390,87,1362,Python,Rust,PyTorch,Apache-2.0,2021-04-13,2024-06-05,1149,False,12206,1060,7,175.3,2378,True,True,False,False,True,True,True,True,False,False,Good,0.726,pip+conda,3.8+,CUDA GPU,AWS,62.5
R00738,quantops,startup-13,Reinforcement Learning,Reward Modeling,moderate,1219,257,83,21,296,2,35,20,667,Java,None,None/Custom,MIT,2024-08-25,2025-08-27,367,True,2471,89,4,5.3,7711,True,True,False,True,False,False,False,True,False,True,Average,0.711,source-only,N/A,CPU+GPU,Together AI,61.8
R00739,trainbase,indie-dev-8,Computer Vision,Image Classification,niche,266,84,13,0,0,2,12,1,32,Python,None,Keras,Proprietary,2024-12-17,2025-04-26,130,False,120,6,1,162.9,47,False,False,False,False,False,False,False,True,True,False,Average,0.684,brew,3.8+,AMD ROCm,Multi-cloud,1.4
R00740,OUXL,startup-7,Generative AI,GANs,niche,419,128,13,9,84,0,0,1,10,Python,None,TensorFlow,Unlicense,2017-08-16,2020-02-10,908,False,311,21,17,184.2,502,True,False,False,False,True,False,False,False,False,False,Good,0.811,npm,3.11+,CUDA GPU,Hugging Face,32.7
R00741,omni-serve-ml,research-lab-27,Reinforcement Learning,Game AI,niche,234,13,14,1,6,0,0,1,23,Java,Scala,PyTorch,BSD-3-Clause,2024-07-02,2024-10-27,117,False,1926,63,1,78.8,801,True,True,True,True,True,False,False,False,False,True,Good,0.896,source-only,N/A,Apple Silicon,Multi-cloud,39.9
R00742,CBTPW,prefecthq,Graph & Geometric ML,Point Cloud Processing,moderate,1696,93,90,41,126,4,36,53,334,Python,Rust|Scala,None/Custom,GPL-3.0,2022-02-11,2023-01-02,325,False,3149,228,6,379.4,74,True,True,True,False,False,False,False,False,False,False,Good,0.79,cargo,3.10+,CPU,Azure,40.7
R00743,BBGJM68,research-lab-36,Data Engineering,Data Labeling,moderate,1102,76,36,5,12,8,41,7,89,Python,Kotlin|Swift|Lua,ONNX,MIT,2019-04-12,2021-10-09,911,False,2031,96,21,55.4,102,False,False,True,True,False,False,False,False,True,False,Good,0.704,pip,3.12+,AMD ROCm,AWS,35.0
R00744,easy-merge-wave,ggerganov,Audio & Speech,Speech Recognition,new,26,2,0,7,21,1,28,1,24,Python,None,Triton,MIT,2016-01-28,2021-09-15,2057,False,109,15,32,215.7,285,True,False,True,False,True,False,False,True,False,False,Excellent,0.653,conda,3.11+,AMD ROCm,Replicate,32.7
R00745,inferlib,startup-25,Computer Vision,Object Detection,new,29,4,1,10,34,5,141,1,10,TypeScript,None,None/Custom,Custom,2024-03-27,2025-01-10,289,False,104,6,3,66.5,704,True,True,False,False,False,True,False,True,True,False,Poor,0.6,docker-only,N/A,CPU+GPU,None,30.1
R00746,text-pulse51,indie-dev-27,Natural Language Processing,Machine Translation,niche,321,52,20,4,28,0,0,1,17,C,C++,Triton,Proprietary,2017-01-11,2019-07-09,909,False,632,75,17,210.2,649,False,True,True,False,False,False,False,True,True,False,Good,0.676,source-only,N/A,Multi-GPU,Hugging Face,32.2
R00747,mini-train,scikit-learn,AI Safety & Interpretability,Red Teaming,new,15,0,0,9,94,5,97,2,19,Rust,None,ONNX,MIT,2022-04-22,2024-12-30,983,False,151,6,5,177.1,394,True,False,False,True,False,True,True,False,True,False,Average,0.205,conda,N/A,CPU+GPU,Azure,33.1
R00748,uni-opt-box53,research-lab-2,Reinforcement Learning,Environments & Simulators,moderate,2196,420,26,46,507,3,15,13,136,C++,Kotlin|Python,MLX,Apache-2.0,2019-10-19,2025-08-22,2134,True,2996,357,23,28.8,671,True,True,True,False,False,False,False,False,True,True,Good,0.556,npm,N/A,CPU+GPU,GCP,64.9
R00749,docml,research-lab-6,Natural Language Processing,Tokenization,niche,373,114,8,2,28,2,14,1,10,TypeScript,None,None/Custom,Proprietary,2023-04-07,2025-05-19,773,False,4694,195,4,107.8,870,True,False,False,True,True,True,False,False,False,False,Poor,0.734,npm,N/A,CPU,GCP,33.2
R00750,diff-stack,indie-dev-10,Data Engineering,Synthetic Data,new,33,4,1,4,46,5,116,1,14,Julia,TypeScript,None/Custom,Apache-2.0,2019-11-04,2022-01-09,797,False,105,7,8,124.4,653,False,True,True,False,True,False,False,True,True,False,Good,0.379,pip+conda,N/A,Apple Silicon,Modal,25.4
R00751,grad-hub,huggingface,Graph & Geometric ML,Graph Neural Networks,moderate,934,82,65,6,54,2,14,11,183,Rust,None,CUDA,MIT,2020-10-15,2023-10-17,1097,False,2341,152,9,248.0,52,True,False,True,False,False,False,False,False,False,True,Good,0.617,brew,N/A,TPU,AWS,28.7
R00752,llmbox,indie-dev-79,Audio & Speech,Music Generation,new,14,4,0,2,5,4,108,2,28,Python,None,TensorFlow,MIT,2024-06-13,2025-10-15,489,True,83,1,12,10.1,6588,False,False,False,False,False,False,True,True,False,False,Excellent,0.604,conda,3.12+,CPU,Hugging Face,31.4
R00753,multi-opt,indie-dev-34,Generative AI,Creative AI,new,10,1,0,10,118,4,29,1,11,Python,TypeScript|Rust,PyTorch,MIT,2022-10-14,2024-04-26,560,False,14,42,12,170.1,67,True,True,False,True,False,True,False,False,False,False,Average,0.077,pip+conda,3.10+,Multi-GPU,Replicate,48.3
R00754,inferml,research-lab-0,Computer Vision,Object Detection,niche,452,53,18,12,73,1,17,2,47,Java,None,Keras,BSD-3-Clause,2016-07-19,2019-08-16,1123,False,1391,43,10,174.1,317,False,True,False,False,False,False,False,False,False,True,Poor,0.605,pip,N/A,CUDA GPU,Together AI,27.2
R00755,quick-audio-base,indie-dev-23,Reinforcement Learning,Reward Modeling,viral,100691,33555,2203,202,1861,115,1274,355,2193,Python,None,ONNX,MIT,2016-07-10,2021-11-06,1945,False,179924,13700,17,128.4,495,True,False,True,False,True,True,True,True,False,False,Average,0.667,conda,3.8+,Apple Silicon,Replicate,61.8
R00756,meta-flow,research-lab-4,Audio & Speech,Music Generation,niche,182,21,7,1,8,5,118,2,32,Java,Python,TensorFlow,MIT,2015-03-15,2018-07-01,1204,False,368,9,12,144.1,488,True,True,True,True,False,False,False,True,False,False,Good,0.641,pip+conda,N/A,CUDA GPU,GCP,48.5
R00757,deep-train-ai,startup-3,Reinforcement Learning,Policy Optimization,moderate,1993,371,76,19,258,7,183,24,254,Python,Go|Zig,MLX,Proprietary,2019-03-13,2019-05-29,77,False,20900,2408,0,494.6,586,False,True,False,False,False,True,True,True,False,False,Good,1.0,conda,3.8+,CPU+GPU,GCP,25.7
R00758,mini-llm-studio,startup-10,AI Safety & Interpretability,Watermarking,niche,377,91,19,9,78,0,0,9,228,Lua,None,PyTorch,LGPL-3.0,2023-12-15,2025-10-15,670,True,7579,77,16,124.8,458,True,True,False,True,False,False,False,True,True,False,Poor,0.757,npm,N/A,Multi-GPU,Replicate,67.6
R00759,llmstack,startup-0,Data Engineering,Data Cleaning,niche,204,47,11,1,7,1,26,1,28,C,None,None/Custom,Proprietary,2024-01-28,2025-03-29,426,False,449,14,8,60.2,433,False,True,True,False,False,False,False,False,False,False,Average,0.867,brew,N/A,Apple Silicon,Modal,25.3
R00760,multi-serve,research-lab-23,Graph & Geometric ML,Graph Neural Networks,moderate,1780,510,40,18,104,3,17,23,410,Python,Zig,JAX,Apache-2.0,2017-04-30,2021-06-19,1511,False,22863,2670,8,208.2,155,True,True,True,True,False,False,False,True,False,False,Good,0.609,npm,3.8+,CUDA GPU,GCP,50.4
R00761,omni-bench-cpp,deepseek-ai,Graph & Geometric ML,Point Cloud Processing,popular,9352,2548,420,89,825,15,131,54,447,Rust,R|Lua,PyTorch,MIT,2019-01-01,2021-12-17,1081,False,106186,12736,10,153.0,701,True,True,True,True,True,False,False,False,False,True,Average,0.506,docker-only,N/A,CUDA GPU,Multi-cloud,70.6
R00762,multi-grad-js,startup-26,Generative AI,Code Generation,new,19,3,1,2,28,4,115,1,10,Python,C|Rust,CUDA,Apache-2.0,2017-01-02,2025-03-16,2995,False,28,49,23,127.7,107,True,False,False,False,True,False,False,True,False,False,Poor,0.275,pip,3.9+,CUDA GPU,GCP,34.5
R00763,QNAHP19,indie-dev-38,Computer Vision,Super Resolution,new,32,3,2,6,79,1,11,2,24,Python,None,PyTorch,Apache-2.0,2015-08-05,2016-04-30,269,False,136,2,6,317.0,356,False,False,False,True,True,True,False,True,False,False,Excellent,0.374,conda,3.11+,CPU,Modal,24.1
R00764,BYXD,startup-14,Data Engineering,Data Augmentation,new,39,4,0,8,40,0,0,2,17,Rust,Swift|C|Java,Flax,Proprietary,2018-12-24,2019-08-19,238,False,50,40,4,67.7,289,True,True,False,True,False,False,True,False,False,False,Poor,0.592,pip,N/A,AMD ROCm,Modal,41.6
R00765,cross-net60,dmlc,Computer Vision,3D Vision,niche,273,18,21,7,21,2,19,1,14,Rust,Swift|TypeScript|Zig,MLX,BSD-3-Clause,2019-10-14,2020-03-04,142,False,1378,123,2,223.1,689,False,False,False,True,False,True,False,True,True,False,Good,0.752,conda,N/A,CPU+GPU,AWS,19.6
R00766,code-box,indie-dev-33,Natural Language Processing,RAG Frameworks,new,44,12,2,14,75,4,42,1,10,Python,R|Julia,PyTorch,AGPL-3.0,2023-10-18,2024-11-11,390,False,54,13,5,132.0,1412,False,False,True,False,False,True,False,False,False,False,Poor,0.716,brew,3.11+,Apple Silicon,AWS,12.4
R00767,guardspark,indie-dev-51,Audio & Speech,Speech Recognition,moderate,2321,646,165,26,325,4,99,3,74,Python,Lua|Mojo,TinyGrad,Proprietary,2021-12-13,2025-10-15,1402,True,11765,327,10,7.2,221,True,True,True,False,False,True,True,False,True,False,Excellent,0.664,docker-only,3.12+,CPU+GPU,Azure,56.7
R00768,dyna-graph-hub,startup-41,Graph & Geometric ML,Geometric Deep Learning,new,28,3,0,4,14,2,18,1,55,Python,Go,PyTorch,Apache-2.0,2017-06-28,2024-01-20,2397,False,71,6,10,365.2,465,False,False,False,False,False,False,True,True,True,False,Good,0.175,pip+conda,3.12+,CPU+GPU,None,15.4
R00769,tensorrs,autogen-ai,Graph & Geometric ML,Point Cloud Processing,popular,8873,1504,173,34,493,16,374,29,1153,Python,Mojo,PyTorch,AGPL-3.0,2018-06-23,2024-09-21,2282,False,94310,2634,26,68.2,367,False,True,False,True,True,False,False,False,True,False,Average,0.543,npm,3.8+,Apple Silicon,Together AI,65.0
R00770,neo-guard,startup-26,AI Safety & Interpretability,Adversarial Robustness,moderate,1487,311,30,7,103,2,53,32,556,Python,Swift|C|C++,PyTorch,MIT,2016-02-08,2017-09-08,578,False,2627,52,12,173.9,67,True,False,True,False,False,False,False,True,True,False,Average,0.599,docker-only,3.10+,CPU+GPU,Replicate,34.5
R00771,safekit,pytorch,Natural Language Processing,Text Summarization,moderate,2304,615,131,40,401,9,114,8,81,Python,Swift|C++|Java,TensorFlow,MIT,2019-12-14,2021-03-04,446,False,5604,560,8,148.9,517,False,True,False,True,False,True,True,True,False,False,Average,0.607,conda,3.10+,TPU,None,40.5
R00772,WOVF,deepseek-ai,Data Engineering,Data Labeling,moderate,2012,393,85,24,127,4,21,11,105,Python,None,TensorFlow,Apache-2.0,2021-04-23,2022-05-11,383,False,10866,419,6,290.2,275,False,False,True,False,False,True,False,True,True,False,Good,0.842,brew,3.9+,CUDA GPU,GCP,18.0
R00773,embed-py,indie-dev-61,Generative AI,3D Generation,new,50,11,0,11,110,4,103,1,23,Python,None,TensorFlow,Apache-2.0,2019-09-07,2021-04-25,596,False,83,30,7,52.1,307,False,True,False,True,False,False,False,True,False,False,Average,0.607,cargo,3.10+,CPU+GPU,None,34.5
R00774,turbo-bert,startup-17,Generative AI,Code Generation,new,27,8,1,6,69,4,112,1,23,Python,Scala|Swift,TensorFlow,MIT,2016-08-16,2022-01-09,1972,False,150,10,17,124.8,103,True,True,False,True,False,False,False,False,False,False,Good,0.548,pip,3.8+,TPU,Multi-cloud,52.1
R00775,EFPG,startup-34,Data Engineering,Dataset Management,popular,4466,1421,66,51,223,15,236,55,850,C++,TypeScript|Mojo|R,PyTorch,MIT,2016-06-17,2021-08-25,1895,False,28511,3724,13,133.0,467,True,True,False,True,True,False,False,True,True,False,Good,0.708,source-only,N/A,AMD ROCm,GCP,62.3
R00776,micro-gen-ops,autogen-ai,Graph & Geometric ML,Geometric Deep Learning,moderate,2723,870,217,31,223,2,23,1,11,Python,Scala|Rust,PyTorch,LGPL-3.0,2015-05-13,2019-08-25,1565,False,30214,2744,30,246.1,580,True,True,True,False,False,False,False,True,False,False,Average,0.96,conda,3.11+,Apple Silicon,AWS,49.3
R00777,rlai,indie-dev-58,Computer Vision,Image Classification,moderate,3000,956,195,12,75,3,86,18,346,C,None,PyTorch,Proprietary,2024-11-27,2025-01-05,39,False,3361,211,0,182.3,272,True,False,False,False,False,True,False,True,False,False,Poor,0.55,cargo,N/A,TPU,GCP,26.4
R00778,omni-guard-flow31,indie-dev-78,Generative AI,Diffusion Models,new,34,6,1,1,3,5,106,1,13,Python,None,PyTorch,MIT,2017-06-29,2023-11-20,2335,False,113,8,9,345.9,795,True,False,False,False,True,False,False,True,False,False,Average,0.5,conda,3.12+,CUDA GPU,Azure,24.4
R00779,MHL,startup-17,Natural Language Processing,Question Answering,new,22,6,0,1,5,1,13,1,18,Go,None,TensorFlow,GPL-3.0,2021-04-25,2023-10-21,909,False,47,10,4,207.1,2403,True,True,False,True,False,False,False,False,False,False,Excellent,0.247,pip+conda,N/A,CPU+GPU,None,41.5
R00780,smart-quant,startup-36,Audio & Speech,Audio Classification,viral,112228,35514,3045,1493,8591,311,2603,431,15659,Python,Lua|C++|Scala,Triton,LGPL-3.0,2024-10-07,2024-11-17,41,False,27651,377,0,202.9,245,True,True,False,False,False,False,False,True,True,False,Average,0.686,cargo,3.12+,CPU,Azure,58.5
R00781,vector-py,mosaicml,MLOps & Infrastructure,Data Versioning,moderate,1092,274,55,8,67,1,29,19,394,Python,Zig,TensorFlow,BSD-3-Clause,2015-01-27,2017-01-13,717,False,10994,1295,10,169.4,3509,True,False,True,False,False,False,False,False,False,True,Poor,0.695,docker-only,3.12+,AMD ROCm,Multi-cloud,30.5
R00782,YYH,indie-dev-15,MLOps & Infrastructure,Feature Stores,new,24,6,0,12,78,1,28,1,10,Rust,Python|Java|Scala,None/Custom,Apache-2.0,2024-07-12,2024-12-15,156,False,86,41,0,202.2,156,True,True,False,True,False,False,False,True,True,False,Good,0.547,npm,N/A,CPU+GPU,AWS,38.8
R00783,super-tensor,nomic-ai,AI Safety & Interpretability,Red Teaming,moderate,1034,300,80,7,55,1,5,6,62,Python,TypeScript|C++,MLX,Apache-2.0,2015-11-05,2021-04-27,2000,False,8151,699,29,158.5,848,False,False,False,False,False,False,False,True,True,False,Excellent,0.709,brew,3.8+,CUDA GPU,Hugging Face,26.5
R00784,chatbase41,research-lab-21,Large Language Models,Agents & Tool Use,niche,334,114,19,5,57,0,0,6,108,Python,None,PyTorch,MIT,2019-06-21,2022-05-17,1061,False,338,17,14,76.4,772,False,True,False,True,True,False,False,False,False,False,Excellent,0.894,npm,3.9+,CPU,GCP,41.0
R00785,turbo-net,google-deepmind,Audio & Speech,Music Generation,moderate,861,126,29,7,47,0,0,5,77,Python,None,PyTorch,GPL-3.0,2018-07-25,2019-09-13,415,False,9924,1112,5,118.8,107,True,True,False,False,False,False,False,True,False,False,Good,0.857,npm,3.10+,Multi-GPU,Azure,34.7
R00786,quick-rl,research-lab-20,MLOps & Infrastructure,Pipeline Orchestration,viral,36706,6979,2178,164,457,101,1387,38,293,C++,Scala,PyTorch,Proprietary,2023-12-13,2024-12-06,359,False,669962,72842,16,63.6,7611,True,True,True,True,True,False,False,False,False,False,Average,0.748,pip+conda,N/A,AMD ROCm,Hugging Face,73.2
R00787,turbo-lab,indie-dev-27,Natural Language Processing,Machine Translation,niche,204,19,11,4,16,1,27,1,12,Python,Julia|Rust,MLX,Apache-2.0,2020-03-28,2024-05-03,1497,False,1019,96,18,140.2,10,False,False,False,False,False,False,False,True,False,False,Excellent,0.653,pip,3.9+,CPU+GPU,Together AI,22.0
R00788,flash-merge-kit,indie-dev-32,Graph & Geometric ML,Knowledge Graphs,moderate,1666,259,106,28,269,3,22,9,108,Java,None,PyTorch,Apache-2.0,2018-06-03,2020-12-06,917,False,3776,204,16,141.3,50,False,True,False,True,False,True,True,True,False,False,Average,0.987,docker-only,N/A,CUDA GPU,Modal,45.3
R00789,gen-flow,startup-14,MLOps & Infrastructure,GPU Management,niche,172,11,7,3,28,5,83,4,95,Python,None,PyTorch,MIT,2017-10-28,2019-12-05,768,False,680,84,11,205.4,1898,False,True,False,True,True,True,False,True,True,False,Excellent,0.886,pip,3.11+,TPU,None,38.0
R00790,flex-vision-craft,ollama,Audio & Speech,Audio Classification,new,23,1,0,15,53,2,14,1,26,C++,Scala,PyTorch,BSD-3-Clause,2017-01-28,2017-11-27,303,False,42,5,10,121.2,439,False,True,False,False,True,False,False,True,False,False,Poor,0.493,pip,N/A,Multi-GPU,Replicate,25.4
R00791,next-distill,indie-dev-64,Large Language Models,Alignment & RLHF,niche,308,63,14,3,13,0,0,1,15,Python,R,None/Custom,LGPL-3.0,2022-05-23,2022-09-06,106,False,840,68,1,184.0,277,True,False,False,True,False,False,False,True,False,False,Good,0.95,conda,3.11+,Apple Silicon,Modal,29.6
R00792,inferrs,startup-42,Computer Vision,Video Analysis,popular,7684,476,481,89,353,14,98,108,1544,TypeScript,Zig|Scala|Julia,PyTorch,MIT,2024-12-08,2025-04-18,131,False,79449,6060,2,147.7,1257,True,True,True,True,True,False,True,False,True,False,Good,0.72,source-only,N/A,TPU,Modal,64.9
R00793,gptflow,research-lab-14,MLOps & Infrastructure,Pipeline Orchestration,niche,126,12,4,1,12,4,76,1,10,R,None,Flax,Unlicense,2018-04-12,2020-05-18,767,False,96,30,13,193.3,1859,True,True,False,False,False,False,False,False,True,False,Good,0.905,docker-only,N/A,CUDA GPU,Together AI,39.3
R00794,guard-js,keras-team,Reinforcement Learning,Multi-Agent Systems,niche,229,70,14,1,2,1,25,1,24,Python,Zig|Java,None/Custom,Apache-2.0,2023-08-15,2025-02-03,538,False,1492,15,6,432.1,833,True,True,False,False,True,False,False,True,True,False,Excellent,0.573,pip,3.12+,AMD ROCm,None,31.7
R00795,flowpy,startup-7,Generative AI,3D Generation,popular,8642,2126,174,58,295,13,277,14,153,Python,Scala,PyTorch,Apache-2.0,2022-12-02,2024-06-29,575,False,6615,471,11,242.7,2053,True,True,True,False,True,False,True,True,False,True,Average,0.995,brew,3.9+,AMD ROCm,Together AI,55.3
R00796,nano-quant83,mlflow,Data Engineering,Dataset Management,new,22,3,0,14,203,4,77,2,18,Scala,TypeScript|Kotlin,PyTorch,BSD-3-Clause,2018-04-17,2020-11-11,939,False,22,5,7,63.0,339,False,True,False,False,False,False,False,False,False,False,Good,0.443,conda,N/A,AMD ROCm,Hugging Face,24.8
R00797,neo-text-stack,startup-11,Audio & Speech,Voice Cloning,new,22,2,0,1,5,0,0,1,13,Python,TypeScript|Scala|C++,PyTorch,Apache-2.0,2021-10-30,2025-02-10,1199,False,22,21,7,155.6,1484,True,True,False,False,True,False,False,False,False,False,Excellent,0.581,brew,3.9+,Multi-GPU,None,33.7
R00798,gradstack,anthropic-tools,MLOps & Infrastructure,Data Versioning,popular,10041,2820,776,124,1386,21,590,49,942,C++,None,PyTorch,Apache-2.0,2019-06-12,2024-12-10,2008,False,149753,18794,38,211.4,586,True,True,True,False,True,False,True,False,False,False,Average,0.821,pip,N/A,AMD ROCm,Together AI,69.1
R00799,prunepulse,indie-dev-24,Generative AI,3D Generation,moderate,1947,585,130,52,309,4,70,7,47,TypeScript,None,Keras,MIT,2017-06-12,2023-02-28,2087,False,2830,236,17,161.5,281,True,True,False,True,False,False,False,False,False,False,Good,0.725,source-only,N/A,Multi-GPU,Hugging Face,55.9
R00800,dyna-doc,ibm-research,Graph & Geometric ML,Knowledge Graphs,popular,14700,2665,717,354,1742,63,1471,105,2079,C++,Mojo|C|Kotlin,None/Custom,AGPL-3.0,2024-04-16,2024-09-13,150,False,173510,16817,2,172.5,220,True,True,False,True,True,False,True,True,False,False,Missing,0.764,brew,N/A,CPU,Multi-cloud,69.8
R00801,FYQTC,01-ai,Graph & Geometric ML,Geometric Deep Learning,niche,372,23,17,1,7,0,0,4,133,Rust,Zig|Go,None/Custom,MIT,2020-07-02,2021-04-03,275,False,3909,271,2,189.2,132,True,False,False,False,False,False,False,True,True,True,Average,0.468,cargo,N/A,AMD ROCm,GCP,21.4
R00802,search-js,intel-analytics,Graph & Geometric ML,Graph Neural Networks,new,50,16,3,13,190,3,42,1,14,Python,C++,ONNX,Unlicense,2018-03-02,2022-04-09,1499,False,41,28,12,92.9,740,True,True,False,False,False,False,False,False,False,False,Good,0.395,conda,3.9+,CPU,Modal,38.6
R00803,NPQ,research-lab-22,Natural Language Processing,Tokenization,niche,350,78,8,0,0,0,0,1,20,C++,None,PyTorch,GPL-3.0,2019-03-24,2022-05-07,1140,False,1087,22,11,131.5,290,False,False,False,True,False,False,False,False,False,True,Poor,0.799,conda,N/A,AMD ROCm,Hugging Face,19.0
R00804,ultra-guard,indie-dev-61,Natural Language Processing,Sentiment Analysis,moderate,2037,235,30,59,705,1,16,16,151,R,Python|Kotlin,Flax,MIT,2015-08-11,2022-05-29,2483,False,3010,345,28,129.8,1682,False,True,False,False,False,True,False,True,True,False,Average,0.708,docker-only,N/A,Multi-GPU,None,39.9
R00805,YAVA,indie-dev-72,AI Safety & Interpretability,Fairness & Bias,moderate,1883,621,118,14,99,3,50,15,195,Rust,TypeScript|R|Zig,TensorFlow,MIT,2020-09-10,2024-06-22,1381,False,1555,223,12,342.3,488,True,True,False,False,True,False,False,False,True,False,Good,0.5,pip,N/A,CPU,Together AI,43.0
R00806,bert-rs,indie-dev-56,Graph & Geometric ML,Graph Neural Networks,moderate,893,266,37,9,25,3,26,1,18,TypeScript,Go|R,MLX,MIT,2015-08-21,2022-11-05,2633,False,2502,239,23,218.7,119,True,True,False,False,True,False,False,False,False,False,Excellent,0.539,docker-only,N/A,CPU,Azure,44.2
R00807,hyper-token-py,microsoft,Data Engineering,ETL for ML,niche,217,37,7,3,28,0,0,1,64,C,Kotlin,TensorFlow,MIT,2021-07-26,2022-02-25,214,False,1864,217,3,133.9,476,False,True,False,False,False,True,False,False,False,True,Average,0.331,pip+conda,N/A,CUDA GPU,Hugging Face,21.8
R00808,doc-ml,axolotl-ai,Audio & Speech,Music Generation,niche,241,64,3,2,15,1,15,1,32,Python,None,None/Custom,Unlicense,2022-10-31,2025-04-18,900,False,1052,37,15,172.3,303,False,False,True,True,False,False,False,False,False,False,Excellent,0.859,brew,3.12+,CPU+GPU,Modal,30.7
R00809,distill-studio,indie-dev-42,Reinforcement Learning,Reward Modeling,moderate,1760,162,44,17,136,7,97,11,115,Mojo,None,PyTorch,MIT,2019-08-11,2021-05-25,653,False,3503,516,3,200.2,664,True,True,False,False,False,False,True,False,False,False,Poor,0.658,npm,N/A,Multi-GPU,Azure,35.8
R00810,micro-flow,indie-dev-39,Graph & Geometric ML,Geometric Deep Learning,new,27,5,1,13,41,4,47,2,22,Rust,Kotlin|C++,Triton,Proprietary,2017-01-25,2019-01-04,709,False,41,36,10,221.6,1017,False,True,False,True,False,False,False,False,True,False,Average,0.752,cargo,N/A,Multi-GPU,Multi-cloud,35.3
R00811,poly-gen-base,indie-dev-71,Data Engineering,ETL for ML,niche,199,60,11,7,94,3,33,3,55,Rust,Python|Julia,PyTorch,MIT,2020-03-15,2025-10-15,2040,True,2202,173,18,15.3,1282,True,True,False,True,False,False,False,False,False,False,Average,0.847,npm,N/A,CUDA GPU,Replicate,68.5
R00812,open-llm,indie-dev-16,Computer Vision,OCR,niche,245,50,8,1,11,1,20,2,13,R,None,TinyGrad,MIT,2015-07-23,2022-12-15,2702,False,408,27,53,111.7,2667,False,False,True,False,False,False,False,False,False,False,Good,0.954,pip,N/A,CPU,Multi-cloud,24.9
R00813,PKEUR,mistralai,AI Safety & Interpretability,Fairness & Bias,niche,296,69,19,6,54,1,10,2,24,Python,None,Keras,Apache-2.0,2021-08-19,2025-02-24,1285,False,101,10,30,240.1,448,True,False,False,True,False,False,False,False,True,False,Good,0.896,brew,3.8+,CUDA GPU,Replicate,44.8
R00814,opthub,research-lab-3,Graph & Geometric ML,Point Cloud Processing,moderate,2755,951,189,12,108,5,43,8,230,Python,None,Triton,Unlicense,2021-12-16,2024-04-14,850,False,62459,4036,17,241.0,497,False,False,False,False,False,False,True,True,False,False,Average,0.748,pip+conda,3.11+,CPU,Replicate,28.1
R00815,diffforge62,startup-37,Large Language Models,Prompt Engineering,moderate,1584,96,36,16,36,5,114,5,176,Python,None,PyTorch,MIT,2024-06-29,2024-08-01,33,False,5832,195,2,146.3,210,False,True,False,False,False,False,False,True,True,False,Good,0.7,brew,3.8+,CUDA GPU,Hugging Face,22.1
R00816,mini-eval,startup-15,Computer Vision,Medical Imaging,new,30,3,1,1,5,1,8,1,20,C++,None,None/Custom,GPL-3.0,2022-06-09,2023-07-11,397,False,25,46,4,131.3,354,True,True,False,True,True,True,False,True,False,False,Good,0.664,pip,N/A,AMD ROCm,None,41.5
R00817,benchai,indie-dev-76,AI Safety & Interpretability,Watermarking,niche,291,62,12,0,0,1,8,1,13,TypeScript,Python,None/Custom,Apache-2.0,2019-08-31,2021-03-10,557,False,506,48,5,98.0,207,True,False,False,False,False,False,False,False,False,True,Average,0.766,npm,N/A,Multi-GPU,Together AI,14.4
R00818,CILM,cohere-ai,MLOps & Infrastructure,Pipeline Orchestration,new,23,5,1,11,99,4,21,1,10,Python,C++|Lua|Zig,Keras,Apache-2.0,2021-10-14,2022-04-12,180,False,48,28,2,263.9,1486,True,False,False,False,False,False,False,True,False,False,Excellent,0.437,cargo,3.12+,CPU,AWS,20.6
R00819,lite-doc-hub,microsoft,Generative AI,VAEs,popular,15000,2701,630,163,1464,14,223,35,565,Rust,None,JAX,MIT,2023-07-15,2024-04-24,284,False,49499,4720,5,365.7,620,True,True,True,True,False,False,False,True,False,False,Average,0.713,docker-only,N/A,TPU,AWS,66.2
R00820,super-tune42,research-lab-38,Large Language Models,Multimodal Models,new,22,3,0,12,104,2,51,1,28,C++,None,PyTorch,MIT,2018-10-16,2019-11-20,400,False,27,15,4,263.8,322,True,True,True,False,False,False,False,True,False,False,Average,0.209,pip+conda,N/A,CPU+GPU,Modal,32.1
R00821,quick-opt,databricks,Generative AI,3D Generation,niche,500,135,23,13,61,1,25,1,10,Python,None,PyTorch,BSD-3-Clause,2021-09-09,2022-09-18,374,False,621,41,1,125.0,893,True,False,False,False,False,False,True,True,False,True,Good,0.796,source-only,3.8+,CPU,Together AI,20.1
R00822,rapid-embed-box,deepseek-ai,Natural Language Processing,Text Summarization,new,36,4,1,7,67,1,16,1,15,C++,Kotlin|Python|Julia,CUDA,AGPL-3.0,2023-12-23,2025-03-05,438,False,13,43,4,112.6,322,False,True,False,False,False,True,False,True,False,False,Average,0.279,pip,N/A,CPU+GPU,Together AI,22.2
R00823,audiojs50,research-lab-6,Computer Vision,Medical Imaging,niche,187,16,8,1,8,4,101,2,71,Python,None,TensorFlow,Apache-2.0,2018-10-20,2021-08-13,1028,False,2223,155,32,126.2,2966,True,False,True,True,False,True,True,True,True,False,Excellent,0.65,pip,3.10+,AMD ROCm,Azure,44.5
R00824,simple-gen-core,indie-dev-39,Natural Language Processing,Named Entity Recognition,moderate,1102,173,28,14,171,0,0,3,100,Python,None,PyTorch,MIT,2020-10-18,2023-02-16,851,False,15573,1747,13,115.0,1931,True,True,False,True,True,False,False,False,False,False,Average,0.705,pip,3.8+,AMD ROCm,Multi-cloud,51.5
R00825,SDF,research-lab-23,Natural Language Processing,Named Entity Recognition,niche,381,115,11,4,43,0,0,7,57,Python,Java|TypeScript,None/Custom,AGPL-3.0,2015-04-29,2017-01-04,616,False,6538,449,3,140.4,2794,True,True,False,False,False,True,False,True,False,True,Average,0.616,npm,3.8+,TPU,Modal,32.9
R00826,next-quant-js,startup-27,Audio & Speech,Music Generation,niche,244,80,14,0,0,1,15,1,18,Rust,Julia|Lua,JAX,GPL-3.0,2018-01-24,2025-03-19,2611,False,603,12,93,141.7,114,False,False,True,True,False,False,True,False,False,False,Average,0.74,docker-only,N/A,Apple Silicon,Hugging Face,25.6
R00827,tunelib,startup-23,Large Language Models,Multimodal Models,viral,44005,4319,676,233,2916,108,628,183,4081,Python,Rust|Java,None/Custom,Apache-2.0,2022-09-10,2024-11-07,789,False,6352,125,3,195.2,1085,True,True,True,True,True,False,True,True,False,False,Average,0.941,npm,3.8+,TPU,Multi-cloud,71.5
R00828,omni-audio-studio,anthropic-tools,Generative AI,VAEs,niche,306,48,18,3,41,1,17,1,41,Scala,None,PyTorch,MIT,2015-10-18,2020-01-28,1563,False,2080,98,26,162.2,399,False,False,False,False,False,True,False,False,False,False,Good,0.564,cargo,N/A,CUDA GPU,Hugging Face,25.0
R00829,easy-diff-cpp,indie-dev-7,Natural Language Processing,Tokenization,popular,15000,2269,225,312,3709,14,113,82,960,Python,Lua|Swift,JAX,Apache-2.0,2023-03-17,2025-05-18,793,False,41956,2446,6,161.4,55,True,True,False,True,False,False,False,True,False,False,Average,0.654,pip+conda,3.9+,AMD ROCm,Hugging Face,71.9
R00830,pipe-forge92,indie-dev-7,Graph & Geometric ML,Molecular ML,niche,323,48,16,4,51,0,0,1,21,Rust,Java,None/Custom,MIT,2022-01-13,2025-10-15,1371,True,4365,513,10,69.2,53,True,True,False,False,False,False,False,True,True,False,Average,0.606,pip,N/A,CUDA GPU,Hugging Face,52.5
R00831,quantrs,startup-37,MLOps & Infrastructure,Data Versioning,niche,152,15,1,7,32,5,111,1,40,C++,None,PyTorch,BSD-3-Clause,2024-03-01,2024-08-25,177,False,190,11,1,260.3,3281,True,False,False,True,True,False,True,True,True,False,Poor,0.817,pip+conda,N/A,TPU,Azure,29.4
R00832,hyper-guard-base,startup-1,MLOps & Infrastructure,GPU Management,niche,364,111,27,9,94,0,0,1,19,C++,None,ONNX,MIT,2016-10-15,2019-05-19,946,False,1247,56,28,142.6,498,True,True,False,True,False,True,False,True,False,False,Good,0.597,docker-only,N/A,CUDA GPU,Modal,55.0
R00833,pro-grad,startup-47,Generative AI,GANs,moderate,1838,212,51,39,508,3,53,10,827,TypeScript,Mojo|Rust,PyTorch,MIT,2021-10-26,2021-12-13,48,False,2220,236,1,228.1,265,True,False,True,False,False,False,False,True,False,False,Excellent,0.731,pip+conda,N/A,Multi-GPU,None,24.7
R00834,graph-spark,startup-18,Large Language Models,Inference Engines,popular,8616,2708,269,232,3321,8,48,37,2025,Zig,None,PyTorch,MIT,2023-07-04,2024-10-18,472,False,31302,3850,3,242.6,30,True,True,True,True,False,False,False,False,False,False,Good,0.684,brew,N/A,CPU+GPU,AWS,62.5
R00835,mini-prompt5,indie-dev-20,Audio & Speech,Voice Cloning,niche,414,23,8,1,7,1,13,6,153,Python,Julia|C++|Lua,Keras,GPL-3.0,2016-11-25,2023-12-24,2585,False,3714,440,78,166.9,396,False,True,True,False,False,False,False,False,False,False,Good,0.781,source-only,3.9+,TPU,AWS,35.2
R00836,serveai,startup-0,Natural Language Processing,Named Entity Recognition,moderate,1239,224,13,6,85,2,56,4,52,Go,None,TensorFlow,LGPL-3.0,2019-07-17,2021-10-05,811,False,6472,90,9,86.4,1246,False,True,False,True,False,True,False,True,False,False,Good,0.702,cargo,N/A,AMD ROCm,Modal,39.0
R00837,WITZC,startup-0,Reinforcement Learning,Policy Optimization,popular,7824,1313,445,62,204,12,302,6,62,Python,None,MLX,Unlicense,2020-09-03,2023-02-25,905,False,30710,1780,14,100.5,112,True,True,False,True,True,False,False,True,True,False,Missing,0.38,conda,3.11+,Apple Silicon,Azure,64.4
R00838,hyper-gen,startup-26,Graph & Geometric ML,Geometric Deep Learning,niche,186,36,5,1,2,5,48,4,89,Java,Go|C|Julia,PyTorch,MIT,2022-04-20,2022-10-19,182,False,353,31,1,157.0,132,False,True,False,False,False,False,True,True,False,False,Poor,0.759,docker-only,N/A,TPU,Azure,18.2
R00839,embed-ops,indie-dev-69,AI Safety & Interpretability,Watermarking,niche,324,17,8,6,81,1,19,1,20,Python,C|TypeScript|Zig,PyTorch,Apache-2.0,2022-10-22,2025-08-23,1036,True,527,7,13,169.0,240,False,True,False,False,False,True,False,True,True,False,Average,0.595,source-only,3.12+,Apple Silicon,Replicate,44.8
R00840,easy-diff-wave,indie-dev-40,Generative AI,VAEs,niche,434,66,12,2,25,0,0,2,17,C++,Swift|Scala|Julia,JAX,AGPL-3.0,2015-04-11,2023-10-20,3114,False,6839,1025,55,274.9,1286,True,False,True,True,False,False,False,True,True,False,Excellent,0.789,pip+conda,N/A,CUDA GPU,GCP,45.3
R00841,tunekit,indie-dev-47,Natural Language Processing,Sentiment Analysis,new,25,6,0,10,63,5,80,1,10,Python,Java|Swift,ONNX,Apache-2.0,2018-08-14,2022-09-11,1489,False,138,11,2,137.4,184,True,True,False,False,False,False,False,False,True,True,Good,0.402,pip+conda,3.10+,TPU,Together AI,30.3
R00842,code-spark,jax-ml,Natural Language Processing,Text Summarization,popular,10368,2963,226,75,447,20,263,18,321,Python,TypeScript,MLX,LGPL-3.0,2019-08-26,2024-01-09,1597,False,32294,1632,18,111.2,548,True,True,True,True,True,True,False,True,False,False,Missing,0.952,cargo,3.12+,CPU,Hugging Face,73.9
R00843,gptx,indie-dev-2,AI Safety & Interpretability,Explainability,viral,49153,9990,1228,505,1492,60,672,1039,19591,Python,None,Keras,MIT,2019-07-31,2021-11-01,824,False,65456,4124,3,186.0,767,False,True,True,True,False,False,True,False,False,True,Average,1.0,conda,3.10+,CPU+GPU,Multi-cloud,59.7
R00844,multi-grad-ai,research-lab-23,Graph & Geometric ML,Molecular ML,niche,269,45,17,3,9,1,26,1,10,Rust,Swift|TypeScript|Julia,PyTorch,MIT,2015-09-29,2025-01-22,3403,False,1963,35,105,600.0,267,True,True,False,True,True,False,True,True,False,False,Average,0.502,pip,N/A,Apple Silicon,Hugging Face,53.1
R00845,multi-bert-forge75,ibm-research,Generative AI,Diffusion Models,new,37,11,0,0,0,1,7,1,23,C++,R,Flax,LGPL-3.0,2022-05-18,2024-11-18,915,False,136,10,3,302.3,337,False,False,False,False,False,True,False,False,False,False,Poor,0.492,pip,N/A,CUDA GPU,Multi-cloud,2.4
R00846,swift-guard,indie-dev-13,AI Safety & Interpretability,Red Teaming,new,13,4,0,14,75,2,49,7,142,Rust,None,PyTorch,Apache-2.0,2020-12-21,2023-07-03,924,False,23,32,10,83.0,1158,False,False,False,False,False,False,False,False,True,False,Average,0.756,pip+conda,N/A,AMD ROCm,Together AI,16.7
R00847,auto-diff-flow,research-lab-25,Large Language Models,Quantization,new,19,5,1,5,47,3,49,1,26,Python,None,None/Custom,Apache-2.0,2023-08-06,2024-04-17,255,False,93,39,5,83.3,838,False,True,False,False,False,True,False,True,False,False,Good,0.265,conda,3.9+,AMD ROCm,Hugging Face,22.9
R00848,omni-distill,indie-dev-78,Computer Vision,Image Classification,moderate,919,253,33,7,73,2,56,12,38,Python,Mojo|Java,Keras,GPL-3.0,2020-08-12,2021-07-14,336,False,2491,320,6,160.0,3714,True,True,False,False,False,True,False,True,False,True,Average,0.758,npm,3.8+,AMD ROCm,Azure,36.7
R00849,merge-spark,cohere-ai,Graph & Geometric ML,Graph Neural Networks,niche,313,109,10,5,54,1,27,2,40,Python,C|R|Zig,TensorFlow,BSD-3-Clause,2022-12-11,2025-06-05,907,False,485,19,26,84.7,492,False,False,False,False,False,True,False,True,True,False,Average,0.763,pip,3.12+,CPU+GPU,Modal,25.0
R00850,safe-stack,research-lab-9,Computer Vision,Face Recognition,moderate,3000,218,156,42,90,7,38,5,45,Python,Julia|Java|C,CUDA,AGPL-3.0,2015-09-23,2019-05-27,1342,False,6425,273,36,215.3,1164,False,True,False,True,False,False,False,False,False,False,Average,0.841,npm,3.8+,TPU,Multi-cloud,48.3
R00851,VDFD,research-lab-21,Graph & Geometric ML,Graph Neural Networks,popular,8170,1764,450,80,1134,37,670,53,522,TypeScript,Rust|C++|Scala,ONNX,Apache-2.0,2024-07-12,2025-01-28,200,False,50659,6426,2,112.2,190,True,True,False,True,False,False,True,False,True,False,Average,0.954,pip,N/A,CPU+GPU,GCP,62.5
R00852,easy-grad,indie-dev-63,Large Language Models,Quantization,moderate,1516,332,39,13,181,5,99,18,1023,Rust,Scala|Go|Zig,PyTorch,BSD-3-Clause,2023-09-28,2024-03-26,180,False,2491,348,1,74.2,417,False,False,False,False,False,True,False,True,False,False,Average,0.887,cargo,N/A,CPU+GPU,Multi-cloud,14.9
R00853,turbo-guard-ai,indie-dev-0,AI Safety & Interpretability,Red Teaming,viral,41142,9763,2367,406,4275,105,2703,150,1588,TypeScript,None,ONNX,LGPL-3.0,2023-04-18,2023-08-29,133,False,264815,10081,2,142.5,612,True,True,True,True,False,False,False,True,False,False,Average,0.792,cargo,N/A,Multi-GPU,Together AI,70.6
R00854,cross-chat-cpp,indie-dev-34,Natural Language Processing,Question Answering,moderate,1601,511,32,29,362,2,28,2,21,Python,None,PyTorch,Apache-2.0,2020-09-16,2023-10-21,1130,False,10540,1289,15,447.6,143,True,True,False,True,True,True,False,True,True,False,Missing,0.775,pip+conda,3.10+,CPU,Together AI,53.9
R00855,XBS,research-lab-18,AI Safety & Interpretability,Red Teaming,new,35,4,1,4,36,1,27,1,28,C++,Julia|Java|Kotlin,JAX,MIT,2020-01-03,2020-09-07,248,False,45,30,1,291.4,236,False,True,False,False,False,False,False,False,False,True,Good,0.591,source-only,N/A,CUDA GPU,Modal,19.9
R00856,quant-stack,indie-dev-30,MLOps & Infrastructure,Model Serving,niche,113,16,6,0,0,2,38,1,22,Python,None,ONNX,BSD-3-Clause,2021-07-13,2024-05-28,1050,False,175,22,18,182.9,83,True,True,True,True,False,False,False,True,False,False,Good,0.729,npm,3.10+,Multi-GPU,Multi-cloud,43.8
R00857,flow-js,startup-38,Computer Vision,3D Vision,niche,309,56,4,18,143,1,13,1,15,Python,Julia|C|Go,JAX,AGPL-3.0,2023-04-05,2024-05-20,411,False,134,9,7,142.5,47,True,True,True,True,False,False,False,True,True,False,Average,0.51,conda,3.10+,AMD ROCm,Modal,44.8
R00858,uni-lab-hub,indie-dev-53,Data Engineering,Data Labeling,niche,275,85,3,3,20,0,0,2,95,Python,C++,JAX,MIT,2015-01-13,2018-11-22,1409,False,1297,176,35,287.3,1211,False,True,False,True,False,False,False,False,False,False,Poor,0.802,docker-only,3.12+,Multi-GPU,Together AI,44.4
R00859,quant-core,startup-8,Reinforcement Learning,Game AI,popular,15000,3038,236,59,588,38,876,97,3983,Go,None,JAX,MIT,2016-06-10,2023-02-26,2452,False,103503,13403,23,225.4,242,True,True,True,False,False,False,False,True,False,True,Average,0.718,pip+conda,N/A,AMD ROCm,Azure,73.8
R00860,rapid-pipe,indie-dev-55,Data Engineering,Data Cleaning,moderate,3000,647,115,23,63,5,132,39,451,Rust,Kotlin|Mojo,Triton,MIT,2020-02-26,2021-08-13,534,False,9480,578,6,179.0,893,False,False,False,True,False,False,True,False,True,False,Missing,0.788,pip,N/A,Apple Silicon,GCP,31.7
R00861,guard-flow,startup-48,Generative AI,GANs,moderate,2216,429,51,27,217,5,35,24,233,Python,None,PyTorch,LGPL-3.0,2019-09-21,2025-04-11,2029,False,5684,425,24,127.5,2083,False,True,False,True,False,False,True,True,True,False,Excellent,0.763,source-only,3.11+,Apple Silicon,Replicate,50.7
R00862,super-prompt-ml,indie-dev-38,Computer Vision,Super Resolution,niche,238,49,10,3,17,0,0,1,10,TypeScript,Scala,JAX,AGPL-3.0,2017-10-05,2023-05-02,2035,False,7625,520,20,257.7,448,False,False,False,False,False,False,False,False,False,False,Good,0.849,docker-only,N/A,CPU,AWS,24.1
R00863,ultra-gen,together-ai,Audio & Speech,Speech Recognition,niche,386,93,10,8,111,0,0,1,14,Python,Go|Zig|Julia,None/Custom,Proprietary,2023-05-02,2025-08-29,850,True,256,31,6,27.0,179,True,True,False,True,False,False,True,False,True,False,Good,0.733,pip+conda,3.10+,Apple Silicon,GCP,59.7
R00864,multi-merge-js,lm-sys,Graph & Geometric ML,Knowledge Graphs,moderate,929,89,38,7,29,2,38,5,138,Python,None,JAX,Apache-2.0,2019-01-04,2020-02-18,410,False,21792,2642,2,132.8,290,True,False,True,True,False,False,False,True,False,False,Good,0.574,pip,3.9+,AMD ROCm,Together AI,31.9
R00865,quick-vision-ml,indie-dev-62,Computer Vision,Super Resolution,moderate,1841,206,69,36,125,6,73,22,862,Python,C++|Mojo,PyTorch,Apache-2.0,2017-09-23,2018-10-09,381,False,2535,146,4,231.8,842,False,True,True,False,False,False,False,True,False,False,Average,0.624,npm,3.10+,TPU,Hugging Face,26.6
R00866,visionflow,startup-34,Generative AI,Creative AI,moderate,2425,691,140,76,418,6,82,18,842,Java,None,ONNX,MIT,2015-01-10,2016-09-15,614,False,4938,427,2,244.8,63,False,True,False,True,False,True,True,True,True,False,Good,0.778,source-only,N/A,Apple Silicon,AWS,36.6
R00867,next-train-lib,mlflow,Reinforcement Learning,Reward Modeling,niche,327,61,10,1,14,0,0,3,53,TypeScript,Swift|Python,PyTorch,MIT,2016-01-28,2019-05-26,1214,False,680,60,11,162.1,3487,True,False,True,True,False,False,False,False,False,True,Poor,0.857,pip,N/A,Apple Silicon,AWS,38.5
R00868,mini-grad-kit,langchain-ai,Large Language Models,Inference Engines,moderate,1639,204,124,12,28,2,21,12,238,Python,Lua|Scala|Rust,Flax,MIT,2019-03-06,2023-06-30,1577,False,2373,265,12,246.7,87,True,True,True,False,True,False,False,False,False,True,Good,0.498,docker-only,3.12+,CUDA GPU,Hugging Face,40.5
R00869,codeforge,indie-dev-17,Large Language Models,Quantization,popular,6230,1227,227,44,442,12,76,65,1370,Python,None,PyTorch,Apache-2.0,2017-01-30,2022-10-11,2080,False,87190,3285,16,272.7,1538,True,True,True,True,True,True,True,False,False,False,Average,0.839,cargo,3.11+,Multi-GPU,None,70.1
R00870,UULFT,indie-dev-31,AI Safety & Interpretability,Fairness & Bias,moderate,1870,553,19,22,94,3,66,16,358,Python,Kotlin|Java,Keras,GPL-3.0,2019-07-16,2020-08-26,407,False,2410,120,9,173.3,542,True,True,False,False,False,False,False,True,False,False,Excellent,0.85,cargo,3.10+,TPU,Multi-cloud,40.2
R00871,gradstudio,startup-44,Large Language Models,Prompt Engineering,niche,496,69,9,3,22,0,0,1,14,C,Julia|R|TypeScript,PyTorch,GPL-3.0,2019-12-14,2023-01-26,1139,False,5083,106,8,505.3,2351,False,False,False,False,False,False,False,False,True,False,Poor,0.627,pip+conda,N/A,CPU+GPU,Modal,15.9
R00872,JDK,01-ai,AI Safety & Interpretability,Explainability,popular,15000,4203,224,59,700,23,565,312,4237,Java,None,TensorFlow,MIT,2022-03-10,2024-11-01,967,False,36834,2978,4,236.4,203,True,True,True,True,False,False,True,False,True,False,Good,0.604,pip+conda,N/A,CPU,Together AI,72.2
R00873,code-craft,research-lab-23,AI Safety & Interpretability,Guardrails,niche,446,76,26,12,123,0,0,2,43,Rust,None,JAX,BSD-3-Clause,2017-08-26,2024-08-21,2552,False,4831,260,45,154.3,384,True,True,True,False,True,False,False,False,False,True,Good,0.791,cargo,N/A,TPU,Modal,45.2
R00874,prompt-ml,Qwen,AI Safety & Interpretability,Watermarking,moderate,2571,218,28,15,56,5,47,9,93,C,Java|Kotlin|Swift,MLX,MIT,2023-09-10,2023-10-14,34,False,29732,2589,0,362.5,98,False,True,True,True,True,True,False,False,False,False,Average,0.693,npm,N/A,TPU,Hugging Face,33.9
R00875,flex-infer-craft,startup-35,Large Language Models,Evaluation & Benchmarks,new,22,7,1,11,26,3,89,1,22,Python,None,JAX,Apache-2.0,2022-11-17,2024-08-15,637,False,88,47,4,121.6,88,False,False,False,False,True,True,False,False,False,False,Excellent,0.329,pip+conda,3.11+,Multi-GPU,None,10.2
R00876,CTNO,research-lab-34,Natural Language Processing,Tokenization,moderate,3000,451,101,22,104,7,99,4,53,Python,C++|Rust|Mojo,Triton,MIT,2024-12-20,2025-10-15,299,True,8849,430,1,10.3,6875,True,False,True,False,False,False,False,False,False,True,Good,0.575,cargo,3.10+,Apple Silicon,Modal,40.4
R00877,mergespark,indie-dev-76,MLOps & Infrastructure,Pipeline Orchestration,moderate,1640,485,118,18,203,2,28,5,63,Python,None,JAX,BSD-3-Clause,2023-11-29,2024-04-09,132,False,15834,2231,1,275.1,2607,True,True,True,False,False,True,False,False,True,False,Missing,0.687,conda,3.12+,AMD ROCm,AWS,33.7
R00878,gpt-kit68,startup-38,Generative AI,3D Generation,moderate,1487,324,41,10,36,1,25,8,100,Python,Lua,Triton,LGPL-3.0,2019-09-05,2021-02-03,517,False,10928,867,8,180.7,579,False,True,True,False,False,False,False,False,True,False,Good,0.557,source-only,3.9+,CPU,Multi-cloud,27.6
R00879,smart-vision,research-lab-31,AI Safety & Interpretability,Guardrails,popular,5070,1149,306,20,212,9,80,16,309,Go,None,PyTorch,Proprietary,2016-01-29,2021-08-09,2019,False,12591,639,20,193.6,2036,True,True,False,True,False,True,True,True,True,False,Average,0.719,pip,N/A,Apple Silicon,Azure,65.9
R00880,neo-safe-spark,indie-dev-73,Natural Language Processing,Machine Translation,popular,7537,2604,385,30,73,8,170,52,298,C++,TypeScript,Keras,Apache-2.0,2021-03-25,2025-10-15,1665,True,2341,320,18,113.9,266,True,True,False,False,True,False,True,True,False,False,Good,0.578,pip+conda,N/A,CPU+GPU,Multi-cloud,75.9
R00881,HRZ,research-lab-23,Computer Vision,Object Detection,niche,220,24,12,5,48,1,11,1,10,Rust,C++|Zig,JAX,MIT,2020-08-07,2022-05-16,647,False,3375,454,3,105.7,207,True,True,False,False,True,True,False,True,True,False,Good,0.591,npm,N/A,Multi-GPU,Replicate,31.8
R00882,smart-gen,indie-dev-26,Reinforcement Learning,Multi-Agent Systems,moderate,1309,116,98,22,73,3,77,4,46,Python,None,None/Custom,CC-BY-4.0,2016-11-15,2020-07-30,1353,False,847,76,20,124.9,1034,True,False,True,False,True,False,False,False,False,False,Poor,0.655,pip+conda,3.11+,Apple Silicon,None,35.7
R00883,THBAL,research-lab-20,Computer Vision,Medical Imaging,viral,37116,11646,772,281,1756,70,1904,134,3358,Python,Kotlin|Go|Java,TensorFlow,Apache-2.0,2022-11-10,2024-11-06,727,False,103745,1493,4,140.5,296,True,True,True,True,True,True,True,False,False,False,Good,0.8,brew,3.8+,CPU+GPU,AWS,71.6
R00884,deep-code,startup-34,Reinforcement Learning,Game AI,niche,239,31,12,0,0,1,17,1,10,Lua,Java|C++|Go,PyTorch,BSD-3-Clause,2017-06-30,2017-08-19,50,False,513,28,1,114.0,312,True,False,False,True,False,False,False,False,False,False,Poor,0.706,brew,N/A,CPU,Azure,21.3
R00885,APN,indie-dev-68,Large Language Models,Quantization,niche,500,33,24,9,60,0,0,3,103,Python,None,ONNX,MIT,2023-01-28,2023-06-20,143,False,138,15,1,148.3,1235,True,True,True,True,True,True,False,True,True,False,Average,0.838,pip,3.8+,Apple Silicon,None,40.7
R00886,fast-gen,research-lab-14,Reinforcement Learning,Environments & Simulators,niche,328,98,7,4,25,2,59,2,16,Python,None,PyTorch,MIT,2024-01-01,2024-05-28,148,False,3066,259,0,110.4,3239,True,False,False,False,False,True,False,True,True,False,Average,0.731,pip+conda,3.8+,CUDA GPU,None,19.5
R00887,meta-token,databricks,AI Safety & Interpretability,Guardrails,new,30,1,1,7,96,0,0,2,50,Python,Rust,MLX,MIT,2021-09-18,2024-05-26,981,False,77,18,11,78.6,211,False,False,False,True,False,False,True,False,False,True,Average,0.405,pip+conda,3.11+,Apple Silicon,Modal,27.8
R00888,uni-train-box,fastai,Natural Language Processing,Machine Translation,moderate,1664,278,131,64,219,3,48,9,57,C++,None,PyTorch,Apache-2.0,2022-03-12,2025-02-18,1074,False,5112,554,7,336.1,1386,False,True,False,False,False,False,False,False,False,False,Excellent,0.703,brew,N/A,CPU+GPU,None,27.2
R00889,tune-wave,indie-dev-21,Graph & Geometric ML,Graph Neural Networks,moderate,2666,825,104,61,585,4,59,17,670,Rust,None,MLX,AGPL-3.0,2024-02-18,2025-02-21,369,False,31142,4332,4,84.8,125,False,True,False,False,False,False,False,False,False,False,Average,0.835,docker-only,N/A,Multi-GPU,Hugging Face,29.1
R00890,distill-wave,meta-llama,Generative AI,3D Generation,niche,377,89,23,2,13,0,0,2,43,C++,Swift|Go,PyTorch,AGPL-3.0,2019-03-26,2020-01-23,303,False,783,13,2,122.3,647,True,False,True,True,False,True,False,False,True,False,Average,0.706,source-only,N/A,CUDA GPU,Multi-cloud,31.1
R00891,quick-chat,startup-5,MLOps & Infrastructure,Hyperparameter Tuning,niche,255,86,18,2,24,0,0,1,16,C++,None,PyTorch,Apache-2.0,2019-06-21,2021-05-09,688,False,156,6,8,200.8,2094,False,True,False,True,False,True,False,True,False,False,Good,0.772,pip,N/A,Apple Silicon,AWS,35.8
R00892,deep-safe-kit,startup-4,Reinforcement Learning,Game AI,new,35,4,1,7,94,3,88,1,38,Rust,Java|Swift,PyTorch,Proprietary,2018-09-17,2022-08-17,1430,False,8,1,32,156.6,447,True,False,False,True,True,True,False,True,False,False,Excellent,0.419,source-only,N/A,CPU+GPU,None,44.5
R00893,hyper-net-x,indie-dev-77,Audio & Speech,Speaker Diarization,niche,289,15,18,2,9,0,0,1,10,Python,Rust|TypeScript,ONNX,Apache-2.0,2024-02-02,2024-07-23,172,False,240,10,2,101.7,1542,False,False,False,False,True,False,False,True,True,False,Good,0.627,conda,3.9+,AMD ROCm,Hugging Face,10.4
R00894,grad-lib,research-lab-14,Data Engineering,Data Cleaning,niche,161,33,11,4,56,0,0,1,13,Python,None,Keras,AGPL-3.0,2017-05-09,2022-10-04,1974,False,329,5,9,158.7,5116,False,True,True,True,True,False,False,True,True,True,Excellent,0.579,conda,3.8+,AMD ROCm,Multi-cloud,36.5
R00895,graph-studio,indie-dev-65,Graph & Geometric ML,Knowledge Graphs,new,23,2,1,2,6,4,98,1,14,Python,TypeScript,None/Custom,GPL-3.0,2021-10-10,2024-08-02,1027,False,118,12,9,252.5,530,True,True,True,True,False,False,False,True,False,False,Average,0.582,npm,3.11+,CPU,Multi-cloud,44.4
R00896,nano-vector,startup-10,MLOps & Infrastructure,Feature Stores,niche,363,66,11,3,13,3,60,1,14,R,None,TensorFlow,Proprietary,2017-08-17,2018-08-21,369,False,2788,179,3,305.1,722,False,True,False,True,False,False,False,False,True,False,Average,0.718,conda,N/A,CUDA GPU,GCP,31.2
R00897,quantflow,indie-dev-49,Data Engineering,Dataset Management,niche,230,56,16,0,0,0,0,1,21,Python,None,ONNX,AGPL-3.0,2018-10-24,2019-07-20,269,False,859,117,2,70.4,829,True,True,False,False,False,False,False,True,False,False,Average,0.596,cargo,3.9+,CUDA GPU,GCP,22.1
R00898,flash-merge,indie-dev-53,Generative AI,Creative AI,moderate,1946,474,95,24,65,7,171,16,713,Rust,Go|Java,PyTorch,MIT,2015-04-09,2019-09-07,1612,False,11139,1312,21,155.6,135,False,True,False,True,False,False,False,False,False,False,Good,0.91,conda,N/A,TPU,GCP,47.8
R00899,dyna-infer-wave,nvidia,Reinforcement Learning,Robotics Control,new,24,4,0,7,79,3,88,1,10,Go,None,PyTorch,AGPL-3.0,2015-06-14,2015-11-09,148,False,102,12,2,139.7,634,False,False,False,False,True,True,False,False,False,False,Good,0.093,npm,N/A,CUDA GPU,Modal,10.8
R00900,IDPVR,indie-dev-45,MLOps & Infrastructure,Hyperparameter Tuning,popular,7870,483,475,39,359,36,630,50,1346,Python,None,MLX,Proprietary,2018-11-03,2025-04-25,2365,False,16767,1586,17,103.8,33,True,True,False,True,True,False,True,False,False,False,Good,0.961,source-only,3.9+,CPU+GPU,GCP,72.5
R00901,lite-vector-rs32,research-lab-32,AI Safety & Interpretability,Adversarial Robustness,niche,446,28,15,3,15,0,0,5,44,C,Java|Go,JAX,Apache-2.0,2019-05-26,2023-01-01,1316,False,1671,184,12,343.3,613,False,True,True,False,False,False,True,True,False,False,Missing,0.829,npm,N/A,AMD ROCm,Replicate,28.7
R00902,flash-rl-forge,startup-29,Computer Vision,Image Generation,moderate,3000,453,110,33,335,4,41,27,477,Java,None,None/Custom,LGPL-3.0,2022-07-16,2022-12-04,141,False,14568,1230,0,211.4,1543,False,True,False,False,False,False,False,True,False,False,Excellent,0.619,conda,N/A,CUDA GPU,None,27.8
R00903,tokenai,startup-21,Large Language Models,Inference Engines,new,14,3,1,15,33,3,39,1,11,Rust,None,TinyGrad,BSD-3-Clause,2017-03-13,2020-07-23,1228,False,46,46,10,218.8,282,False,True,False,False,False,False,True,True,False,False,Excellent,0.636,cargo,N/A,CPU,Multi-cloud,24.5
R00904,ECJOR,ollama,Large Language Models,Quantization,moderate,1958,393,109,8,56,7,138,8,356,C++,None,None/Custom,MIT,2019-12-27,2021-10-26,669,False,1405,71,4,139.1,4396,True,False,False,False,False,True,False,True,True,False,Missing,0.541,pip+conda,N/A,AMD ROCm,Multi-cloud,26.5
R00905,infer-ai7,indie-dev-68,Generative AI,VAEs,new,25,4,1,12,161,2,55,1,20,TypeScript,None,PyTorch,Custom,2018-01-04,2019-07-06,548,False,17,13,7,152.7,740,True,True,False,True,False,False,False,False,False,False,Average,0.531,cargo,N/A,Multi-GPU,Replicate,44.7
R00906,dyna-embed,indie-dev-13,Reinforcement Learning,Policy Optimization,moderate,2971,975,164,33,216,1,5,26,375,Java,C,CUDA,Proprietary,2024-12-27,2025-09-05,252,True,20187,2269,4,46.5,722,True,False,True,False,True,False,False,True,False,False,Excellent,0.4,pip,N/A,Multi-GPU,GCP,45.2
R00907,neo-embed,intel-analytics,Reinforcement Learning,Environments & Simulators,moderate,1778,154,27,26,384,3,41,6,91,TypeScript,Lua|R|Python,JAX,MIT,2020-04-30,2022-05-06,736,False,2815,360,5,86.4,329,False,False,False,False,False,True,False,True,True,False,Good,0.869,source-only,N/A,TPU,GCP,17.3
R00908,UDIQU28,indie-dev-57,AI Safety & Interpretability,Adversarial Robustness,viral,120000,15156,4828,775,9169,106,763,240,3877,Python,R|Rust|C++,TinyGrad,Apache-2.0,2018-08-02,2022-08-13,1472,False,61349,2347,7,162.7,1088,True,True,True,True,True,False,True,False,True,False,Average,0.726,pip+conda,3.8+,Multi-GPU,Together AI,74.5
R00909,WGPWD,dmlc,Data Engineering,Data Labeling,popular,11644,2385,828,290,646,15,306,405,3005,C,Java|Rust|Zig,JAX,Apache-2.0,2019-02-07,2024-12-20,2143,False,11803,403,5,129.6,852,True,True,True,True,True,False,True,False,True,False,Excellent,0.714,cargo,N/A,AMD ROCm,Hugging Face,70.7
R00910,agent-studio,research-lab-10,Generative AI,Diffusion Models,popular,9387,2710,376,85,1160,13,226,74,2058,Python,None,JAX,MIT,2018-11-25,2023-09-18,1758,False,15071,2050,8,296.1,1592,False,False,True,True,False,False,True,True,True,False,Average,0.828,pip,3.10+,TPU,GCP,51.5
R00911,rapid-chat-flow,indie-dev-64,Data Engineering,ETL for ML,niche,325,75,19,1,5,1,18,1,32,Python,None,PyTorch,MIT,2021-10-13,2023-01-12,456,False,368,38,2,233.0,6347,False,True,False,False,False,False,False,False,True,False,Average,0.536,npm,3.8+,CPU+GPU,Hugging Face,20.6
R00912,smart-data-rs1,startup-29,Generative AI,3D Generation,moderate,2488,318,77,51,568,3,44,20,643,Python,TypeScript|Lua,Keras,GPL-3.0,2017-02-19,2017-04-21,61,False,36919,1686,0,213.5,686,False,True,False,False,False,False,False,False,False,True,Poor,0.756,npm,3.10+,AMD ROCm,Hugging Face,26.2
R00913,GAYT8,fastai,Natural Language Processing,Embeddings,new,39,3,0,1,10,1,6,1,10,C++,Julia,ONNX,Apache-2.0,2016-08-22,2017-07-17,329,False,263,33,2,218.4,107,False,False,False,False,False,False,False,False,False,False,Average,0.486,conda,N/A,TPU,Modal,10.8
R00914,LYMM99,indie-dev-15,AI Safety & Interpretability,Red Teaming,niche,206,45,6,1,4,0,0,1,30,Rust,None,JAX,MIT,2015-06-16,2022-05-07,2517,False,342,29,20,311.8,455,True,True,True,False,True,False,False,False,False,False,Average,0.641,brew,N/A,CUDA GPU,Multi-cloud,43.5
R00915,train-x,startup-14,Graph & Geometric ML,Graph Neural Networks,niche,308,62,24,1,6,0,0,1,12,Lua,None,TensorFlow,Apache-2.0,2017-11-24,2020-09-17,1028,False,380,10,9,232.5,1823,True,False,False,False,False,False,False,True,False,True,Average,0.57,conda,N/A,CPU,Replicate,26.0
R00916,eval-ai,mistralai,Natural Language Processing,RAG Frameworks,niche,150,24,7,0,0,2,53,1,10,Rust,None,ONNX,LGPL-3.0,2016-07-05,2021-02-02,1673,False,3475,273,20,103.2,1787,False,False,False,False,False,True,False,False,False,False,Average,0.841,docker-only,N/A,CPU,Replicate,15.4
R00917,diffx,indie-dev-2,Reinforcement Learning,Environments & Simulators,niche,271,22,6,12,122,2,31,2,39,C,None,TensorFlow,MIT,2022-12-21,2025-10-15,1029,True,403,58,17,31.1,2491,False,False,True,True,False,False,False,False,False,False,Average,0.586,docker-only,N/A,CUDA GPU,Replicate,47.6
R00918,ISFX,tencent-ailab,AI Safety & Interpretability,Watermarking,niche,226,56,12,6,54,0,0,3,18,Python,R|Mojo|TypeScript,PyTorch,Apache-2.0,2018-04-03,2018-05-13,40,False,871,15,0,168.7,488,True,True,False,False,False,False,False,True,True,True,Poor,0.664,pip,3.9+,TPU,Multi-cloud,29.8
R00919,prompt-wave92,lightning-ai,MLOps & Infrastructure,Experiment Tracking,moderate,1133,384,86,28,284,2,10,14,90,C++,Mojo|Scala|Zig,PyTorch,GPL-3.0,2015-08-27,2016-05-15,262,False,7425,604,12,254.8,945,False,False,False,True,False,False,False,False,False,False,Missing,0.571,source-only,N/A,CPU,Together AI,31.8
R00920,TVB,langchain-ai,Graph & Geometric ML,Knowledge Graphs,new,20,5,0,14,126,3,64,4,61,Python,Kotlin|TypeScript,JAX,GPL-3.0,2017-12-11,2020-07-01,933,False,38,32,8,298.1,675,False,True,False,False,False,True,False,False,False,False,Poor,0.233,pip,3.11+,Apple Silicon,Hugging Face,25.4
R00921,audio-x,research-lab-34,Natural Language Processing,Text Summarization,new,13,3,0,7,30,0,0,1,16,Java,Scala,TensorFlow,Apache-2.0,2021-02-24,2022-06-03,464,False,134,8,9,231.0,1968,False,True,False,True,False,False,False,False,False,False,Average,0.933,conda,N/A,CPU+GPU,Replicate,35.0
R00922,benchbase,indie-dev-66,Computer Vision,Super Resolution,new,38,4,1,4,20,5,30,1,10,Python,None,PyTorch,Proprietary,2020-05-14,2022-09-06,845,False,17,27,6,253.0,152,False,False,False,True,False,True,False,False,False,False,Average,0.754,pip+conda,3.11+,CUDA GPU,Replicate,23.0
R00923,prunestack,research-lab-39,Natural Language Processing,Chatbot Frameworks,niche,313,100,13,4,22,2,17,1,77,Python,Mojo|Java,PyTorch,GPL-3.0,2022-09-18,2023-11-20,428,False,729,17,5,578.5,25,False,False,False,False,True,True,False,False,False,True,Good,0.878,brew,3.11+,AMD ROCm,Modal,12.9
R00924,MJAR25,startup-9,Generative AI,VAEs,niche,225,30,15,1,6,0,0,1,10,Python,None,MLX,Proprietary,2020-12-19,2021-03-09,80,False,636,90,1,146.7,1848,True,False,True,False,False,False,False,False,False,True,Missing,0.703,pip+conda,3.10+,CPU+GPU,Hugging Face,19.9
R00925,textpulse15,indie-dev-49,Reinforcement Learning,Policy Optimization,moderate,1760,101,110,23,315,2,45,3,66,Java,Python,None/Custom,MIT,2015-06-11,2016-02-25,259,False,14708,786,1,69.1,4805,True,False,True,False,False,False,False,False,True,False,Excellent,0.488,cargo,N/A,CUDA GPU,AWS,23.9
R00926,auto-infer,meta-llama,Audio & Speech,Speaker Diarization,viral,107021,18035,8040,845,4367,283,3516,301,5143,Python,None,PyTorch,MIT,2015-09-19,2023-01-06,2666,False,1196406,94274,16,523.3,1982,True,False,True,True,True,False,True,False,False,False,Excellent,0.632,pip+conda,3.8+,AMD ROCm,Azure,70.4
R00927,open-quant,salesforce-research,MLOps & Infrastructure,Experiment Tracking,new,30,7,1,5,15,3,78,5,65,C++,Lua|Zig,JAX,Apache-2.0,2024-02-10,2024-12-03,297,False,436,9,2,216.4,9355,True,False,False,False,False,False,False,False,False,False,Good,0.332,source-only,N/A,Multi-GPU,Replicate,19.6
R00928,agentml,indie-dev-66,Data Engineering,ETL for ML,niche,440,142,33,2,15,0,0,1,17,Python,Go|Julia,PyTorch,MIT,2023-11-06,2024-07-06,243,False,5467,638,4,80.1,1013,True,True,False,False,False,False,False,True,False,False,Good,0.745,cargo,3.12+,Apple Silicon,Hugging Face,32.8
R00929,UFNP,indie-dev-40,MLOps & Infrastructure,AutoML,niche,493,32,13,4,36,1,25,5,93,Python,Mojo,ONNX,Apache-2.0,2024-04-22,2025-03-24,336,False,5383,735,4,710.2,82,True,True,False,False,False,False,False,True,False,False,Average,0.637,docker-only,3.10+,Multi-GPU,Multi-cloud,33.5
R00930,optforge,indie-dev-31,Generative AI,Diffusion Models,new,30,7,0,9,92,2,31,4,50,TypeScript,Python|Scala|C++,JAX,Apache-2.0,2015-04-08,2023-11-27,3155,False,94,10,22,269.4,505,False,True,False,True,False,False,False,False,False,False,Poor,0.78,npm,N/A,TPU,Hugging Face,44.6
R00931,meta-vector-spark,research-lab-3,Natural Language Processing,Named Entity Recognition,moderate,1843,383,49,46,420,5,73,12,452,Python,C++|Java,PyTorch,MIT,2015-04-28,2016-02-11,289,False,11195,765,1,190.9,76,False,True,False,True,True,False,False,True,False,True,Good,0.606,cargo,3.9+,Apple Silicon,Modal,34.6
R00932,GCZX,eleutherai,Computer Vision,Image Segmentation,niche,262,51,13,1,14,1,22,3,17,Python,Kotlin,TensorFlow,CC-BY-4.0,2017-09-05,2025-02-15,2720,False,316,9,31,136.0,1503,False,True,False,False,False,False,False,False,False,False,Average,0.851,source-only,3.10+,AMD ROCm,None,35.2
R00933,deep-agent-pulse,startup-24,Data Engineering,Data Labeling,new,30,9,2,2,22,4,27,1,14,Python,R|Julia,PyTorch,Apache-2.0,2021-10-08,2025-05-11,1311,False,286,39,30,295.0,56,False,True,False,True,False,True,False,False,False,False,Good,0.507,npm,3.8+,TPU,GCP,44.3
R00934,flex-merge-studio,startup-4,Data Engineering,Dataset Management,new,18,2,0,5,43,3,20,1,12,Python,Rust|C,PyTorch,MIT,2023-07-21,2025-09-23,795,True,35,50,9,25.6,158,False,True,True,False,True,False,True,False,True,False,Good,0.42,source-only,3.12+,AMD ROCm,GCP,40.8
R00935,quantml,mistralai,Reinforcement Learning,Multi-Agent Systems,niche,283,85,17,2,26,1,27,1,10,C++,None,JAX,Proprietary,2022-12-27,2024-12-01,705,False,1134,129,18,196.5,1817,True,False,False,False,False,True,False,False,True,False,Average,0.805,pip,N/A,AMD ROCm,None,33.5
R00936,CVJU,bigscience-workshop,Large Language Models,Foundation Models,moderate,2683,436,195,19,115,2,23,13,202,Python,TypeScript|C|Mojo,None/Custom,MIT,2019-02-21,2021-12-09,1022,False,1124,110,7,96.3,1486,True,True,False,True,False,True,False,True,True,False,Average,0.817,cargo,3.10+,Multi-GPU,GCP,50.5
R00937,GUJHN,phidata-ai,Graph & Geometric ML,Point Cloud Processing,niche,176,56,1,1,7,0,0,1,30,C++,None,ONNX,GPL-3.0,2023-12-03,2024-03-28,116,False,662,30,1,333.5,985,True,False,True,True,True,False,False,False,False,False,Average,0.947,conda,N/A,Apple Silicon,Modal,30.0
R00938,flex-bench19,startup-10,Graph & Geometric ML,Graph Neural Networks,niche,324,70,8,1,8,1,6,1,20,Python,TypeScript|Mojo|C++,JAX,MIT,2015-08-08,2023-11-18,3024,False,3445,209,25,113.7,42,False,True,False,True,False,False,True,True,True,False,Good,0.611,docker-only,3.11+,CPU,Hugging Face,44.6
R00939,TXCLG,indie-dev-10,Natural Language Processing,Question Answering,niche,264,18,19,2,9,0,0,1,19,Python,None,PyTorch,AGPL-3.0,2018-07-25,2019-03-21,239,False,442,24,3,103.3,1488,True,False,True,False,False,False,False,True,True,True,Average,0.861,brew,3.11+,AMD ROCm,Replicate,21.1
R00940,mini-vision,research-lab-14,Reinforcement Learning,Game AI,niche,255,73,13,1,2,0,0,1,10,TypeScript,Lua|Swift|R,PyTorch,GPL-3.0,2023-10-04,2025-10-15,742,True,219,10,15,24.8,329,False,False,True,False,False,True,False,False,False,False,Excellent,0.382,source-only,N/A,CPU+GPU,GCP,33.5
R00941,tensor-cpp,prefecthq,Data Engineering,Data Labeling,moderate,2019,151,111,18,83,8,187,9,63,Python,C,ONNX,MIT,2021-02-12,2022-12-09,665,False,10596,1087,12,218.5,75,False,True,False,False,False,True,False,True,True,False,Good,0.751,cargo,3.8+,TPU,Together AI,32.2
R00942,VVCUW,startup-8,AI Safety & Interpretability,Fairness & Bias,niche,130,37,7,2,27,3,22,1,10,TypeScript,R|Swift,TensorFlow,MIT,2019-04-08,2019-06-28,81,False,1212,72,0,227.8,154,True,True,True,False,True,True,False,True,True,False,Average,0.712,pip,N/A,CPU+GPU,Together AI,29.7
R00943,DFGO,indie-dev-35,Natural Language Processing,RAG Frameworks,niche,201,15,7,4,15,1,25,1,10,Python,None,None/Custom,GPL-3.0,2015-11-28,2024-07-25,3162,False,1234,89,10,198.0,140,False,True,True,True,False,True,False,True,False,False,Good,0.745,cargo,3.8+,TPU,Modal,35.9
R00944,modelspark,indie-dev-46,Generative AI,Code Generation,new,28,8,1,13,189,1,12,1,10,Rust,Lua,TensorFlow,Unlicense,2023-05-31,2023-11-21,174,False,110,12,1,128.5,140,False,True,True,True,False,False,True,False,False,False,Good,0.418,npm,N/A,CPU,Azure,30.3
R00945,audiojs39,together-ai,Data Engineering,Data Cleaning,new,24,3,1,6,37,5,89,1,28,Python,C++|Mojo|Swift,TensorFlow,MIT,2020-07-17,2023-01-01,898,False,10,19,9,120.0,2110,True,False,False,True,False,False,False,False,True,False,Good,0.558,pip+conda,3.10+,CPU,Hugging Face,35.5
R00946,rlcraft,indie-dev-70,Data Engineering,ETL for ML,niche,500,57,30,8,70,1,8,2,18,Python,Zig|Go|Rust,PyTorch,Apache-2.0,2020-06-01,2025-09-11,1928,True,641,24,21,27.1,272,True,False,False,False,False,False,False,False,True,False,Average,0.711,conda,3.12+,Multi-GPU,Azure,50.2
R00947,visionops,phidata-ai,Audio & Speech,Voice Cloning,new,17,4,0,1,13,2,11,1,10,Python,None,None/Custom,GPL-3.0,2018-02-21,2018-12-11,293,False,66,5,4,324.6,535,False,True,False,True,True,False,True,True,False,False,Poor,0.628,brew,3.8+,Multi-GPU,Hugging Face,32.4
R00948,distillwave,indie-dev-4,Generative AI,Creative AI,moderate,2097,453,111,14,96,3,70,18,90,Kotlin,Scala|Mojo,PyTorch,MIT,2024-05-03,2025-10-03,518,True,5776,577,13,47.0,763,False,True,True,True,False,False,False,True,False,False,Average,0.621,pip,N/A,CPU,Replicate,59.5
R00949,simple-graph,startup-40,Audio & Speech,Audio Classification,niche,378,127,6,6,84,0,0,2,31,Zig,C++,JAX,Custom,2017-09-23,2018-11-14,417,False,556,8,5,94.4,687,True,True,False,False,False,True,False,False,True,False,Average,0.506,cargo,N/A,CPU,Together AI,34.0
R00950,SSBMQ,aws,Large Language Models,Foundation Models,popular,15000,4138,912,217,2213,42,658,90,1730,C++,Kotlin,CUDA,Apache-2.0,2023-07-25,2024-03-23,242,False,59184,3892,2,242.0,283,True,True,True,True,False,True,False,False,True,False,Poor,0.459,docker-only,N/A,Apple Silicon,AWS,69.6
R00951,nano-opt,indie-dev-61,Natural Language Processing,Named Entity Recognition,moderate,2003,417,43,9,55,4,61,9,317,Rust,None,TensorFlow,AGPL-3.0,2022-07-17,2023-07-16,364,False,10816,445,1,234.9,1058,False,True,False,False,False,False,False,False,False,False,Poor,0.987,cargo,N/A,Multi-GPU,Azure,24.2
R00952,search-forge,startup-27,Computer Vision,Image Classification,new,31,8,1,5,51,2,52,1,20,Rust,None,ONNX,LGPL-3.0,2018-01-20,2018-12-01,315,False,308,13,1,260.1,321,False,False,False,False,False,False,True,False,True,False,Poor,0.0,pip+conda,N/A,CPU,Multi-cloud,10.0
R00953,ILIDG,indie-dev-21,Generative AI,VAEs,new,29,6,1,10,99,3,67,2,22,Python,Rust,MLX,Unlicense,2017-08-15,2018-10-03,414,False,133,13,7,68.1,612,False,True,False,False,False,False,False,False,False,False,Average,0.395,pip,3.10+,CUDA GPU,Together AI,24.6
R00954,FWDOP,research-lab-26,MLOps & Infrastructure,Model Monitoring,niche,372,45,3,7,89,0,0,1,40,Python,Go,PyTorch,GPL-3.0,2023-07-12,2023-11-14,125,False,625,32,0,488.6,226,True,True,True,False,True,False,False,False,False,False,Excellent,0.81,docker-only,3.9+,CUDA GPU,GCP,30.1
R00955,ZXHZZ,research-lab-32,Natural Language Processing,Tokenization,moderate,1240,232,25,6,73,2,38,3,39,TypeScript,Python|Rust,MLX,MIT,2017-10-03,2019-11-29,787,False,2064,130,9,377.2,163,False,True,True,False,False,False,False,False,True,False,Good,0.275,source-only,N/A,CPU+GPU,AWS,28.8
R00956,ONLW,research-lab-31,Computer Vision,Image Segmentation,niche,471,141,29,5,34,0,0,3,24,Python,Kotlin|Julia,PyTorch,Unlicense,2023-04-02,2024-10-10,557,False,1936,115,6,277.2,277,True,True,False,False,False,True,False,True,True,False,Good,0.745,pip,3.8+,Apple Silicon,Together AI,34.5
R00957,prompt-x,research-lab-24,Computer Vision,Object Detection,new,33,3,1,12,38,2,39,1,35,Rust,Scala|TypeScript|Python,ONNX,MIT,2017-03-28,2020-11-20,1333,False,433,50,22,241.0,2008,True,False,False,False,False,False,False,False,True,False,Excellent,0.409,conda,N/A,Apple Silicon,GCP,32.8
R00958,TVA,startup-20,Graph & Geometric ML,Knowledge Graphs,niche,159,53,2,1,9,1,5,1,18,Python,None,PyTorch,MIT,2023-11-27,2024-11-03,342,False,101,12,1,201.3,54,True,True,False,True,True,False,False,False,True,False,Good,0.597,pip+conda,3.8+,Apple Silicon,Replicate,40.2
R00959,XBQN,mosaicml,Audio & Speech,Music Generation,niche,381,63,23,3,12,1,12,3,74,C++,TypeScript|C|Java,PyTorch,Apache-2.0,2018-03-10,2021-01-23,1050,False,191,13,11,300.5,34,True,False,True,False,True,False,False,False,False,False,Good,0.776,brew,N/A,Apple Silicon,AWS,27.3
R00960,diff-flow,indie-dev-12,Graph & Geometric ML,Molecular ML,moderate,2087,571,38,8,53,7,91,1,10,Python,Kotlin|Java,PyTorch,Apache-2.0,2018-08-31,2021-02-04,888,False,3897,312,14,86.9,786,False,True,True,False,False,False,True,False,False,False,Missing,0.983,pip+conda,3.12+,Multi-GPU,Replicate,33.5
R00961,NOSR,indie-dev-6,Graph & Geometric ML,Geometric Deep Learning,niche,216,68,10,2,25,2,31,1,26,Python,Mojo|R|Rust,Flax,LGPL-3.0,2020-02-15,2020-05-22,97,False,1156,100,0,211.6,4114,True,True,False,False,False,True,False,True,False,False,Missing,0.952,source-only,3.8+,TPU,Replicate,29.8
R00962,vectorflow,indie-dev-23,Data Engineering,Dataset Management,niche,500,133,22,5,36,0,0,13,324,Python,Kotlin|Rust|R,PyTorch,Apache-2.0,2015-01-01,2022-05-27,2703,False,1633,200,37,72.0,216,True,False,False,True,False,False,False,False,False,False,Average,0.85,source-only,3.10+,CPU,AWS,46.1
R00963,omni-eval-flow,indie-dev-64,Graph & Geometric ML,Knowledge Graphs,niche,174,55,4,1,2,0,0,1,10,Python,None,MLX,CC-BY-4.0,2018-11-06,2022-06-01,1303,False,1410,64,47,233.4,218,False,True,False,False,False,False,False,True,False,False,Good,0.99,source-only,3.9+,CPU+GPU,Modal,32.1
R00964,flowops,startup-22,Reinforcement Learning,Policy Optimization,niche,220,18,14,1,7,0,0,2,64,Python,None,JAX,MIT,2015-10-20,2022-12-09,2607,False,1288,127,11,124.7,762,True,False,False,False,False,True,False,True,False,True,Average,0.543,brew,3.9+,CPU+GPU,Together AI,27.6
R00965,TKCZ,huggingface,Graph & Geometric ML,Knowledge Graphs,moderate,2250,331,23,15,123,7,203,4,102,C++,TypeScript|Lua,TensorFlow,Apache-2.0,2023-07-07,2024-06-02,331,False,15167,1755,3,104.8,79,True,True,False,True,False,True,False,True,True,False,Good,0.901,docker-only,N/A,AMD ROCm,Replicate,46.1
R00966,MXXWH,indie-dev-77,MLOps & Infrastructure,Model Serving,niche,210,40,13,1,14,1,14,1,10,R,Kotlin|Scala,TensorFlow,Apache-2.0,2015-10-22,2023-06-13,2791,False,224,32,57,207.5,1341,False,False,False,True,True,False,False,True,False,False,Average,0.825,pip+conda,N/A,CUDA GPU,Multi-cloud,34.9
R00967,guardbox,databricks,Audio & Speech,Speaker Diarization,moderate,2735,538,48,13,64,4,27,3,40,Swift,Kotlin|Mojo|Go,None/Custom,Proprietary,2020-09-17,2024-03-27,1287,False,8711,570,54,254.1,1034,False,False,False,False,False,False,False,True,False,False,Average,0.69,docker-only,N/A,CPU+GPU,AWS,29.1
R00968,merge-ops,research-lab-2,AI Safety & Interpretability,Red Teaming,moderate,1712,99,135,2,19,2,31,11,146,Python,None,PyTorch,LGPL-3.0,2020-04-30,2021-12-27,606,False,5449,583,5,243.4,371,True,True,False,False,True,True,False,False,True,False,Excellent,0.726,pip,3.8+,AMD ROCm,AWS,37.3
R00969,XBZN,indie-dev-31,Audio & Speech,Audio Classification,moderate,1107,195,87,9,79,1,28,6,43,Python,None,None/Custom,Apache-2.0,2023-02-21,2024-08-22,548,False,1751,112,4,155.1,261,False,False,False,False,False,False,False,True,False,False,Good,0.624,pip,3.8+,CPU,None,14.8
R00970,bertcraft,ggerganov,Computer Vision,Image Segmentation,niche,294,68,11,2,14,0,0,4,41,Go,Java|Kotlin|Rust,PyTorch,BSD-3-Clause,2023-04-02,2024-01-08,281,False,852,114,1,158.6,848,False,False,False,False,False,True,True,False,False,False,Good,0.856,pip+conda,N/A,Apple Silicon,Replicate,10.5
R00971,nano-doc,indie-dev-48,AI Safety & Interpretability,Red Teaming,niche,299,28,21,6,84,1,28,1,10,C++,None,JAX,BSD-3-Clause,2016-01-16,2021-11-06,2121,False,56,17,17,473.0,9334,False,False,False,False,False,False,False,True,False,False,Average,0.777,pip+conda,N/A,Apple Silicon,Hugging Face,22.8
R00972,LAQUT,startup-3,Computer Vision,OCR,popular,8299,1932,479,101,385,14,210,196,3039,Python,TypeScript|Scala|Lua,PyTorch,Apache-2.0,2016-11-03,2024-10-14,2902,False,27078,2809,50,113.2,544,True,True,True,True,True,False,True,True,True,False,Good,1.0,pip+conda,3.12+,CPU,Replicate,79.5
R00973,nano-quant,startup-42,Reinforcement Learning,Environments & Simulators,niche,188,32,12,2,26,4,70,1,10,Rust,Lua|Mojo,JAX,MIT,2017-09-24,2020-03-15,903,False,742,74,2,117.9,717,True,False,False,True,False,True,True,False,False,False,Poor,0.385,brew,N/A,CUDA GPU,Multi-cloud,31.3
R00974,deep-rl-spark,indie-dev-19,Data Engineering,Data Cleaning,niche,291,54,17,8,105,0,0,1,14,Python,Go,MLX,MIT,2024-09-21,2025-07-02,284,False,2829,184,3,198.7,203,False,True,False,True,False,False,False,True,False,False,Missing,0.527,source-only,3.12+,AMD ROCm,Azure,32.2
R00975,simple-gen,indie-dev-27,Graph & Geometric ML,Point Cloud Processing,moderate,1830,443,97,19,218,8,219,9,80,Go,C|Julia|Lua,MLX,AGPL-3.0,2024-10-31,2025-10-14,348,True,15658,1875,4,24.5,442,True,True,False,False,False,False,False,False,True,False,Average,0.574,cargo,N/A,CUDA GPU,Together AI,51.8
R00976,data-craft,indie-dev-76,MLOps & Infrastructure,Pipeline Orchestration,new,26,5,0,2,12,4,46,1,17,Kotlin,None,None/Custom,Custom,2023-07-19,2025-03-25,615,False,46,34,22,246.2,2626,True,True,False,True,False,False,False,False,True,False,Good,0.231,cargo,N/A,TPU,AWS,53.7
R00977,DFCQK,ollama,Large Language Models,Alignment & RLHF,moderate,1355,132,87,20,70,3,39,11,97,Zig,Rust|TypeScript,PyTorch,Apache-2.0,2018-04-24,2019-05-30,401,False,7173,732,2,169.7,470,False,True,False,False,False,True,True,True,True,False,Excellent,0.686,conda,N/A,Multi-GPU,AWS,23.1
R00978,NLTRJ,indie-dev-56,Audio & Speech,Music Generation,popular,3230,592,42,19,129,4,62,8,260,Python,None,PyTorch,CC-BY-4.0,2019-07-25,2024-06-28,1800,False,39961,3554,15,175.9,15,True,True,False,True,True,False,False,False,True,False,Good,0.503,conda,3.8+,Multi-GPU,AWS,57.2
R00979,dataops,research-lab-17,Data Engineering,Dataset Management,niche,500,156,31,4,41,0,0,4,10,Python,None,Keras,BSD-3-Clause,2016-01-18,2016-04-27,100,False,184,6,1,325.4,622,False,True,False,True,False,False,True,False,False,False,Excellent,0.451,source-only,3.11+,CPU+GPU,Replicate,31.3
R00980,prompt-wave,bigscience-workshop,Graph & Geometric ML,Molecular ML,moderate,1220,425,38,4,51,3,19,17,323,Python,Zig|Lua|C++,None/Custom,MIT,2015-05-05,2021-05-10,2197,False,1489,206,17,38.4,176,False,True,False,False,False,False,False,False,False,False,Average,0.772,pip,3.9+,CUDA GPU,AWS,36.2
R00981,chatbox,indie-dev-66,Audio & Speech,Voice Cloning,niche,494,109,5,10,35,2,44,26,717,Python,C++|TypeScript,ONNX,MIT,2023-03-30,2023-09-07,161,False,9234,202,2,82.2,3224,True,False,False,True,False,False,False,True,False,False,Poor,0.726,pip+conda,3.8+,TPU,AWS,32.9
R00982,rapid-bert-lib,meta-llama,Large Language Models,Prompt Engineering,niche,301,102,6,5,60,0,0,1,19,Julia,None,PyTorch,Proprietary,2019-09-11,2023-10-18,1498,False,328,19,11,180.9,684,True,False,False,True,False,True,True,False,False,False,Good,0.67,docker-only,N/A,Multi-GPU,Multi-cloud,38.2
R00983,auto-prompt,startup-35,Audio & Speech,Speaker Diarization,niche,309,25,11,8,117,1,26,2,23,Go,Swift|C|Zig,TinyGrad,Apache-2.0,2018-12-22,2023-11-23,1797,False,481,40,8,105.2,106,False,True,False,False,False,False,True,True,False,False,Excellent,0.544,pip,N/A,CUDA GPU,GCP,26.2
R00984,omni-pipe,google-deepmind,Generative AI,3D Generation,moderate,2442,347,56,39,549,4,74,14,283,Go,Rust|Zig,JAX,MIT,2018-02-18,2023-08-15,2004,False,5933,569,16,580.7,451,False,True,True,False,False,False,False,False,True,False,Good,0.52,docker-only,N/A,Multi-GPU,None,37.6
R00985,swift-model,startup-27,Reinforcement Learning,Environments & Simulators,niche,500,92,16,1,2,1,13,1,10,Python,Swift|TypeScript,JAX,GPL-3.0,2021-04-26,2025-07-01,1527,False,2354,38,9,143.2,172,False,False,False,True,True,False,False,True,False,False,Poor,0.874,pip+conda,3.12+,Apple Silicon,Together AI,24.5
R00986,embedops,startup-48,Large Language Models,Multimodal Models,niche,186,27,11,2,8,5,105,1,10,C,Mojo,MLX,Apache-2.0,2016-11-14,2021-01-27,1535,False,331,30,12,289.3,167,True,True,True,False,False,True,False,True,False,False,Good,0.904,docker-only,N/A,Multi-GPU,Replicate,37.5
R00987,evalpulse,microsoft,AI Safety & Interpretability,Guardrails,niche,235,70,7,1,9,1,15,2,40,Python,None,PyTorch,Custom,2021-11-06,2024-03-02,847,False,385,37,5,142.1,162,False,False,False,False,True,False,False,True,False,False,Average,0.708,npm,3.10+,Multi-GPU,Together AI,13.4
R00988,IRWO,research-lab-35,Reinforcement Learning,Game AI,niche,401,107,29,1,12,1,29,1,11,C++,None,TensorFlow,CC-BY-4.0,2015-09-21,2023-09-19,2920,False,284,30,17,151.7,166,False,True,False,True,False,True,False,False,True,False,Average,0.703,source-only,N/A,Apple Silicon,GCP,42.9
R00989,poly-bench-js,indie-dev-43,Computer Vision,Medical Imaging,niche,252,21,10,3,15,0,0,2,37,Python,None,MLX,MIT,2019-12-10,2024-10-22,1778,False,285,31,13,153.9,269,False,True,False,True,False,True,False,True,False,False,Good,0.926,npm,3.9+,Multi-GPU,None,38.8
R00990,poly-rl-py40,indie-dev-62,Graph & Geometric ML,Knowledge Graphs,moderate,1053,110,11,28,316,1,26,1,10,Rust,Zig|Julia|Kotlin,ONNX,MIT,2019-04-12,2023-12-17,1710,False,2610,155,34,73.3,300,True,False,False,True,True,False,False,False,True,False,Poor,0.609,cargo,N/A,TPU,Hugging Face,46.4
R00991,MXPD,indie-dev-6,Audio & Speech,Music Generation,popular,15000,5234,729,241,1003,31,381,40,1603,Java,C++|Kotlin|Python,ONNX,Apache-2.0,2018-01-21,2022-10-24,1737,False,66990,1251,16,132.6,277,True,True,False,True,False,False,True,True,True,False,Poor,0.337,conda,N/A,Apple Silicon,GCP,74.1
R00992,EWQLN,research-lab-20,AI Safety & Interpretability,Watermarking,popular,10502,3541,805,37,200,26,449,113,974,Go,C++,CUDA,LGPL-3.0,2022-08-28,2023-08-07,344,False,5918,728,13,121.6,367,False,False,False,True,False,False,False,False,False,False,Poor,0.742,npm,N/A,AMD ROCm,GCP,58.2
R00993,prompt-lib,unsloth-ai,Data Engineering,Synthetic Data,moderate,1014,210,65,12,121,2,17,2,62,Python,None,PyTorch,BSD-3-Clause,2021-10-23,2023-12-21,789,False,1533,202,2,196.3,758,True,False,False,True,False,False,False,False,False,False,Average,0.697,brew,3.11+,CPU,Hugging Face,32.8
R00994,deep-infer-craft,mlflow,Reinforcement Learning,Multi-Agent Systems,new,19,1,0,5,37,2,38,1,22,Python,Scala|C,PyTorch,AGPL-3.0,2023-11-25,2024-11-03,344,False,16,48,3,156.5,385,True,False,False,False,False,False,False,False,False,True,Excellent,0.389,docker-only,3.10+,Apple Silicon,Multi-cloud,21.2
R00995,mini-bench-box,indie-dev-66,AI Safety & Interpretability,Watermarking,new,15,1,1,13,88,4,98,4,93,Python,Mojo,JAX,AGPL-3.0,2016-02-22,2019-12-30,1407,False,129,14,78,143.7,1076,False,True,False,False,False,False,False,True,False,True,Excellent,0.625,conda,3.8+,CPU,Hugging Face,34.1
R00996,easy-safe-rs,indie-dev-7,Reinforcement Learning,Policy Optimization,niche,434,147,31,10,71,2,25,1,35,Python,None,PyTorch,Apache-2.0,2017-09-11,2025-03-19,2746,False,5788,404,51,65.7,192,True,True,False,False,False,True,False,True,False,False,Good,0.607,source-only,3.12+,TPU,Hugging Face,44.7
R00997,graphwave,indie-dev-0,Audio & Speech,Text-to-Speech,moderate,1788,564,112,4,36,2,49,12,161,Python,None,PyTorch,MIT,2024-08-26,2024-12-08,104,False,3885,272,0,293.8,622,False,False,False,False,False,False,False,True,False,False,Good,0.763,docker-only,3.12+,CUDA GPU,GCP,13.8
R00998,eval-lib,startup-9,MLOps & Infrastructure,Data Versioning,moderate,3000,635,68,13,148,5,48,45,570,TypeScript,None,TensorFlow,Apache-2.0,2023-04-03,2025-03-03,700,False,7761,570,10,395.0,1263,True,True,False,False,False,False,False,False,False,False,Poor,0.978,cargo,N/A,CPU+GPU,None,47.2
R00999,rapid-vector,indie-dev-27,Audio & Speech,Voice Cloning,niche,315,87,19,1,8,2,45,3,62,C++,Java|Lua,None/Custom,MIT,2015-06-20,2021-05-11,2152,False,652,37,25,228.2,1181,True,True,False,True,True,False,False,False,True,True,Average,0.798,brew,N/A,TPU,None,54.8
R01000,PRN,indie-dev-75,Graph & Geometric ML,Knowledge Graphs,new,16,4,0,3,26,3,81,1,12,Swift,Zig|Julia|Scala,Keras,MIT,2018-07-04,2022-02-08,1315,False,30,35,5,153.5,401,False,False,False,False,False,False,False,False,True,False,Average,0.638,pip+conda,N/A,Multi-GPU,AWS,12.8
R01001,visioncore,indie-dev-76,Large Language Models,Inference Engines,niche,315,88,21,8,42,1,25,1,45,Python,Go,Keras,Unlicense,2021-01-14,2022-04-28,469,False,899,97,8,230.9,2184,False,False,True,True,False,False,False,False,True,False,Good,0.873,source-only,3.9+,CPU+GPU,Modal,25.1
R01002,OYCW,nvidia,Reinforcement Learning,Policy Optimization,niche,289,19,19,4,44,1,8,2,39,TypeScript,None,ONNX,BSD-3-Clause,2017-03-13,2025-03-02,2911,False,1832,127,14,197.3,40,False,False,True,True,False,False,False,True,False,False,Missing,0.946,npm,N/A,Apple Silicon,Replicate,30.4
R01003,merge-craft,startup-19,Reinforcement Learning,Reward Modeling,moderate,2147,537,119,14,151,3,39,14,402,Python,Kotlin|Mojo|Scala,PyTorch,Unlicense,2023-12-21,2024-03-29,99,False,45999,6331,0,141.1,2318,False,False,False,True,False,False,False,True,False,False,Average,0.512,npm,3.12+,CPU+GPU,Hugging Face,24.8
R01004,MYYK,research-lab-21,AI Safety & Interpretability,Adversarial Robustness,moderate,1378,114,107,21,187,0,0,3,50,Python,TypeScript,TensorFlow,Unlicense,2022-01-20,2023-08-31,588,False,1422,22,15,189.1,88,True,False,True,True,False,False,False,False,True,False,Poor,0.67,pip,3.12+,CUDA GPU,Hugging Face,43.3
R01005,vision-py,research-lab-24,Generative AI,Creative AI,niche,208,20,9,1,13,0,0,1,16,C++,Kotlin|C|Julia,None/Custom,Apache-2.0,2021-01-20,2021-09-12,235,False,793,115,3,186.0,2643,False,False,False,True,False,False,False,True,False,False,Good,0.552,conda,N/A,CPU,GCP,22.1
R01006,guard-lib,indie-dev-39,Generative AI,GANs,niche,227,79,9,0,0,0,0,1,43,Python,Julia|Swift,MLX,MIT,2015-02-16,2017-05-27,831,False,1173,156,11,201.3,381,False,False,False,False,True,False,False,True,False,False,Good,0.527,conda,3.11+,Multi-GPU,Replicate,8.8
R01007,data-base,indie-dev-12,Large Language Models,Foundation Models,niche,179,25,2,3,31,4,93,3,27,Python,C++|C,TensorFlow,GPL-3.0,2021-02-12,2024-02-19,1102,False,123,16,10,91.5,220,True,False,False,True,False,True,False,False,False,True,Average,0.446,source-only,3.8+,TPU,Multi-cloud,37.3
R01008,AMZIZ,research-lab-4,Graph & Geometric ML,Graph Neural Networks,niche,360,97,24,7,54,1,10,4,90,TypeScript,None,PyTorch,MIT,2023-01-25,2025-02-19,756,False,1460,74,9,213.3,193,False,False,False,False,False,True,True,False,False,True,Good,0.504,npm,N/A,AMD ROCm,Replicate,16.7
R01009,llmcore,alibaba,Reinforcement Learning,Robotics Control,niche,377,31,4,1,3,2,21,1,10,Python,Lua|TypeScript,None/Custom,Apache-2.0,2018-09-22,2021-07-28,1040,False,368,16,38,377.3,1232,True,False,True,True,False,False,True,False,False,False,Average,0.838,cargo,3.12+,CUDA GPU,Multi-cloud,43.4
R01010,rapid-net-stack,research-lab-34,Reinforcement Learning,Robotics Control,niche,405,95,32,1,11,2,24,1,23,Python,Zig,PyTorch,MIT,2024-05-30,2024-09-21,114,False,1568,56,0,176.9,132,True,False,False,True,False,True,True,True,True,True,Poor,0.9,cargo,3.9+,CPU,Multi-cloud,30.1
R01011,swift-embed,research-lab-22,Audio & Speech,Voice Cloning,niche,189,47,12,2,16,3,70,3,38,Rust,Java,Keras,LGPL-3.0,2021-07-15,2025-07-30,1476,True,1140,47,20,41.1,107,True,True,False,False,False,False,False,False,False,False,Good,0.592,docker-only,N/A,CUDA GPU,Replicate,59.6
R01012,lite-text,indie-dev-78,Data Engineering,Synthetic Data,popular,14189,3760,439,255,1698,12,66,58,754,TypeScript,None,JAX,MIT,2024-01-28,2024-10-21,267,False,31991,3274,3,127.6,169,True,True,True,True,False,False,True,False,False,True,Good,0.681,source-only,N/A,Apple Silicon,Modal,66.7
R01013,text-pulse,ray-project,AI Safety & Interpretability,Fairness & Bias,moderate,1524,106,86,31,185,2,30,20,275,Python,Lua|Mojo,None/Custom,Apache-2.0,2017-07-21,2020-03-01,954,False,2794,395,25,149.6,670,False,True,False,False,False,False,False,True,False,True,Good,0.749,cargo,3.11+,CPU+GPU,GCP,38.6
R01014,LMA,deepseek-ai,Audio & Speech,Music Generation,popular,15000,3642,313,242,2596,50,436,317,2319,Python,None,JAX,Proprietary,2020-06-04,2020-10-17,135,False,31397,3476,1,158.1,175,True,True,True,True,False,True,True,False,False,False,Poor,0.745,source-only,3.10+,Apple Silicon,Replicate,69.9
R01015,easy-infer-stack,lm-sys,Graph & Geometric ML,Molecular ML,popular,14154,4844,962,339,3584,26,168,12,110,C++,Java|Julia|R,PyTorch,MIT,2016-11-12,2021-04-16,1616,False,88697,3215,19,326.5,429,True,True,False,True,False,False,True,True,False,False,Good,0.993,pip+conda,N/A,CPU+GPU,GCP,74.6
R01016,genbase5,startup-46,Graph & Geometric ML,Molecular ML,niche,188,50,8,1,4,3,85,1,10,Rust,Go|Scala|Zig,MLX,Apache-2.0,2019-12-11,2025-02-20,1898,False,1762,214,28,109.4,1264,True,True,False,False,False,False,True,False,True,False,Good,0.562,conda,N/A,Apple Silicon,Azure,43.5
R01017,NFFVZ,indie-dev-78,Natural Language Processing,Tokenization,niche,200,28,10,3,25,2,28,1,28,Python,Zig|Go|Rust,None/Custom,MIT,2022-04-29,2023-05-07,373,False,82,37,3,92.0,109,False,True,False,False,False,False,False,False,False,False,Good,1.0,pip+conda,3.8+,CUDA GPU,Hugging Face,21.7
R01018,pipe-forge,startup-45,AI Safety & Interpretability,Guardrails,niche,388,113,24,6,86,1,11,4,60,TypeScript,C++,JAX,MIT,2019-05-24,2023-02-05,1353,False,1995,235,8,143.0,768,False,True,False,False,False,False,False,True,False,False,Good,0.537,conda,N/A,CPU,Together AI,26.5
R01019,micro-serve,indie-dev-19,Audio & Speech,Music Generation,popular,9049,485,489,46,655,14,182,24,303,Go,Kotlin|Zig,CUDA,Custom,2016-08-09,2022-08-16,2198,False,70142,7062,42,133.2,2671,True,True,True,False,False,False,False,True,False,False,Excellent,0.982,npm,N/A,Multi-GPU,Azure,64.8
R01020,mini-audio,wandb,AI Safety & Interpretability,Explainability,niche,403,27,10,10,88,0,0,2,41,Rust,None,TinyGrad,Proprietary,2021-12-20,2023-11-17,697,False,2972,98,4,265.5,438,False,False,False,False,False,False,False,False,True,False,Excellent,0.475,npm,N/A,CPU+GPU,None,13.0
R01021,ZNFS,research-lab-30,Computer Vision,Image Classification,moderate,3000,894,32,30,81,6,37,19,644,Python,Go,PyTorch,MIT,2021-06-23,2023-10-04,833,False,29374,2307,8,77.6,572,False,True,True,True,False,True,False,True,True,False,Excellent,0.799,conda,3.8+,CUDA GPU,Modal,41.2
R01022,nano-token-cpp,indie-dev-10,Computer Vision,3D Vision,new,34,7,0,4,19,5,74,3,75,Java,Kotlin|Mojo,PyTorch,Apache-2.0,2020-12-10,2023-10-26,1050,False,18,41,6,324.4,338,False,False,False,False,False,False,False,False,True,False,Excellent,0.764,source-only,N/A,AMD ROCm,None,13.1
R01023,GAS,indie-dev-66,Audio & Speech,Voice Cloning,niche,144,40,5,1,7,5,49,1,10,Rust,R|Python|Kotlin,PyTorch,MIT,2016-08-03,2019-05-04,1004,False,180,13,5,186.1,278,True,True,False,True,False,True,False,False,False,True,Average,0.747,conda,N/A,CPU,Hugging Face,42.9
R01024,uni-data,indie-dev-67,Graph & Geometric ML,Molecular ML,new,20,4,0,4,49,0,0,1,10,Rust,TypeScript|Python|C++,Keras,MIT,2021-10-31,2024-08-15,1019,False,59,46,6,142.3,707,False,True,True,True,False,False,False,False,False,False,Average,0.763,npm,N/A,AMD ROCm,GCP,33.9
R01025,rapid-token-forge,indie-dev-49,Computer Vision,Image Segmentation,popular,5275,1082,364,14,192,24,277,15,72,Go,None,PyTorch,GPL-3.0,2024-06-12,2024-10-28,138,False,106854,10159,3,65.6,670,False,True,True,True,True,False,True,False,True,False,Average,0.965,cargo,N/A,TPU,Replicate,43.6
R01026,prompt-kit,scikit-learn,Audio & Speech,Voice Cloning,niche,218,61,9,2,17,1,14,1,56,Python,R|Scala,Triton,Proprietary,2020-10-19,2023-12-10,1147,False,296,33,5,397.2,693,False,False,True,False,False,False,False,False,True,False,Good,0.949,docker-only,3.10+,Multi-GPU,Modal,13.2
R01027,FTML,indie-dev-26,AI Safety & Interpretability,Explainability,niche,256,54,10,5,56,0,0,1,11,Python,R|Rust|TypeScript,ONNX,GPL-3.0,2019-07-22,2023-01-31,1289,False,446,8,4,132.9,446,False,True,False,False,False,True,False,False,False,False,Average,0.755,pip,3.10+,AMD ROCm,GCP,22.8
R01028,merge-flow17,indie-dev-43,Reinforcement Learning,Robotics Control,new,19,3,1,4,45,2,35,1,10,Python,Go,TensorFlow,GPL-3.0,2019-04-14,2020-11-30,596,False,33,3,3,281.0,9105,False,True,False,False,False,True,True,True,False,True,Average,0.494,npm,3.11+,CPU+GPU,Azure,21.6
R01029,docx,startup-41,Reinforcement Learning,Environments & Simulators,moderate,1488,269,103,34,284,3,66,35,531,Rust,None,Flax,GPL-3.0,2018-09-06,2023-06-26,1754,False,1770,249,40,229.2,353,False,True,False,True,False,False,False,True,False,False,Average,0.588,cargo,N/A,Multi-GPU,Hugging Face,50.4
R01030,VNWP,indie-dev-30,AI Safety & Interpretability,Explainability,moderate,2000,554,111,20,125,4,36,15,109,Python,Zig|TypeScript,None/Custom,Apache-2.0,2017-10-17,2024-07-19,2467,False,3055,330,85,137.5,307,False,True,True,False,True,False,False,False,False,False,Poor,0.6,docker-only,3.8+,TPU,None,39.1
R01031,guard-stack,startup-35,AI Safety & Interpretability,Fairness & Bias,moderate,1343,401,84,7,74,1,8,8,171,Python,Lua,TinyGrad,MIT,2023-04-09,2025-04-30,752,False,7312,315,6,306.6,698,True,True,False,True,False,True,False,False,False,False,Average,0.743,docker-only,3.9+,AMD ROCm,Multi-cloud,47.1
R01032,SAIK,startup-41,MLOps & Infrastructure,GPU Management,popular,6213,1329,106,136,1390,10,282,11,72,Python,Lua|Go|Java,TensorFlow,MIT,2017-01-20,2024-11-10,2851,False,26769,2256,85,78.6,938,True,True,False,True,False,False,True,False,False,False,Good,0.924,docker-only,3.11+,CUDA GPU,GCP,67.6
R01033,infer-js,nvidia,AI Safety & Interpretability,Adversarial Robustness,niche,251,29,13,10,83,0,0,2,16,Python,TypeScript|Rust,PyTorch,Apache-2.0,2022-02-07,2025-05-19,1197,False,564,63,18,148.3,1430,True,True,True,True,True,True,True,False,False,False,Average,0.869,docker-only,3.8+,TPU,AWS,53.1
R01034,super-infer-pulse,indie-dev-40,Reinforcement Learning,Multi-Agent Systems,moderate,3000,583,203,35,435,1,25,29,510,Python,None,TensorFlow,Apache-2.0,2018-06-05,2019-04-22,321,False,7083,556,1,172.1,837,True,True,False,False,False,False,True,True,True,False,Missing,0.599,source-only,3.8+,Apple Silicon,Multi-cloud,38.9
R01035,pro-agent-x,intel-analytics,Graph & Geometric ML,Molecular ML,moderate,2301,545,158,62,898,6,48,19,395,Julia,Rust|Kotlin,TensorFlow,MIT,2018-09-26,2024-05-23,2066,False,614,52,21,300.5,518,False,False,True,True,False,False,False,False,True,False,Average,0.494,source-only,N/A,CPU+GPU,Replicate,40.9
R01036,search-kit,indie-dev-57,Natural Language Processing,Text Generation,new,26,7,0,10,31,0,0,1,23,Python,C|R|Kotlin,JAX,Apache-2.0,2019-11-21,2020-10-15,329,False,337,8,4,118.7,37,False,False,False,True,True,True,False,True,False,True,Average,0.402,pip,3.8+,CPU,GCP,20.7
R01037,poly-eval-hub,research-lab-13,Natural Language Processing,Named Entity Recognition,niche,414,84,17,3,18,1,13,5,138,Go,Rust|C|Scala,PyTorch,MIT,2016-09-01,2022-03-12,2018,False,522,67,12,307.9,431,False,True,True,False,False,True,False,False,False,False,Average,0.646,source-only,N/A,Multi-GPU,Replicate,28.9
R01038,LUB,indie-dev-25,Graph & Geometric ML,Molecular ML,moderate,2935,762,228,103,228,6,168,12,215,Python,TypeScript|C,PyTorch,Apache-2.0,2019-06-28,2025-10-15,2301,True,7599,925,10,24.4,1113,True,True,False,False,False,True,False,False,False,False,Good,0.747,docker-only,3.11+,Apple Silicon,AWS,56.5
R01039,distillrs,axolotl-ai,Natural Language Processing,RAG Frameworks,niche,262,34,19,0,0,1,6,2,31,Python,Zig|Scala|Mojo,ONNX,GPL-3.0,2015-07-23,2024-04-04,3178,False,405,35,27,116.6,213,True,True,False,False,False,False,True,True,True,True,Good,0.823,pip+conda,3.12+,AMD ROCm,Modal,35.7
R01040,deep-gen-forge,fastai,AI Safety & Interpretability,Explainability,moderate,2237,554,25,7,44,5,103,3,35,Python,Scala|Zig|Java,Keras,MIT,2019-10-07,2023-04-05,1276,False,9276,531,18,253.8,2547,True,False,True,True,False,False,False,True,False,True,Average,0.788,source-only,3.11+,Apple Silicon,Multi-cloud,46.9
R01041,merge-base,microsoft,AI Safety & Interpretability,Fairness & Bias,niche,134,36,3,2,25,0,0,1,22,Python,None,TensorFlow,GPL-3.0,2022-08-05,2023-10-18,439,False,669,67,4,197.3,654,True,True,False,False,False,True,True,True,True,False,Missing,0.928,source-only,3.10+,Apple Silicon,AWS,32.6
R01042,lite-code,indie-dev-69,Graph & Geometric ML,Graph Neural Networks,niche,332,112,5,3,38,1,15,6,139,Python,Mojo|Go|Scala,Keras,Apache-2.0,2023-05-07,2025-06-12,767,False,211,26,11,131.6,573,True,True,False,True,True,False,False,False,True,False,Average,0.695,pip,3.8+,CPU,GCP,48.8
R01043,mini-search-lib,research-lab-18,Graph & Geometric ML,Point Cloud Processing,niche,264,19,7,1,13,0,0,1,11,Python,None,PyTorch,Apache-2.0,2017-07-14,2017-10-24,102,False,3543,446,1,258.3,1412,False,False,False,False,False,False,False,False,True,True,Average,0.733,npm,3.9+,TPU,Hugging Face,10.7
R01044,guard-forge,openai,Data Engineering,Data Labeling,moderate,2594,814,124,102,1357,7,170,20,277,Python,Rust|Java,TensorFlow,Apache-2.0,2016-11-10,2018-05-15,551,False,8272,876,5,169.4,131,False,False,True,True,False,False,False,False,True,False,Average,0.915,pip,3.12+,CPU+GPU,Hugging Face,30.2
R01045,gptbox15,research-lab-8,Large Language Models,Quantization,moderate,1415,485,45,8,31,3,70,1,10,Python,Swift|R,ONNX,GPL-3.0,2016-06-04,2021-12-23,2028,False,2391,289,20,119.6,175,True,True,True,True,False,True,False,False,False,False,Good,0.638,docker-only,3.9+,CUDA GPU,Together AI,55.9
R01046,GXCH60,keras-team,MLOps & Infrastructure,Hyperparameter Tuning,new,27,8,0,1,6,1,25,4,28,C,None,Flax,Proprietary,2018-05-14,2022-07-25,1533,False,32,2,17,324.5,526,False,True,False,False,True,False,True,False,False,False,Good,0.445,docker-only,N/A,CPU,Modal,31.8
R01047,dyna-prune,startup-32,Graph & Geometric ML,Graph Neural Networks,niche,217,43,10,4,13,2,33,2,14,Rust,None,PyTorch,Apache-2.0,2016-02-22,2025-05-11,3366,False,566,78,30,55.2,492,False,False,False,True,False,False,False,False,True,True,Excellent,0.912,conda,N/A,Apple Silicon,None,33.3
R01048,ultra-audio,intel-analytics,Generative AI,Diffusion Models,new,22,4,0,3,44,2,42,7,47,Python,None,TinyGrad,BSD-3-Clause,2024-08-14,2025-10-15,427,True,60,14,9,113.5,270,True,False,False,False,True,False,True,True,True,False,Average,0.541,brew,3.11+,CPU+GPU,GCP,41.9
R01049,multi-prune-core,tensorflow,Generative AI,GANs,niche,274,19,15,1,10,0,0,3,27,Python,None,TensorFlow,Proprietary,2015-03-31,2017-07-18,840,False,821,89,14,253.7,202,True,True,False,True,False,False,False,False,False,False,Good,0.795,docker-only,3.11+,CPU+GPU,None,50.4
R01050,STQOA,indie-dev-3,Graph & Geometric ML,Knowledge Graphs,popular,10046,1850,578,93,1377,28,179,43,388,C++,Julia|Rust|TypeScript,Keras,Apache-2.0,2021-10-28,2022-07-03,248,False,55480,4442,3,381.6,1084,True,True,True,True,True,False,True,False,False,False,Good,0.786,cargo,N/A,TPU,GCP,65.9
R01051,deep-bert,indie-dev-43,Generative AI,Code Generation,niche,247,72,9,3,13,0,0,1,27,Python,None,PyTorch,MIT,2022-03-22,2024-03-01,710,False,891,68,2,80.9,505,True,False,True,True,False,False,False,True,False,False,Average,0.891,docker-only,3.12+,CPU+GPU,Together AI,30.2
R01052,quick-audio-core,indie-dev-43,Natural Language Processing,Named Entity Recognition,moderate,2648,832,145,24,164,5,107,5,133,Python,Zig|Swift,PyTorch,MIT,2024-01-24,2024-06-11,139,False,19795,586,0,203.7,415,True,False,False,False,False,False,False,False,False,False,Good,0.698,conda,3.8+,CPU,Modal,24.5
R01053,swift-bench,indie-dev-11,Natural Language Processing,Text Generation,new,24,4,1,5,62,0,0,1,10,Python,Java|Scala,TensorFlow,MIT,2021-11-28,2022-02-14,78,False,80,14,2,153.5,304,True,False,False,False,False,False,False,False,True,False,Good,0.338,cargo,3.8+,Multi-GPU,Multi-cloud,20.9
R01054,mini-llm-ml,research-lab-37,Reinforcement Learning,Policy Optimization,moderate,2057,568,124,10,33,3,82,5,66,Rust,Java|Go,None/Custom,BSD-3-Clause,2023-12-09,2025-08-29,629,True,12230,714,3,26.7,1062,False,False,False,False,True,False,False,False,False,False,Good,0.577,brew,N/A,AMD ROCm,Azure,29.5
R01055,KVHT20,startup-27,AI Safety & Interpretability,Watermarking,viral,76263,25125,3724,389,4348,66,1263,321,6702,Python,C++|Go|Julia,JAX,AGPL-3.0,2019-05-09,2025-08-21,2296,True,84500,2977,70,63.8,32931,True,True,True,True,True,True,True,False,False,False,Good,0.672,conda,3.9+,AMD ROCm,GCP,99.2
R01056,flash-grad72,startup-44,Graph & Geometric ML,Knowledge Graphs,niche,235,40,7,1,3,1,27,1,14,Python,C|Lua|Scala,TensorFlow,MIT,2019-02-28,2022-03-11,1107,False,1994,270,8,204.6,459,True,False,False,True,True,False,False,True,False,False,Poor,0.665,pip+conda,3.12+,CPU,Replicate,34.1
R01057,LKE,indie-dev-24,Graph & Geometric ML,Graph Neural Networks,popular,5422,542,223,206,2921,6,46,19,82,C,Python,PyTorch,MIT,2015-04-08,2022-04-25,2574,False,79455,3190,17,171.2,697,False,True,True,True,True,False,True,True,False,False,Good,0.743,conda,N/A,Apple Silicon,Azure,54.8
R01058,dyna-net,research-lab-32,Natural Language Processing,Text Generation,niche,298,18,19,0,0,1,20,1,11,Python,None,PyTorch,LGPL-3.0,2023-04-19,2024-12-08,599,False,1213,169,8,114.5,127,False,True,False,True,False,False,False,False,False,False,Good,0.641,pip,3.8+,CUDA GPU,None,26.7
R01059,quick-model-base,indie-dev-2,AI Safety & Interpretability,Watermarking,moderate,770,120,9,1,9,1,14,3,48,Julia,None,Triton,BSD-3-Clause,2022-01-16,2024-06-09,875,False,1325,64,11,57.1,105,True,True,False,False,False,True,True,True,False,False,Missing,0.687,docker-only,N/A,CPU+GPU,GCP,39.1
R01060,bert-kit25,startup-15,Data Engineering,Synthetic Data,popular,9828,1219,772,91,1345,28,347,64,1950,Rust,None,TensorFlow,MIT,2016-04-21,2024-02-16,2857,False,58422,3677,13,88.3,1567,False,True,True,True,True,True,True,True,False,True,Average,0.501,npm,N/A,CUDA GPU,Hugging Face,65.2
R01061,rl-kit,apache,Data Engineering,Data Cleaning,popular,12233,3959,878,105,605,21,572,98,4492,Java,Go|Scala|Zig,JAX,LGPL-3.0,2016-12-17,2021-04-23,1588,False,226111,5750,10,184.9,142,True,True,True,True,False,False,False,True,False,False,Average,0.671,pip+conda,N/A,TPU,Together AI,75.8
R01062,dyna-model,startup-20,Computer Vision,OCR,moderate,1574,382,65,23,52,4,58,3,49,Python,Lua|C|Rust,PyTorch,Apache-2.0,2017-06-30,2020-01-20,934,False,7417,319,4,191.9,400,True,True,False,False,False,False,False,False,False,False,Good,0.779,pip,3.12+,TPU,Azure,33.4
R01063,swift-data-kit,indie-dev-39,Natural Language Processing,Question Answering,popular,3611,954,173,44,196,13,285,11,262,Python,Kotlin|Mojo|Lua,PyTorch,MIT,2017-08-22,2022-12-20,1946,False,1933,204,28,196.3,46,True,True,True,True,False,True,False,False,False,False,Average,0.849,cargo,3.12+,CPU+GPU,Hugging Face,61.5
R01064,gradforge,research-lab-4,Audio & Speech,Speech Recognition,popular,7716,1378,488,31,266,22,181,61,860,Python,C++|Mojo|Zig,TensorFlow,MIT,2022-03-20,2023-02-12,329,False,16451,1606,2,262.6,277,True,True,True,True,True,False,True,False,False,True,Good,0.722,npm,3.10+,AMD ROCm,Multi-cloud,62.0
R01065,LMH5,bigscience-workshop,Generative AI,Creative AI,niche,165,16,10,2,22,5,85,1,11,Python,None,PyTorch,Apache-2.0,2021-06-25,2022-06-30,370,False,74,10,4,95.3,7034,False,True,False,False,False,True,False,True,False,False,Poor,0.815,npm,3.10+,AMD ROCm,Azure,22.6
R01066,simple-train,research-lab-17,Natural Language Processing,Sentiment Analysis,new,41,7,1,9,59,1,26,1,10,Python,C++|Kotlin|R,None/Custom,Apache-2.0,2020-01-14,2020-05-15,122,False,108,1,1,146.0,2103,False,False,True,True,True,False,False,True,True,False,Excellent,0.639,pip,3.8+,Apple Silicon,Together AI,19.6
R01067,pro-doc,startup-1,Generative AI,VAEs,niche,221,40,16,2,14,1,19,1,10,Python,Rust|Mojo|Go,TensorFlow,Custom,2016-06-11,2017-12-20,557,False,609,60,9,271.4,106,True,True,True,False,False,True,False,False,False,False,Average,0.819,source-only,3.11+,CUDA GPU,Multi-cloud,36.0
R01068,NYS,stability-ai,Large Language Models,Agents & Tool Use,new,36,12,2,3,28,3,39,2,29,C++,Mojo|Zig,TensorFlow,Apache-2.0,2024-09-10,2025-08-16,340,True,32,35,5,35.2,1436,True,False,True,True,True,True,False,True,True,True,Good,0.32,brew,N/A,AMD ROCm,AWS,48.1
R01069,multi-rl,startup-21,Reinforcement Learning,Multi-Agent Systems,niche,193,61,9,4,19,4,53,1,16,Python,C++|Swift|Kotlin,PyTorch,GPL-3.0,2023-03-28,2024-03-31,369,False,787,8,4,161.6,607,True,False,False,False,False,True,True,False,False,False,Good,0.705,conda,3.11+,AMD ROCm,Multi-cloud,21.7
R01070,lite-serve,01-ai,Audio & Speech,Music Generation,viral,80429,9434,6126,697,2192,131,3469,411,5134,C++,Python|Java|C,Keras,MIT,2022-10-30,2024-04-12,530,False,568301,60449,5,185.1,897,True,True,True,True,True,True,False,False,False,False,Poor,0.875,cargo,N/A,Multi-GPU,Hugging Face,71.3
R01071,poly-data,indie-dev-24,Computer Vision,Image Segmentation,niche,500,151,27,7,32,0,0,4,87,Go,Kotlin|C++|Swift,TensorFlow,Apache-2.0,2023-09-15,2024-03-25,192,False,1259,157,2,116.9,1155,False,True,True,False,False,False,False,True,False,False,Poor,0.674,pip,N/A,CPU+GPU,Modal,21.1
R01072,flex-rl,startup-24,Data Engineering,Data Labeling,popular,11830,797,823,53,766,11,72,123,3501,Go,TypeScript|Java|Lua,PyTorch,BSD-3-Clause,2024-12-19,2025-06-25,188,False,17156,265,1,283.3,2083,True,True,True,True,True,False,False,True,False,False,Missing,0.864,conda,N/A,CPU,Multi-cloud,70.1
R01073,gradbox,startup-1,MLOps & Infrastructure,Experiment Tracking,niche,415,117,21,3,41,1,18,4,34,Python,None,TensorFlow,MIT,2018-06-05,2022-03-23,1387,False,1873,127,27,38.7,432,False,False,True,True,False,False,False,False,False,False,Excellent,0.663,source-only,3.8+,CPU+GPU,Azure,35.5
R01074,model-py,startup-1,MLOps & Infrastructure,AutoML,niche,309,107,15,1,11,0,0,2,46,TypeScript,Go|Julia|Swift,TensorFlow,BSD-3-Clause,2020-11-06,2024-04-07,1248,False,5073,602,9,222.7,290,True,True,False,False,False,False,False,False,True,False,Average,0.73,cargo,N/A,Multi-GPU,Modal,36.7
R01075,EODUK,startup-20,Data Engineering,Data Labeling,moderate,828,182,11,1,5,2,55,1,16,Python,Lua|C,MLX,BSD-3-Clause,2024-08-08,2025-10-15,433,True,4360,608,9,11.0,569,False,True,False,False,False,False,False,False,True,False,Good,0.717,brew,3.12+,CUDA GPU,Replicate,41.8
R01076,vision-craft,indie-dev-60,Natural Language Processing,Text Generation,niche,179,9,7,1,7,4,97,3,22,Python,Mojo|Zig|Lua,ONNX,MIT,2017-08-29,2023-04-23,2063,False,79,17,22,134.9,1072,True,False,False,True,False,True,False,True,False,False,Good,0.772,pip+conda,3.9+,TPU,Hugging Face,44.4
R01077,meta-net-js,research-lab-5,AI Safety & Interpretability,Adversarial Robustness,niche,171,19,4,1,8,3,29,1,23,Python,None,PyTorch,Apache-2.0,2016-03-22,2024-01-13,2853,False,250,24,9,81.6,125,False,True,False,False,False,False,False,False,False,False,Average,0.489,source-only,3.10+,TPU,Modal,26.1
R01078,VPK,startup-24,Data Engineering,Dataset Management,popular,10503,602,289,177,1759,33,868,42,423,Python,Julia,ONNX,Apache-2.0,2021-03-11,2021-09-04,177,False,57912,3816,0,141.4,69,False,True,False,True,True,False,True,False,True,False,Average,0.661,pip,3.10+,CUDA GPU,AWS,53.3
R01079,prunebox,research-lab-9,MLOps & Infrastructure,AutoML,moderate,1226,88,25,15,224,1,10,4,100,Python,None,JAX,MIT,2016-10-03,2018-07-03,638,False,3852,167,5,86.5,1594,True,True,False,False,True,False,False,True,True,True,Missing,0.503,source-only,3.11+,CUDA GPU,Multi-cloud,36.0
R01080,safe-rs,research-lab-31,Audio & Speech,Speaker Diarization,new,20,6,0,3,22,2,41,1,19,Rust,Lua|Python|Go,PyTorch,MIT,2022-12-21,2024-11-27,707,False,12,17,9,89.6,4064,True,True,False,False,False,False,False,True,True,False,Missing,0.841,pip,N/A,CUDA GPU,AWS,35.7
R01081,modelbase,ollama,Reinforcement Learning,Game AI,niche,385,116,4,4,29,1,14,3,22,Python,None,TensorFlow,MIT,2019-09-09,2023-03-28,1296,False,2807,266,18,260.3,390,True,True,False,True,False,False,False,False,True,False,Average,0.934,source-only,3.11+,CPU,AWS,53.4
R01082,serve-kit70,indie-dev-33,MLOps & Infrastructure,Experiment Tracking,moderate,1938,296,138,61,345,3,31,9,91,Python,Go|R,PyTorch,MIT,2019-05-01,2022-09-24,1242,False,6599,162,18,244.8,113,True,False,False,True,True,False,False,True,False,False,Average,0.864,cargo,3.10+,CPU+GPU,Multi-cloud,46.8
R01083,quant-flow,startup-5,MLOps & Infrastructure,GPU Management,niche,254,58,2,2,22,1,6,1,27,Python,None,PyTorch,Apache-2.0,2021-09-26,2022-03-01,156,False,341,20,1,308.7,148,False,False,False,True,False,False,True,False,False,False,Good,0.678,npm,3.9+,Multi-GPU,AWS,20.5
R01084,LKVA,indie-dev-57,Data Engineering,Data Labeling,niche,382,28,19,3,36,1,9,2,29,Python,None,MLX,MIT,2023-09-03,2025-06-14,650,False,531,31,11,177.7,163,False,False,False,True,True,False,False,True,True,False,Good,0.969,pip+conda,3.8+,CUDA GPU,Azure,28.4
R01085,net-craft95,01-ai,Computer Vision,Medical Imaging,niche,267,20,16,1,4,1,6,4,77,TypeScript,None,PyTorch,LGPL-3.0,2021-06-25,2023-09-06,803,False,597,89,24,62.1,272,True,True,True,False,True,True,False,False,False,False,Good,0.572,npm,N/A,Apple Silicon,Modal,43.9
R01086,KPXRR57,bigscience-workshop,Large Language Models,Agents & Tool Use,popular,11652,2491,687,211,567,52,361,47,1163,Python,C|Lua|Zig,None/Custom,Proprietary,2015-09-12,2020-04-07,1669,False,33430,3824,23,154.7,123,False,True,False,True,False,True,False,True,False,True,Poor,0.858,pip,3.11+,TPU,Replicate,67.0
R01087,meta-bench,THUDM,Reinforcement Learning,Environments & Simulators,new,19,5,0,10,44,1,12,2,20,Python,Swift|Lua|Julia,TensorFlow,Apache-2.0,2022-10-16,2024-04-24,556,False,98,34,11,101.9,2445,True,True,False,False,False,True,False,False,True,False,Excellent,0.324,brew,3.12+,AMD ROCm,Azure,36.6
R01088,EMQB,indie-dev-71,Graph & Geometric ML,Knowledge Graphs,new,23,4,0,12,44,5,75,1,18,C++,None,None/Custom,MIT,2023-12-08,2024-06-05,180,False,33,28,2,113.4,1610,True,True,False,True,False,False,False,False,False,False,Average,0.892,pip+conda,N/A,CPU,Replicate,39.5
R01089,simple-diff-studio,indie-dev-59,Computer Vision,Image Generation,new,23,1,1,6,35,0,0,1,17,Java,None,CUDA,MIT,2021-07-14,2024-07-20,1102,False,23,43,39,250.0,776,True,False,False,True,False,False,True,False,False,False,Good,0.721,brew,N/A,CPU,AWS,43.7
R01090,simple-llm,research-lab-35,Generative AI,Creative AI,new,23,4,1,3,30,2,33,3,16,Python,C++|Lua|Rust,TensorFlow,MIT,2019-06-28,2025-01-07,2020,False,65,18,45,163.3,2237,True,True,False,True,False,False,False,False,True,True,Excellent,0.24,pip,3.8+,CPU,AWS,54.4
R01091,multi-merge,indie-dev-67,Natural Language Processing,Sentiment Analysis,niche,326,84,15,5,16,1,17,1,22,Python,None,PyTorch,MIT,2021-03-24,2025-06-10,1539,False,99,22,13,96.4,1865,False,False,True,False,False,False,False,True,True,False,Average,0.705,brew,3.10+,TPU,None,18.1
R01092,embedpulse,indie-dev-48,MLOps & Infrastructure,GPU Management,niche,223,24,12,7,56,1,13,1,24,Java,None,None/Custom,MIT,2018-08-09,2025-05-11,2467,False,849,59,17,173.1,31,False,True,False,False,False,False,False,True,True,False,Excellent,0.735,cargo,N/A,CPU+GPU,Modal,32.2
R01093,fast-token-x,indie-dev-57,MLOps & Infrastructure,Data Versioning,moderate,1276,110,54,12,92,1,11,7,44,TypeScript,None,None/Custom,AGPL-3.0,2023-10-04,2025-07-22,657,True,1870,32,11,32.6,2001,True,False,False,False,False,True,False,True,False,False,Good,0.224,conda,N/A,TPU,Modal,45.3
R01094,pro-gpt-studio,research-lab-17,Generative AI,VAEs,niche,258,46,9,5,34,1,15,19,278,Python,Scala|Mojo,PyTorch,MIT,2023-02-11,2024-04-16,430,False,1471,108,5,55.4,1103,False,False,False,True,False,False,False,True,True,False,Average,0.765,docker-only,3.9+,CUDA GPU,Hugging Face,24.9
R01095,gradhub13,research-lab-37,Computer Vision,Image Segmentation,new,31,7,2,11,81,5,51,1,15,Java,None,PyTorch,BSD-3-Clause,2015-08-21,2023-07-31,2901,False,814,44,26,196.6,1008,False,False,False,False,False,False,True,True,False,True,Average,0.282,brew,N/A,CPU,Multi-cloud,24.0
R01096,cross-rl-ai,bigscience-workshop,Natural Language Processing,Machine Translation,niche,152,12,9,0,0,2,26,2,24,Python,None,Triton,BSD-3-Clause,2022-05-13,2024-10-16,887,False,710,68,6,188.5,6541,True,True,False,False,True,False,False,False,False,False,Excellent,0.936,conda,3.9+,AMD ROCm,None,25.0
R01097,agentwave,indie-dev-54,Generative AI,VAEs,niche,191,38,8,1,12,0,0,1,16,Python,C++|Swift,None/Custom,Proprietary,2018-06-03,2022-11-02,1613,False,850,49,81,142.9,325,False,False,False,True,False,False,False,False,False,False,Excellent,0.84,pip+conda,3.9+,CPU+GPU,Modal,34.7
R01098,TOSRQ60,indie-dev-15,AI Safety & Interpretability,Adversarial Robustness,niche,204,11,10,2,12,0,0,1,14,Python,None,None/Custom,Proprietary,2018-02-15,2021-11-25,1379,False,503,61,3,226.5,477,True,True,False,False,True,False,False,False,False,False,Excellent,0.723,pip+conda,3.12+,Apple Silicon,Azure,31.3
R01099,cross-grad27,startup-49,Reinforcement Learning,Environments & Simulators,niche,367,92,10,7,38,1,18,2,26,Rust,Mojo|C,PyTorch,MIT,2017-10-17,2023-08-30,2143,False,1145,73,24,90.2,626,False,True,False,True,True,False,False,True,False,True,Excellent,0.796,pip,N/A,CUDA GPU,Modal,44.4
R01100,multi-eval,indie-dev-4,Audio & Speech,Voice Cloning,niche,320,20,6,0,0,1,5,1,10,Java,None,PyTorch,MIT,2020-10-24,2021-01-23,91,False,2575,362,1,265.2,1473,False,True,False,True,True,False,False,True,False,False,Average,0.824,conda,N/A,TPU,Together AI,21.5
R01101,servejs,startup-43,Reinforcement Learning,Environments & Simulators,niche,118,27,7,0,0,3,25,1,10,Python,TypeScript,ONNX,MIT,2024-10-21,2025-05-19,210,False,226,13,2,116.4,198,False,True,False,False,False,False,True,True,True,False,Good,0.802,source-only,3.12+,AMD ROCm,Together AI,11.8
R01102,promptrs,indie-dev-23,Audio & Speech,Audio Classification,niche,318,87,15,3,6,0,0,1,13,Python,None,PyTorch,LGPL-3.0,2022-12-12,2024-09-09,637,False,1279,146,3,248.6,372,False,True,True,False,False,False,False,True,True,False,Poor,0.803,pip+conda,3.10+,AMD ROCm,Together AI,19.7
R01103,hyper-rl-stack,indie-dev-13,Large Language Models,Agents & Tool Use,moderate,841,220,59,23,76,1,7,2,33,Python,R,PyTorch,BSD-3-Clause,2020-01-14,2020-07-09,177,False,10140,1297,1,95.1,115,False,True,False,False,False,False,False,False,False,False,Good,0.516,pip+conda,3.12+,TPU,None,20.3
R01104,guard-base,salesforce-research,Generative AI,3D Generation,niche,256,58,19,2,28,1,10,1,19,Python,Lua|Kotlin,CUDA,BSD-3-Clause,2019-10-17,2023-08-31,1414,False,336,38,24,121.7,1409,True,True,False,False,False,False,False,False,True,False,Average,0.81,docker-only,3.9+,CPU+GPU,Hugging Face,44.9
R01105,simple-tensor-forge,ollama,Data Engineering,Data Augmentation,moderate,2018,599,81,24,98,0,0,10,51,Julia,None,TensorFlow,GPL-3.0,2022-04-17,2023-02-05,294,False,1498,214,8,368.9,840,False,True,False,True,False,False,False,False,False,False,Average,0.767,npm,N/A,CPU+GPU,Azure,39.1
R01106,ZOAJ,databricks,Large Language Models,Prompt Engineering,niche,500,54,29,3,16,2,26,3,51,R,Go|Java,JAX,BSD-3-Clause,2023-07-24,2025-09-05,774,True,3832,475,9,56.8,923,False,True,False,False,False,False,True,True,False,False,Average,0.775,source-only,N/A,CPU,Replicate,41.5
R01107,flash-safe-rs,startup-35,Generative AI,3D Generation,viral,59639,10891,4311,552,3451,172,2691,255,7780,Python,C|R,TinyGrad,MIT,2023-10-28,2024-11-12,381,False,132685,15997,5,357.4,490,True,True,True,True,True,False,False,True,False,False,Average,0.587,pip,3.11+,Multi-GPU,AWS,72.4
R01108,servers,indie-dev-20,Graph & Geometric ML,Point Cloud Processing,new,20,2,1,8,84,1,17,1,10,Python,Rust|R,JAX,Apache-2.0,2021-07-14,2024-12-09,1244,False,20,3,9,200.3,289,True,False,True,False,False,False,False,True,False,False,Poor,0.212,cargo,3.9+,TPU,Multi-cloud,26.0
R01109,smart-gen-wave,startup-48,Natural Language Processing,Text Summarization,popular,7656,1168,558,112,701,8,174,19,120,TypeScript,R|Python|Rust,TensorFlow,MIT,2024-12-14,2025-10-15,305,True,6925,583,2,10.4,637,True,True,True,True,True,False,True,True,False,True,Good,0.678,source-only,N/A,TPU,Replicate,72.3
R01110,OWSV,indie-dev-66,Reinforcement Learning,Multi-Agent Systems,popular,6660,479,445,90,1226,20,244,108,668,Python,Rust|Java,PyTorch,GPL-3.0,2018-10-27,2025-04-10,2357,False,54316,1014,42,135.7,546,True,True,True,True,True,True,True,False,False,False,Average,0.509,npm,3.10+,AMD ROCm,Hugging Face,77.6
R01111,token-kit,startup-48,Natural Language Processing,Embeddings,new,12,3,0,5,69,0,0,4,43,Python,Scala,ONNX,MIT,2022-07-02,2025-07-20,1114,True,24,19,4,115.2,1347,False,True,True,True,True,False,True,False,True,False,Average,0.649,cargo,3.11+,Apple Silicon,AWS,47.7
R01112,YREJB,research-lab-34,MLOps & Infrastructure,Model Monitoring,new,12,2,0,5,19,5,83,1,10,C,None,None/Custom,MIT,2024-08-16,2025-01-16,153,False,218,23,4,165.3,348,False,True,False,False,False,False,False,False,False,False,Excellent,0.264,conda,N/A,CPU+GPU,Together AI,21.0
R01113,turbo-serve,research-lab-6,Audio & Speech,Audio Classification,new,48,9,1,1,2,5,87,1,10,Python,None,TensorFlow,Proprietary,2018-07-22,2025-03-04,2417,False,163,13,45,279.6,236,True,False,False,False,False,False,True,False,True,False,Excellent,0.814,cargo,3.10+,CPU+GPU,None,31.9
R01114,LPCGG,indie-dev-50,Graph & Geometric ML,Geometric Deep Learning,niche,136,31,10,1,5,3,61,3,41,Python,Swift,PyTorch,Unlicense,2022-10-05,2023-10-30,390,False,657,48,13,281.4,496,True,True,True,True,True,False,False,True,True,True,Average,1.0,pip,3.12+,Apple Silicon,Azure,48.7
R01115,TBRRU,tensorflow,Generative AI,Creative AI,moderate,3000,565,46,131,578,10,223,45,369,C++,TypeScript|Go,PyTorch,GPL-3.0,2021-06-27,2023-09-12,807,False,7519,778,7,140.4,433,False,False,True,True,False,False,False,False,False,False,Good,0.643,cargo,N/A,CUDA GPU,Replicate,33.9
R01116,next-audio-base11,research-lab-36,Natural Language Processing,Named Entity Recognition,popular,12899,934,356,263,1120,19,329,98,1011,Python,Zig|Mojo|Swift,PyTorch,Apache-2.0,2021-02-22,2024-05-20,1183,False,113004,10640,24,326.0,490,True,True,False,True,True,False,True,False,True,False,Excellent,0.816,docker-only,3.8+,TPU,Together AI,82.9
R01117,tunestudio,indie-dev-56,Natural Language Processing,Embeddings,moderate,1045,111,44,19,271,0,0,1,21,Python,None,TensorFlow,MIT,2018-11-21,2020-09-09,658,False,1748,84,16,312.3,391,False,False,True,True,False,False,False,False,True,False,Poor,0.898,source-only,3.8+,Multi-GPU,Modal,33.5
R01118,ultra-diff,startup-40,Graph & Geometric ML,Molecular ML,new,23,1,0,1,3,3,80,1,10,Python,Java,JAX,MIT,2023-08-27,2024-04-23,240,False,129,18,1,191.2,489,False,False,False,True,False,False,True,False,True,False,Excellent,0.383,pip,3.10+,CPU,AWS,18.4
R01119,CIUB,nomic-ai,Generative AI,3D Generation,niche,212,13,2,0,0,2,36,3,94,Python,Zig,None/Custom,Apache-2.0,2017-10-19,2019-12-05,777,False,726,104,7,153.8,240,False,True,True,False,False,False,False,False,True,False,Average,0.544,brew,3.12+,CPU+GPU,Azure,16.0
R01120,distill-forge,eleutherai,Generative AI,Creative AI,new,24,3,1,10,44,5,52,2,81,Python,Go,ONNX,MIT,2022-09-10,2024-11-13,795,False,197,12,7,133.0,3271,False,True,True,True,False,False,False,True,False,False,Good,0.61,cargo,3.11+,Multi-GPU,Replicate,33.6
R01121,GEHRA,research-lab-37,Natural Language Processing,Question Answering,niche,234,69,13,2,29,0,0,1,11,Python,Kotlin|Mojo,MLX,MIT,2017-08-22,2022-05-02,1714,False,1853,218,14,130.0,1360,True,True,False,True,False,False,True,True,True,False,Poor,0.857,brew,3.11+,AMD ROCm,Replicate,50.4
R01122,auto-agent,indie-dev-17,Audio & Speech,Voice Cloning,new,19,5,0,3,15,0,0,1,10,TypeScript,Java,TensorFlow,Apache-2.0,2015-01-20,2020-11-19,2130,False,174,11,17,139.0,1660,False,False,False,False,True,False,True,True,False,False,Poor,0.912,conda,N/A,CPU,Together AI,21.2
R01123,MXX,indie-dev-27,Natural Language Processing,Text Summarization,popular,5870,1963,294,61,857,20,132,79,1205,Python,TypeScript|Lua,TensorFlow,Proprietary,2018-10-23,2021-11-30,1134,False,22186,1321,3,105.9,303,True,True,False,False,False,False,True,True,True,True,Good,0.901,source-only,3.10+,CPU+GPU,None,51.2
R01124,dyna-diff-studio,stability-ai,Data Engineering,Data Cleaning,niche,238,83,15,4,9,0,0,1,10,Zig,None,PyTorch,Proprietary,2015-02-06,2017-10-08,975,False,923,38,14,243.6,324,False,True,False,True,False,False,False,False,True,True,Excellent,0.676,brew,N/A,CPU+GPU,Multi-cloud,38.0
R01125,VZBS42,startup-22,AI Safety & Interpretability,Explainability,niche,331,99,21,2,8,1,22,1,33,Python,None,ONNX,MIT,2021-07-26,2022-09-25,426,False,3151,67,3,179.1,1313,False,False,True,True,True,False,False,False,False,False,Good,0.671,docker-only,3.12+,CPU+GPU,Together AI,21.0
R01126,ultra-merge-core,research-lab-36,Natural Language Processing,Text Generation,niche,287,76,10,2,10,1,11,1,10,Go,None,PyTorch,BSD-3-Clause,2019-09-17,2021-09-23,737,False,743,7,12,212.4,1648,True,False,False,True,False,True,False,True,False,False,Poor,0.723,brew,N/A,Multi-GPU,Hugging Face,38.0
R01127,hyper-prune-ai2,startup-10,Computer Vision,3D Vision,niche,500,159,13,7,69,2,20,1,12,C++,Julia|Swift,JAX,AGPL-3.0,2024-12-20,2025-02-22,64,False,5080,305,0,237.8,1922,False,True,True,True,True,False,False,True,True,False,Average,0.791,brew,N/A,AMD ROCm,GCP,30.2
R01128,fast-text,indie-dev-59,AI Safety & Interpretability,Explainability,new,25,3,1,4,13,5,143,1,30,C++,Java|Swift|Kotlin,Triton,BSD-3-Clause,2021-03-28,2021-11-24,241,False,12,15,1,190.4,180,True,True,False,False,False,False,True,False,True,False,Poor,0.637,cargo,N/A,CPU+GPU,Hugging Face,28.5
R01129,poly-infer-box,indie-dev-63,MLOps & Infrastructure,Data Versioning,new,26,4,1,15,221,5,62,1,11,Python,Scala|C,PyTorch,MIT,2016-11-23,2024-07-16,2792,False,113,15,28,128.7,501,False,True,False,True,False,False,True,True,False,True,Average,0.328,brew,3.12+,CPU,AWS,44.5
R01130,ICXAP,aws,Graph & Geometric ML,Graph Neural Networks,niche,246,70,10,5,30,1,25,4,17,Python,None,PyTorch,Apache-2.0,2019-09-03,2021-02-02,518,False,125,6,12,225.0,83,False,False,False,False,False,False,False,False,True,False,Poor,0.73,source-only,3.9+,TPU,Azure,18.5
R01131,quant-spark,research-lab-3,AI Safety & Interpretability,Adversarial Robustness,niche,270,88,3,2,7,0,0,2,23,Python,C|C++|R,PyTorch,MIT,2022-07-26,2025-06-04,1044,False,1196,135,15,287.6,411,True,True,True,False,False,False,False,True,True,False,Missing,0.626,pip+conda,3.12+,CPU,Replicate,39.8
R01132,bertkit,indie-dev-32,Generative AI,3D Generation,niche,500,162,25,8,79,0,0,1,40,Python,None,Keras,GPL-3.0,2023-01-23,2025-07-04,893,False,432,52,5,218.8,66,True,True,False,False,False,True,True,False,False,False,Missing,0.778,pip,3.8+,TPU,Modal,33.9
R01133,omni-tensor,startup-18,AI Safety & Interpretability,Guardrails,niche,456,149,21,4,32,1,26,1,15,C++,None,TensorFlow,BSD-3-Clause,2015-09-06,2021-09-05,2191,False,6340,326,19,361.0,749,False,False,False,True,True,False,False,False,False,False,Average,0.582,docker-only,N/A,Apple Silicon,Azure,34.2
R01134,quantjs,startup-41,Generative AI,3D Generation,niche,185,21,10,4,40,4,82,1,15,Python,Zig|Julia,ONNX,MIT,2019-08-04,2021-08-23,750,False,1737,53,13,55.4,1865,True,True,True,False,False,False,False,False,False,False,Average,0.319,source-only,3.11+,TPU,AWS,39.3
R01135,poly-train-kit8,together-ai,Large Language Models,Evaluation & Benchmarks,popular,7194,2474,131,58,479,12,94,31,624,Python,Kotlin|R|Julia,PyTorch,Proprietary,2019-06-15,2022-01-24,954,False,8039,305,7,160.9,772,True,True,True,True,False,True,False,False,False,False,Excellent,0.914,source-only,3.9+,TPU,GCP,61.7
R01136,pruneforge,indie-dev-9,Large Language Models,Inference Engines,niche,218,66,3,4,51,0,0,1,14,TypeScript,Java,None/Custom,MIT,2020-03-19,2024-10-11,1667,False,183,21,27,367.3,443,False,False,False,True,False,False,False,True,False,False,Poor,0.792,npm,N/A,CUDA GPU,Modal,34.8
R01137,netpy,lm-sys,Reinforcement Learning,Robotics Control,viral,36096,6493,1595,214,1614,114,1097,332,4909,C++,Go|Swift|TypeScript,MLX,LGPL-3.0,2020-12-22,2023-01-17,756,False,414894,16122,6,117.2,1969,True,True,True,True,True,True,True,True,False,False,Average,0.964,pip,N/A,CPU,Together AI,73.3
R01138,EUGI,startup-10,Natural Language Processing,Named Entity Recognition,niche,346,117,15,2,7,1,8,1,26,Python,R,PyTorch,GPL-3.0,2019-12-31,2020-03-15,75,False,1803,264,0,73.8,65,False,True,False,True,False,False,True,False,False,False,Excellent,0.981,brew,3.9+,TPU,GCP,28.6
R01139,ZWUUL,indie-dev-47,Computer Vision,Image Classification,moderate,3000,213,100,33,479,6,146,7,75,Python,R|Kotlin|Julia,TensorFlow,BSD-3-Clause,2021-05-29,2025-03-08,1379,False,6445,775,24,178.3,240,True,False,False,True,False,False,False,False,False,False,Excellent,0.716,brew,3.9+,CUDA GPU,Multi-cloud,51.1
R01140,QQLT,startup-5,MLOps & Infrastructure,Pipeline Orchestration,niche,483,82,27,5,49,2,26,1,35,Zig,Python|TypeScript|C,TensorFlow,Proprietary,2016-06-27,2022-06-21,2185,False,3045,184,13,296.9,1047,True,False,False,False,False,True,False,True,True,False,Average,0.74,pip+conda,N/A,CPU+GPU,Hugging Face,29.9
R01141,poly-text-spark,indie-dev-24,Natural Language Processing,Machine Translation,niche,359,71,21,5,31,0,0,4,43,Python,None,None/Custom,Apache-2.0,2015-02-17,2019-08-27,1652,False,240,13,14,274.5,16945,False,False,False,False,False,False,False,False,False,False,Average,0.911,source-only,3.9+,CUDA GPU,GCP,20.2
R01142,mini-distill,indie-dev-19,Audio & Speech,Text-to-Speech,new,50,3,1,12,174,1,29,1,13,Python,Zig|Kotlin|Go,MLX,Apache-2.0,2016-08-23,2021-12-28,1953,False,11,13,36,134.3,3266,False,False,True,False,False,False,False,True,False,False,Average,0.334,pip+conda,3.10+,TPU,Hugging Face,24.6
R01143,audio-base,indie-dev-65,Natural Language Processing,RAG Frameworks,viral,74561,18168,2646,746,7617,92,1135,301,7828,Python,None,PyTorch,BSD-3-Clause,2017-06-08,2017-11-13,158,False,173482,25496,0,94.3,1714,True,True,False,True,True,False,False,True,False,False,Good,0.719,npm,3.9+,Multi-GPU,Multi-cloud,69.1
R01144,next-prune-core,pinecone-io,Reinforcement Learning,Policy Optimization,niche,192,11,14,2,19,3,25,3,76,C++,Scala,PyTorch,GPL-3.0,2021-09-17,2022-02-27,163,False,821,48,0,161.3,100,True,True,False,False,True,False,False,False,False,False,Average,0.787,cargo,N/A,CPU+GPU,Modal,29.7
R01145,TLUI,indie-dev-50,Computer Vision,Image Classification,popular,7649,1067,81,31,145,32,736,80,2956,TypeScript,None,PyTorch,MIT,2023-12-01,2024-02-28,89,False,16499,1289,0,193.6,268,True,True,False,True,False,True,False,True,True,False,Poor,0.762,docker-only,N/A,Multi-GPU,Replicate,61.5
R01146,diffjs,startup-22,Reinforcement Learning,Environments & Simulators,moderate,3000,429,232,18,129,5,99,87,850,R,Zig|Swift,MLX,BSD-3-Clause,2017-05-24,2025-03-13,2850,False,19434,605,18,132.8,340,False,False,False,False,False,False,False,True,False,False,Good,0.647,docker-only,N/A,CPU+GPU,Modal,37.0
R01147,QHOIH34,research-lab-15,Audio & Speech,Speech Recognition,moderate,1680,285,73,40,244,16,412,2,36,Python,None,JAX,Apache-2.0,2024-03-10,2025-05-26,442,False,693,98,2,220.0,3021,False,True,True,False,False,False,False,True,False,False,Good,0.859,cargo,3.10+,CUDA GPU,Hugging Face,23.7
R01148,quick-tune-wave,intel-analytics,Audio & Speech,Text-to-Speech,new,15,3,1,11,151,3,71,1,10,Python,C++|Rust,JAX,MIT,2017-02-03,2018-04-27,448,False,202,27,1,48.3,755,True,True,False,True,True,False,False,True,False,False,Good,0.64,conda,3.12+,Multi-GPU,GCP,40.2
R01149,textlib,startup-27,Large Language Models,Fine-tuning Tools,popular,3000,819,52,70,451,5,144,41,483,Lua,Mojo|Scala|Java,None/Custom,Custom,2018-10-16,2019-05-15,211,False,12962,550,2,219.9,762,True,True,True,False,True,False,False,True,False,True,Average,0.721,cargo,N/A,CUDA GPU,Multi-cloud,40.3
R01150,super-rl-flow,prefecthq,Data Engineering,Data Labeling,niche,355,65,11,4,39,0,0,1,41,Python,Zig,Flax,MIT,2024-02-20,2024-11-04,258,False,1206,177,1,204.7,250,True,False,True,False,True,False,True,True,True,False,Good,0.61,source-only,3.8+,AMD ROCm,Together AI,20.6
R01151,flash-text,research-lab-15,Graph & Geometric ML,Point Cloud Processing,new,9,1,0,3,12,1,19,1,41,C,None,None/Custom,MIT,2021-05-16,2025-10-10,1608,True,4,22,17,66.0,176,True,False,False,False,False,False,False,False,True,False,Average,0.356,brew,N/A,CPU,AWS,45.9
R01152,UJT,startup-37,Large Language Models,Multimodal Models,moderate,2941,968,198,15,194,6,178,6,111,Python,None,Triton,GPL-3.0,2017-04-15,2025-04-19,2926,False,4226,463,52,58.1,1836,False,False,False,True,False,False,True,True,True,False,Good,0.721,cargo,3.8+,CUDA GPU,None,40.8
R01153,FEBS,research-lab-30,Reinforcement Learning,Game AI,new,16,1,1,6,68,3,73,1,26,Java,Swift|Julia,JAX,Apache-2.0,2015-08-02,2024-12-08,3416,False,40,9,64,226.4,3493,False,True,True,True,True,False,False,True,False,False,Excellent,0.698,cargo,N/A,CPU,AWS,44.3
R01154,smart-search63,intel-analytics,Computer Vision,Image Generation,viral,69245,9322,3301,599,5548,268,1358,266,14712,Python,None,PyTorch,MIT,2016-04-27,2022-08-14,2300,False,79809,8504,8,140.6,392,True,True,False,True,False,False,False,False,True,True,Good,0.501,brew,3.12+,AMD ROCm,Azure,75.0
R01155,smart-infer,startup-22,MLOps & Infrastructure,Model Serving,new,23,1,1,10,59,4,116,6,103,Python,None,JAX,GPL-3.0,2018-03-11,2025-09-14,2744,True,132,19,32,6.6,1718,False,True,True,False,False,True,False,False,True,False,Excellent,0.414,conda,3.8+,CUDA GPU,Azure,49.2
R01156,flex-graph,indie-dev-72,Data Engineering,Data Labeling,moderate,1027,157,64,7,104,2,57,3,47,TypeScript,None,Triton,CC-BY-4.0,2016-05-16,2020-12-29,1688,False,3673,152,28,79.1,87,False,True,False,False,False,False,False,False,False,True,Excellent,0.689,cargo,N/A,CPU+GPU,None,36.7
R01157,micro-diff-studio4,research-lab-11,Data Engineering,Data Labeling,niche,366,69,26,0,0,0,0,1,26,Go,None,PyTorch,Unlicense,2022-08-17,2024-07-27,710,False,9231,820,8,180.8,218,False,True,False,False,False,False,False,False,True,False,Good,0.692,docker-only,N/A,CUDA GPU,GCP,16.8
R01158,super-lab-spark,research-lab-18,Natural Language Processing,Question Answering,new,29,3,0,14,119,3,81,2,44,Python,None,ONNX,GPL-3.0,2019-01-10,2024-03-14,1890,False,109,7,28,153.7,1574,True,True,False,True,False,True,True,True,False,False,Excellent,0.338,conda,3.11+,Multi-GPU,Modal,54.2
R01159,multi-prompt-stack,meta-llama,Audio & Speech,Voice Cloning,new,18,1,0,12,47,1,18,2,30,Rust,C++|Mojo,None/Custom,Apache-2.0,2016-07-05,2025-05-13,3234,False,112,15,52,208.1,2022,False,True,False,False,False,False,False,False,False,False,Average,0.307,pip+conda,N/A,CPU+GPU,Modal,33.2
R01160,flash-serve-base96,indie-dev-15,AI Safety & Interpretability,Watermarking,niche,257,89,15,7,79,1,18,1,12,Python,TypeScript|Go,PyTorch,Proprietary,2015-07-03,2017-05-10,677,False,272,14,5,247.6,444,True,True,False,True,False,False,False,True,True,False,Poor,0.898,pip+conda,3.12+,Apple Silicon,GCP,43.6
R01161,flowhub,indie-dev-26,Audio & Speech,Speech Recognition,niche,500,132,5,10,117,1,25,1,10,Python,Go|Java|Mojo,None/Custom,MIT,2023-09-01,2024-03-02,183,False,5053,242,1,257.7,161,True,True,False,True,False,False,False,False,True,True,Average,0.8,conda,3.8+,CPU,Azure,41.1
R01162,IXHX,research-lab-38,Computer Vision,OCR,niche,447,152,26,8,31,0,0,1,18,Python,Zig|Swift|C,PyTorch,BSD-3-Clause,2022-03-09,2022-09-08,183,False,2976,170,1,169.2,4458,False,True,False,False,False,False,False,False,True,False,Excellent,0.732,npm,3.11+,CPU,Multi-cloud,19.7
R01163,ultra-quant,startup-41,Graph & Geometric ML,Geometric Deep Learning,new,50,12,1,2,13,4,30,1,20,Python,Zig,None/Custom,Apache-2.0,2022-08-23,2025-08-15,1088,True,111,5,15,37.3,265,False,True,False,False,False,False,False,False,False,False,Good,0.537,npm,3.10+,Apple Silicon,Replicate,45.1
R01164,doc-stack,eleutherai,Generative AI,Code Generation,niche,459,90,27,5,30,0,0,2,22,TypeScript,C++|Java|Julia,PyTorch,MIT,2017-03-11,2025-09-02,3097,True,5964,461,39,17.7,98,False,True,True,False,False,False,False,False,True,False,Good,0.54,cargo,N/A,Apple Silicon,Together AI,49.7
R01165,QPF,indie-dev-52,Natural Language Processing,Question Answering,new,48,3,1,13,141,3,24,2,12,C,None,JAX,Apache-2.0,2019-06-13,2024-10-30,1966,False,122,13,8,211.1,586,False,True,False,False,False,False,True,False,True,True,Poor,0.567,pip+conda,N/A,CUDA GPU,Together AI,25.5
R01166,pro-pipe-hub,salesforce-research,Audio & Speech,Speaker Diarization,niche,318,72,8,2,4,1,11,1,29,Python,None,TensorFlow,MIT,2019-06-11,2020-12-17,555,False,990,38,3,84.0,1284,False,True,False,True,True,False,True,True,True,False,Excellent,0.816,pip+conda,3.12+,CPU+GPU,None,29.7
R01167,cross-safe-js,pinecone-io,Reinforcement Learning,Robotics Control,new,49,17,3,15,176,0,0,1,34,Go,None,TensorFlow,MIT,2015-10-11,2022-07-13,2467,False,152,6,11,136.1,9502,True,True,False,False,False,False,False,True,False,False,Average,0.791,cargo,N/A,Apple Silicon,None,37.7
R01168,pro-opt-base,startup-2,Audio & Speech,Speaker Diarization,new,50,10,3,11,89,4,47,1,10,C++,None,None/Custom,Apache-2.0,2021-02-01,2025-02-05,1465,False,590,53,7,72.8,2355,True,False,False,True,False,False,False,True,False,False,Average,0.69,brew,N/A,CUDA GPU,Replicate,34.4
R01169,prune-kit,research-lab-9,AI Safety & Interpretability,Adversarial Robustness,moderate,933,117,12,6,46,2,55,4,56,Scala,C++,PyTorch,MIT,2024-09-23,2024-11-15,53,False,1442,201,0,275.9,387,False,True,True,False,True,False,False,False,False,False,Poor,1.0,cargo,N/A,AMD ROCm,Replicate,21.1
R01170,JOPX,openai,AI Safety & Interpretability,Adversarial Robustness,niche,232,25,5,2,20,0,0,2,28,Python,Kotlin|Rust,PyTorch,Proprietary,2020-02-24,2020-06-06,103,False,617,56,1,121.7,6120,True,False,True,False,False,True,False,False,False,True,Average,0.739,pip+conda,3.12+,CUDA GPU,Together AI,20.5
R01171,merge-box,salesforce-research,Reinforcement Learning,Environments & Simulators,new,15,0,0,6,74,4,48,1,10,Python,None,MLX,BSD-3-Clause,2019-10-14,2022-10-18,1100,False,12,23,12,407.6,74,False,False,False,True,False,False,False,False,True,False,Good,0.601,npm,3.8+,CUDA GPU,Multi-cloud,28.4
R01172,meta-agent-py,startup-27,Audio & Speech,Voice Cloning,new,29,4,1,2,28,0,0,1,10,R,None,CUDA,AGPL-3.0,2023-02-25,2024-01-04,313,False,632,68,1,112.6,789,True,True,True,True,False,False,False,False,False,False,Good,0.879,cargo,N/A,Multi-GPU,Replicate,40.2
R01173,meta-distill-hub,startup-6,Computer Vision,3D Vision,niche,475,79,30,10,49,1,18,3,50,Python,Zig|R|Lua,TensorFlow,Proprietary,2018-10-16,2025-05-15,2403,False,8447,1263,29,221.8,356,True,False,False,False,False,True,False,True,False,False,Good,0.769,brew,3.11+,TPU,Replicate,34.6
R01174,PPLS,startup-21,MLOps & Infrastructure,Model Monitoring,moderate,1184,221,29,12,43,3,27,7,195,Python,None,PyTorch,Apache-2.0,2021-04-08,2023-09-25,900,False,3868,261,6,152.8,284,False,True,False,False,False,True,False,False,True,False,Good,0.568,cargo,3.9+,CUDA GPU,AWS,25.4
R01175,dyna-bert-ml13,phidata-ai,Computer Vision,Image Segmentation,moderate,1126,227,12,5,40,1,19,7,94,Python,Julia,PyTorch,BSD-3-Clause,2021-11-02,2022-07-07,247,False,2011,265,4,217.6,1541,True,True,False,False,False,False,True,True,False,False,Excellent,0.876,brew,3.10+,TPU,AWS,34.8
R01176,flex-opt-craft,indie-dev-63,Computer Vision,Face Recognition,niche,306,34,4,9,100,0,0,3,80,C++,Scala|Mojo,TensorFlow,BSD-3-Clause,2017-07-07,2023-07-18,2202,False,378,39,19,190.5,1203,True,True,True,False,True,False,False,False,False,False,Good,0.814,pip+conda,N/A,Apple Silicon,Modal,44.3
R01177,chat-studio,apache,Graph & Geometric ML,Molecular ML,niche,328,41,25,4,30,0,0,1,13,Python,None,ONNX,MIT,2022-06-15,2024-07-29,775,False,2193,244,12,231.8,151,False,True,True,False,False,False,False,False,False,False,Good,0.891,pip,3.11+,CPU+GPU,Replicate,28.6
R01178,NQRW,research-lab-35,Generative AI,Creative AI,niche,239,12,8,1,12,0,0,2,29,TypeScript,Java|R|Scala,TensorFlow,Proprietary,2021-03-04,2023-08-11,890,False,799,35,8,98.5,208,False,False,False,False,False,False,False,False,False,False,Good,0.733,brew,N/A,Apple Silicon,AWS,15.9
R01179,prompt-py,indie-dev-41,Large Language Models,Alignment & RLHF,new,12,1,0,13,40,2,45,3,27,Rust,None,None/Custom,BSD-3-Clause,2024-06-01,2025-10-15,501,True,37,33,2,34.6,496,True,False,False,True,False,True,False,True,False,False,Average,0.738,brew,N/A,Apple Silicon,None,44.4
R01180,meta-gpt-pulse,anthropic-tools,Large Language Models,Prompt Engineering,niche,500,28,24,3,33,0,0,1,19,Python,R|Rust|C,None/Custom,BSD-3-Clause,2023-09-08,2024-10-15,403,False,931,128,3,251.4,2889,False,False,False,True,False,True,True,True,False,False,Poor,0.683,pip,3.11+,CPU,Hugging Face,22.5
R01181,rl-studio52,modal-labs,Graph & Geometric ML,Knowledge Graphs,new,21,3,0,3,16,1,13,1,10,Python,C|Rust|Lua,MLX,Unlicense,2023-02-03,2024-11-15,651,False,13,1,7,63.2,21,True,True,True,False,False,False,False,True,True,False,Good,0.594,conda,3.10+,CPU,AWS,33.8
R01182,eval-studio,startup-42,Generative AI,GANs,new,30,2,1,13,193,1,20,2,32,Python,Swift|Julia,ONNX,MIT,2020-12-23,2023-08-05,955,False,364,15,14,229.2,229,False,False,False,False,False,False,False,False,False,False,Average,0.323,docker-only,3.11+,AMD ROCm,GCP,20.1
R01183,pro-infer-ml,startup-29,Graph & Geometric ML,Point Cloud Processing,moderate,1505,237,116,28,203,3,32,9,419,Python,R,TensorFlow,MIT,2024-02-24,2024-06-04,101,False,9193,736,2,93.5,1867,False,True,False,True,False,False,False,False,False,False,Good,0.514,pip,3.9+,CUDA GPU,Replicate,34.2
R01184,micro-agent,indie-dev-54,MLOps & Infrastructure,Model Monitoring,niche,291,62,14,3,13,1,22,3,19,Python,None,TensorFlow,GPL-3.0,2024-09-01,2025-09-01,365,True,455,51,2,16.7,422,False,True,False,True,False,False,False,True,False,True,Good,0.744,source-only,3.11+,AMD ROCm,Replicate,45.5
R01185,visionbase,research-lab-34,Computer Vision,Super Resolution,moderate,2651,406,80,76,818,6,74,2,21,Rust,Kotlin|C++|Go,JAX,MIT,2016-05-05,2018-03-21,685,False,27244,532,8,177.0,192,True,True,False,False,False,False,True,False,True,False,Good,0.54,brew,N/A,AMD ROCm,AWS,40.7
R01186,next-prune-ai,pytorch,AI Safety & Interpretability,Guardrails,niche,346,84,25,3,27,0,0,2,19,Rust,None,Keras,Apache-2.0,2023-07-04,2023-09-17,75,False,231,26,1,177.2,739,False,False,True,False,False,False,False,False,True,False,Good,0.778,pip,N/A,CUDA GPU,Multi-cloud,10.6
R01187,quick-vector-core,startup-41,MLOps & Infrastructure,AutoML,viral,44843,13649,2717,468,2708,56,1641,897,15484,C++,Julia|Scala,PyTorch,MIT,2018-09-07,2021-12-16,1196,False,208039,29276,20,234.5,357,True,True,True,True,False,False,False,False,False,False,Average,0.896,pip+conda,N/A,CPU,Modal,83.5
R01188,XTQI,startup-47,Reinforcement Learning,Multi-Agent Systems,niche,193,10,6,1,8,4,80,1,10,C++,None,CUDA,GPL-3.0,2015-06-20,2021-09-22,2286,False,1049,34,46,117.4,705,True,False,False,True,False,True,True,False,True,False,Average,0.506,conda,N/A,CPU,Hugging Face,44.4
R01189,graph-pulse,research-lab-15,Natural Language Processing,Machine Translation,niche,112,16,3,1,6,4,39,1,34,Python,Scala,Keras,MIT,2021-09-15,2025-06-24,1378,False,156,16,10,164.4,35680,True,False,False,True,True,True,False,False,True,False,Poor,0.806,npm,3.8+,CPU+GPU,Modal,36.4
R01190,serve-ai,startup-41,Computer Vision,Image Generation,popular,8035,2498,292,102,1082,10,236,53,1132,Python,Rust|Mojo,PyTorch,MIT,2022-01-16,2025-07-16,1277,False,60216,7061,5,316.1,908,True,True,True,True,False,True,False,False,True,False,Excellent,0.927,cargo,3.8+,Multi-GPU,AWS,64.3
R01191,nano-distill-js,indie-dev-72,AI Safety & Interpretability,Fairness & Bias,niche,199,11,2,2,12,3,34,1,15,Rust,None,JAX,Apache-2.0,2019-01-10,2024-01-30,1846,False,11751,152,7,138.8,984,False,True,False,False,False,False,True,False,False,False,Poor,0.767,npm,N/A,CUDA GPU,Replicate,24.3
R01192,dyna-train-craft,indie-dev-69,Audio & Speech,Speech Recognition,new,20,5,0,11,125,2,57,1,29,C++,None,None/Custom,AGPL-3.0,2018-11-07,2021-01-01,786,False,118,13,14,97.6,355,False,True,False,False,False,False,True,True,False,False,Good,0.623,docker-only,N/A,Apple Silicon,Together AI,29.8
R01193,open-code-stack71,startup-9,Reinforcement Learning,Policy Optimization,moderate,1419,447,82,38,105,2,28,12,89,Julia,None,JAX,MIT,2016-04-16,2024-05-14,2950,False,6195,582,31,82.7,624,True,True,True,True,False,False,False,False,False,False,Average,0.579,cargo,N/A,CPU+GPU,Hugging Face,56.4
R01194,quick-prune-x,startup-13,Natural Language Processing,RAG Frameworks,popular,13838,890,913,108,463,29,173,88,677,C++,Julia|Swift,None/Custom,Apache-2.0,2022-12-25,2023-10-25,304,False,123757,9285,5,224.4,1974,True,True,True,False,True,False,True,True,False,False,Average,0.715,cargo,N/A,CPU+GPU,Modal,60.7
R01195,TBAP,startup-43,Natural Language Processing,Question Answering,popular,12777,2723,731,228,2142,20,240,101,460,Rust,Scala|Lua,None/Custom,Apache-2.0,2018-09-17,2022-11-16,1521,False,7602,206,12,259.4,2664,True,True,False,True,True,False,True,True,False,True,Good,0.62,cargo,N/A,AMD ROCm,Hugging Face,78.0
R01196,next-serve,indie-dev-54,AI Safety & Interpretability,Red Teaming,moderate,1189,108,63,16,130,2,10,5,34,TypeScript,Rust|Zig,PyTorch,AGPL-3.0,2017-12-15,2025-01-13,2586,False,4499,455,117,122.3,4469,True,True,False,True,False,False,False,False,False,False,Excellent,0.458,pip,N/A,Multi-GPU,AWS,56.8
R01197,nano-token-forge,startup-22,Generative AI,GANs,popular,9694,1019,478,236,2262,23,147,80,2859,Python,None,MLX,Apache-2.0,2018-04-01,2022-04-16,1476,False,8654,824,24,454.9,810,True,True,True,False,False,False,True,False,False,False,Missing,0.817,pip+conda,3.11+,CPU+GPU,Together AI,71.4
R01198,rapid-lab,indie-dev-17,Audio & Speech,Speech Recognition,popular,15000,2158,567,178,559,35,451,72,1469,Python,Rust|Julia|Go,PyTorch,MIT,2024-01-05,2025-09-20,624,True,68252,4076,6,11.5,826,False,True,True,True,True,False,True,True,False,False,Excellent,0.665,conda,3.9+,AMD ROCm,Replicate,74.3
R01199,quick-diff,indie-dev-79,Generative AI,Code Generation,niche,174,51,12,1,12,0,0,1,25,Python,Go|Scala|C++,PyTorch,Apache-2.0,2018-12-05,2019-04-14,130,False,315,15,0,195.1,942,True,True,False,True,False,False,False,True,True,False,Good,0.492,npm,3.8+,AMD ROCm,AWS,39.7
R01200,rl-box,CohereForAI,AI Safety & Interpretability,Guardrails,new,24,7,0,6,18,4,87,1,15,Python,None,TensorFlow,MIT,2022-05-06,2022-10-11,158,False,21,48,1,229.6,614,True,True,False,False,False,False,True,True,True,False,Excellent,0.444,pip+conda,3.9+,Apple Silicon,Replicate,28.4
